ARM GAS  /var/folders/0b/4qn_4lxx65nfvy4wf60ckd5w0000gn/T//ccsm00Fs.s 			page 1


   1              		.cpu cortex-m7
   2              		.arch armv7e-m
   3              		.fpu fpv5-d16
   4              		.eabi_attribute 28, 1
   5              		.eabi_attribute 20, 1
   6              		.eabi_attribute 21, 1
   7              		.eabi_attribute 23, 3
   8              		.eabi_attribute 24, 1
   9              		.eabi_attribute 25, 1
  10              		.eabi_attribute 26, 1
  11              		.eabi_attribute 30, 2
  12              		.eabi_attribute 34, 1
  13              		.eabi_attribute 18, 4
  14              		.file	"fonts.c"
  15              		.text
  16              	.Ltext0:
  17              		.cfi_sections	.debug_frame
  18              		.global	Adafruit_TFT_Font_16x26
  19              		.global	Adafruit_TFT_Font_11x18
  20              		.global	Adafruit_TFT_Font_7x10
  21              		.section	.data.Adafruit_TFT_Font_11x18,"aw"
  22              		.align	2
  25              	Adafruit_TFT_Font_11x18:
  26 0000 0B       		.byte	11
  27 0001 12       		.byte	18
  28 0002 0000     		.space	2
  29 0004 00000000 		.word	Font11x18
  30              		.section	.data.Adafruit_TFT_Font_16x26,"aw"
  31              		.align	2
  34              	Adafruit_TFT_Font_16x26:
  35 0000 10       		.byte	16
  36 0001 1A       		.byte	26
  37 0002 0000     		.space	2
  38 0004 00000000 		.word	Font16x26
  39              		.section	.data.Adafruit_TFT_Font_7x10,"aw"
  40              		.align	2
  43              	Adafruit_TFT_Font_7x10:
  44 0000 07       		.byte	7
  45 0001 0A       		.byte	10
  46 0002 0000     		.space	2
  47 0004 00000000 		.word	Font7x10
  48              		.section	.rodata.Font11x18,"a"
  49              		.align	2
  52              	Font11x18:
  53 0000 0000     		.short	0
  54 0002 0000     		.short	0
  55 0004 0000     		.short	0
  56 0006 0000     		.short	0
  57 0008 0000     		.short	0
  58 000a 0000     		.short	0
  59 000c 0000     		.short	0
  60 000e 0000     		.short	0
  61 0010 0000     		.short	0
  62 0012 0000     		.short	0
  63 0014 0000     		.short	0
  64 0016 0000     		.short	0
  65 0018 0000     		.short	0
ARM GAS  /var/folders/0b/4qn_4lxx65nfvy4wf60ckd5w0000gn/T//ccsm00Fs.s 			page 2


  66 001a 0000     		.short	0
  67 001c 0000     		.short	0
  68 001e 0000     		.short	0
  69 0020 0000     		.short	0
  70 0022 0000     		.short	0
  71 0024 0000     		.short	0
  72 0026 000C     		.short	3072
  73 0028 000C     		.short	3072
  74 002a 000C     		.short	3072
  75 002c 000C     		.short	3072
  76 002e 000C     		.short	3072
  77 0030 000C     		.short	3072
  78 0032 000C     		.short	3072
  79 0034 000C     		.short	3072
  80 0036 000C     		.short	3072
  81 0038 000C     		.short	3072
  82 003a 000C     		.short	3072
  83 003c 0000     		.short	0
  84 003e 000C     		.short	3072
  85 0040 000C     		.short	3072
  86 0042 0000     		.short	0
  87 0044 0000     		.short	0
  88 0046 0000     		.short	0
  89 0048 0000     		.short	0
  90 004a 001B     		.short	6912
  91 004c 001B     		.short	6912
  92 004e 001B     		.short	6912
  93 0050 001B     		.short	6912
  94 0052 001B     		.short	6912
  95 0054 0000     		.short	0
  96 0056 0000     		.short	0
  97 0058 0000     		.short	0
  98 005a 0000     		.short	0
  99 005c 0000     		.short	0
 100 005e 0000     		.short	0
 101 0060 0000     		.short	0
 102 0062 0000     		.short	0
 103 0064 0000     		.short	0
 104 0066 0000     		.short	0
 105 0068 0000     		.short	0
 106 006a 0000     		.short	0
 107 006c 0000     		.short	0
 108 006e 8019     		.short	6528
 109 0070 8019     		.short	6528
 110 0072 8019     		.short	6528
 111 0074 8019     		.short	6528
 112 0076 C07F     		.short	32704
 113 0078 C07F     		.short	32704
 114 007a 8019     		.short	6528
 115 007c 0033     		.short	13056
 116 007e C07F     		.short	32704
 117 0080 C07F     		.short	32704
 118 0082 0033     		.short	13056
 119 0084 0033     		.short	13056
 120 0086 0033     		.short	13056
 121 0088 0033     		.short	13056
 122 008a 0000     		.short	0
ARM GAS  /var/folders/0b/4qn_4lxx65nfvy4wf60ckd5w0000gn/T//ccsm00Fs.s 			page 3


 123 008c 0000     		.short	0
 124 008e 0000     		.short	0
 125 0090 0000     		.short	0
 126 0092 001E     		.short	7680
 127 0094 003F     		.short	16128
 128 0096 8075     		.short	30080
 129 0098 8065     		.short	25984
 130 009a 0074     		.short	29696
 131 009c 003C     		.short	15360
 132 009e 001E     		.short	7680
 133 00a0 0007     		.short	1792
 134 00a2 8005     		.short	1408
 135 00a4 8065     		.short	25984
 136 00a6 8065     		.short	25984
 137 00a8 8075     		.short	30080
 138 00aa 003F     		.short	16128
 139 00ac 001E     		.short	7680
 140 00ae 0004     		.short	1024
 141 00b0 0004     		.short	1024
 142 00b2 0000     		.short	0
 143 00b4 0000     		.short	0
 144 00b6 0070     		.short	28672
 145 00b8 00D8     		.short	-10240
 146 00ba 40D8     		.short	-10176
 147 00bc C0D8     		.short	-10048
 148 00be 80D9     		.short	-9856
 149 00c0 0073     		.short	29440
 150 00c2 0006     		.short	1536
 151 00c4 000C     		.short	3072
 152 00c6 801B     		.short	7040
 153 00c8 C036     		.short	14016
 154 00ca C066     		.short	26304
 155 00cc C046     		.short	18112
 156 00ce C006     		.short	1728
 157 00d0 8003     		.short	896
 158 00d2 0000     		.short	0
 159 00d4 0000     		.short	0
 160 00d6 0000     		.short	0
 161 00d8 0000     		.short	0
 162 00da 001E     		.short	7680
 163 00dc 003F     		.short	16128
 164 00de 0033     		.short	13056
 165 00e0 0033     		.short	13056
 166 00e2 0033     		.short	13056
 167 00e4 001E     		.short	7680
 168 00e6 000C     		.short	3072
 169 00e8 C03C     		.short	15552
 170 00ea C066     		.short	26304
 171 00ec 8063     		.short	25472
 172 00ee 8061     		.short	24960
 173 00f0 8063     		.short	25472
 174 00f2 C03E     		.short	16064
 175 00f4 801C     		.short	7296
 176 00f6 0000     		.short	0
 177 00f8 0000     		.short	0
 178 00fa 0000     		.short	0
 179 00fc 0000     		.short	0
ARM GAS  /var/folders/0b/4qn_4lxx65nfvy4wf60ckd5w0000gn/T//ccsm00Fs.s 			page 4


 180 00fe 000C     		.short	3072
 181 0100 000C     		.short	3072
 182 0102 000C     		.short	3072
 183 0104 000C     		.short	3072
 184 0106 000C     		.short	3072
 185 0108 0000     		.short	0
 186 010a 0000     		.short	0
 187 010c 0000     		.short	0
 188 010e 0000     		.short	0
 189 0110 0000     		.short	0
 190 0112 0000     		.short	0
 191 0114 0000     		.short	0
 192 0116 0000     		.short	0
 193 0118 0000     		.short	0
 194 011a 0000     		.short	0
 195 011c 0000     		.short	0
 196 011e 0000     		.short	0
 197 0120 8000     		.short	128
 198 0122 0001     		.short	256
 199 0124 0003     		.short	768
 200 0126 0006     		.short	1536
 201 0128 0006     		.short	1536
 202 012a 0004     		.short	1024
 203 012c 000C     		.short	3072
 204 012e 000C     		.short	3072
 205 0130 000C     		.short	3072
 206 0132 000C     		.short	3072
 207 0134 000C     		.short	3072
 208 0136 000C     		.short	3072
 209 0138 0004     		.short	1024
 210 013a 0006     		.short	1536
 211 013c 0006     		.short	1536
 212 013e 0003     		.short	768
 213 0140 0001     		.short	256
 214 0142 8000     		.short	128
 215 0144 0020     		.short	8192
 216 0146 0010     		.short	4096
 217 0148 0018     		.short	6144
 218 014a 000C     		.short	3072
 219 014c 000C     		.short	3072
 220 014e 0004     		.short	1024
 221 0150 0006     		.short	1536
 222 0152 0006     		.short	1536
 223 0154 0006     		.short	1536
 224 0156 0006     		.short	1536
 225 0158 0006     		.short	1536
 226 015a 0006     		.short	1536
 227 015c 0004     		.short	1024
 228 015e 000C     		.short	3072
 229 0160 000C     		.short	3072
 230 0162 0018     		.short	6144
 231 0164 0010     		.short	4096
 232 0166 0020     		.short	8192
 233 0168 0000     		.short	0
 234 016a 000C     		.short	3072
 235 016c 002D     		.short	11520
 236 016e 003F     		.short	16128
ARM GAS  /var/folders/0b/4qn_4lxx65nfvy4wf60ckd5w0000gn/T//ccsm00Fs.s 			page 5


 237 0170 001E     		.short	7680
 238 0172 0033     		.short	13056
 239 0174 0000     		.short	0
 240 0176 0000     		.short	0
 241 0178 0000     		.short	0
 242 017a 0000     		.short	0
 243 017c 0000     		.short	0
 244 017e 0000     		.short	0
 245 0180 0000     		.short	0
 246 0182 0000     		.short	0
 247 0184 0000     		.short	0
 248 0186 0000     		.short	0
 249 0188 0000     		.short	0
 250 018a 0000     		.short	0
 251 018c 0000     		.short	0
 252 018e 0000     		.short	0
 253 0190 0000     		.short	0
 254 0192 000C     		.short	3072
 255 0194 000C     		.short	3072
 256 0196 000C     		.short	3072
 257 0198 000C     		.short	3072
 258 019a C0FF     		.short	-64
 259 019c C0FF     		.short	-64
 260 019e 000C     		.short	3072
 261 01a0 000C     		.short	3072
 262 01a2 000C     		.short	3072
 263 01a4 000C     		.short	3072
 264 01a6 0000     		.short	0
 265 01a8 0000     		.short	0
 266 01aa 0000     		.short	0
 267 01ac 0000     		.short	0
 268 01ae 0000     		.short	0
 269 01b0 0000     		.short	0
 270 01b2 0000     		.short	0
 271 01b4 0000     		.short	0
 272 01b6 0000     		.short	0
 273 01b8 0000     		.short	0
 274 01ba 0000     		.short	0
 275 01bc 0000     		.short	0
 276 01be 0000     		.short	0
 277 01c0 0000     		.short	0
 278 01c2 0000     		.short	0
 279 01c4 0000     		.short	0
 280 01c6 0000     		.short	0
 281 01c8 0000     		.short	0
 282 01ca 000C     		.short	3072
 283 01cc 000C     		.short	3072
 284 01ce 0004     		.short	1024
 285 01d0 0004     		.short	1024
 286 01d2 0008     		.short	2048
 287 01d4 0000     		.short	0
 288 01d6 0000     		.short	0
 289 01d8 0000     		.short	0
 290 01da 0000     		.short	0
 291 01dc 0000     		.short	0
 292 01de 0000     		.short	0
 293 01e0 0000     		.short	0
ARM GAS  /var/folders/0b/4qn_4lxx65nfvy4wf60ckd5w0000gn/T//ccsm00Fs.s 			page 6


 294 01e2 0000     		.short	0
 295 01e4 0000     		.short	0
 296 01e6 001E     		.short	7680
 297 01e8 001E     		.short	7680
 298 01ea 0000     		.short	0
 299 01ec 0000     		.short	0
 300 01ee 0000     		.short	0
 301 01f0 0000     		.short	0
 302 01f2 0000     		.short	0
 303 01f4 0000     		.short	0
 304 01f6 0000     		.short	0
 305 01f8 0000     		.short	0
 306 01fa 0000     		.short	0
 307 01fc 0000     		.short	0
 308 01fe 0000     		.short	0
 309 0200 0000     		.short	0
 310 0202 0000     		.short	0
 311 0204 0000     		.short	0
 312 0206 0000     		.short	0
 313 0208 0000     		.short	0
 314 020a 0000     		.short	0
 315 020c 0000     		.short	0
 316 020e 0000     		.short	0
 317 0210 0000     		.short	0
 318 0212 000C     		.short	3072
 319 0214 000C     		.short	3072
 320 0216 0000     		.short	0
 321 0218 0000     		.short	0
 322 021a 0000     		.short	0
 323 021c 0000     		.short	0
 324 021e 0003     		.short	768
 325 0220 0003     		.short	768
 326 0222 0003     		.short	768
 327 0224 0006     		.short	1536
 328 0226 0006     		.short	1536
 329 0228 0006     		.short	1536
 330 022a 0006     		.short	1536
 331 022c 000C     		.short	3072
 332 022e 000C     		.short	3072
 333 0230 000C     		.short	3072
 334 0232 000C     		.short	3072
 335 0234 0018     		.short	6144
 336 0236 0018     		.short	6144
 337 0238 0018     		.short	6144
 338 023a 0000     		.short	0
 339 023c 0000     		.short	0
 340 023e 0000     		.short	0
 341 0240 0000     		.short	0
 342 0242 001E     		.short	7680
 343 0244 003F     		.short	16128
 344 0246 0033     		.short	13056
 345 0248 8061     		.short	24960
 346 024a 8061     		.short	24960
 347 024c 8061     		.short	24960
 348 024e 806D     		.short	28032
 349 0250 806D     		.short	28032
 350 0252 8061     		.short	24960
ARM GAS  /var/folders/0b/4qn_4lxx65nfvy4wf60ckd5w0000gn/T//ccsm00Fs.s 			page 7


 351 0254 8061     		.short	24960
 352 0256 8061     		.short	24960
 353 0258 0033     		.short	13056
 354 025a 003F     		.short	16128
 355 025c 001E     		.short	7680
 356 025e 0000     		.short	0
 357 0260 0000     		.short	0
 358 0262 0000     		.short	0
 359 0264 0000     		.short	0
 360 0266 0006     		.short	1536
 361 0268 000E     		.short	3584
 362 026a 001E     		.short	7680
 363 026c 0036     		.short	13824
 364 026e 0026     		.short	9728
 365 0270 0006     		.short	1536
 366 0272 0006     		.short	1536
 367 0274 0006     		.short	1536
 368 0276 0006     		.short	1536
 369 0278 0006     		.short	1536
 370 027a 0006     		.short	1536
 371 027c 0006     		.short	1536
 372 027e 0006     		.short	1536
 373 0280 0006     		.short	1536
 374 0282 0000     		.short	0
 375 0284 0000     		.short	0
 376 0286 0000     		.short	0
 377 0288 0000     		.short	0
 378 028a 001E     		.short	7680
 379 028c 003F     		.short	16128
 380 028e 8073     		.short	29568
 381 0290 8061     		.short	24960
 382 0292 8061     		.short	24960
 383 0294 8001     		.short	384
 384 0296 0003     		.short	768
 385 0298 0006     		.short	1536
 386 029a 000C     		.short	3072
 387 029c 0018     		.short	6144
 388 029e 0030     		.short	12288
 389 02a0 0060     		.short	24576
 390 02a2 807F     		.short	32640
 391 02a4 807F     		.short	32640
 392 02a6 0000     		.short	0
 393 02a8 0000     		.short	0
 394 02aa 0000     		.short	0
 395 02ac 0000     		.short	0
 396 02ae 001C     		.short	7168
 397 02b0 003E     		.short	15872
 398 02b2 0063     		.short	25344
 399 02b4 0063     		.short	25344
 400 02b6 0003     		.short	768
 401 02b8 000E     		.short	3584
 402 02ba 000E     		.short	3584
 403 02bc 0003     		.short	768
 404 02be 8001     		.short	384
 405 02c0 8001     		.short	384
 406 02c2 8061     		.short	24960
 407 02c4 8073     		.short	29568
ARM GAS  /var/folders/0b/4qn_4lxx65nfvy4wf60ckd5w0000gn/T//ccsm00Fs.s 			page 8


 408 02c6 003F     		.short	16128
 409 02c8 001E     		.short	7680
 410 02ca 0000     		.short	0
 411 02cc 0000     		.short	0
 412 02ce 0000     		.short	0
 413 02d0 0000     		.short	0
 414 02d2 0006     		.short	1536
 415 02d4 000E     		.short	3584
 416 02d6 000E     		.short	3584
 417 02d8 001E     		.short	7680
 418 02da 001E     		.short	7680
 419 02dc 0016     		.short	5632
 420 02de 0036     		.short	13824
 421 02e0 0036     		.short	13824
 422 02e2 0066     		.short	26112
 423 02e4 807F     		.short	32640
 424 02e6 807F     		.short	32640
 425 02e8 0006     		.short	1536
 426 02ea 0006     		.short	1536
 427 02ec 0006     		.short	1536
 428 02ee 0000     		.short	0
 429 02f0 0000     		.short	0
 430 02f2 0000     		.short	0
 431 02f4 0000     		.short	0
 432 02f6 007F     		.short	32512
 433 02f8 007F     		.short	32512
 434 02fa 0060     		.short	24576
 435 02fc 0060     		.short	24576
 436 02fe 0060     		.short	24576
 437 0300 006E     		.short	28160
 438 0302 007F     		.short	32512
 439 0304 8063     		.short	25472
 440 0306 8001     		.short	384
 441 0308 8001     		.short	384
 442 030a 8061     		.short	24960
 443 030c 8073     		.short	29568
 444 030e 003F     		.short	16128
 445 0310 001E     		.short	7680
 446 0312 0000     		.short	0
 447 0314 0000     		.short	0
 448 0316 0000     		.short	0
 449 0318 0000     		.short	0
 450 031a 001E     		.short	7680
 451 031c 003F     		.short	16128
 452 031e 8033     		.short	13184
 453 0320 8061     		.short	24960
 454 0322 0060     		.short	24576
 455 0324 006E     		.short	28160
 456 0326 007F     		.short	32512
 457 0328 8073     		.short	29568
 458 032a 8061     		.short	24960
 459 032c 8061     		.short	24960
 460 032e 8061     		.short	24960
 461 0330 8033     		.short	13184
 462 0332 003F     		.short	16128
 463 0334 001E     		.short	7680
 464 0336 0000     		.short	0
ARM GAS  /var/folders/0b/4qn_4lxx65nfvy4wf60ckd5w0000gn/T//ccsm00Fs.s 			page 9


 465 0338 0000     		.short	0
 466 033a 0000     		.short	0
 467 033c 0000     		.short	0
 468 033e 807F     		.short	32640
 469 0340 807F     		.short	32640
 470 0342 8001     		.short	384
 471 0344 0003     		.short	768
 472 0346 0003     		.short	768
 473 0348 0006     		.short	1536
 474 034a 0006     		.short	1536
 475 034c 000C     		.short	3072
 476 034e 000C     		.short	3072
 477 0350 000C     		.short	3072
 478 0352 0008     		.short	2048
 479 0354 0018     		.short	6144
 480 0356 0018     		.short	6144
 481 0358 0018     		.short	6144
 482 035a 0000     		.short	0
 483 035c 0000     		.short	0
 484 035e 0000     		.short	0
 485 0360 0000     		.short	0
 486 0362 001E     		.short	7680
 487 0364 003F     		.short	16128
 488 0366 8063     		.short	25472
 489 0368 8061     		.short	24960
 490 036a 8061     		.short	24960
 491 036c 0021     		.short	8448
 492 036e 001E     		.short	7680
 493 0370 003F     		.short	16128
 494 0372 8061     		.short	24960
 495 0374 8061     		.short	24960
 496 0376 8061     		.short	24960
 497 0378 8061     		.short	24960
 498 037a 003F     		.short	16128
 499 037c 001E     		.short	7680
 500 037e 0000     		.short	0
 501 0380 0000     		.short	0
 502 0382 0000     		.short	0
 503 0384 0000     		.short	0
 504 0386 001E     		.short	7680
 505 0388 003F     		.short	16128
 506 038a 0073     		.short	29440
 507 038c 8061     		.short	24960
 508 038e 8061     		.short	24960
 509 0390 8061     		.short	24960
 510 0392 8073     		.short	29568
 511 0394 803F     		.short	16256
 512 0396 801D     		.short	7552
 513 0398 8001     		.short	384
 514 039a 8061     		.short	24960
 515 039c 0073     		.short	29440
 516 039e 003F     		.short	16128
 517 03a0 001E     		.short	7680
 518 03a2 0000     		.short	0
 519 03a4 0000     		.short	0
 520 03a6 0000     		.short	0
 521 03a8 0000     		.short	0
ARM GAS  /var/folders/0b/4qn_4lxx65nfvy4wf60ckd5w0000gn/T//ccsm00Fs.s 			page 10


 522 03aa 0000     		.short	0
 523 03ac 0000     		.short	0
 524 03ae 0000     		.short	0
 525 03b0 0000     		.short	0
 526 03b2 000C     		.short	3072
 527 03b4 000C     		.short	3072
 528 03b6 0000     		.short	0
 529 03b8 0000     		.short	0
 530 03ba 0000     		.short	0
 531 03bc 0000     		.short	0
 532 03be 0000     		.short	0
 533 03c0 0000     		.short	0
 534 03c2 000C     		.short	3072
 535 03c4 000C     		.short	3072
 536 03c6 0000     		.short	0
 537 03c8 0000     		.short	0
 538 03ca 0000     		.short	0
 539 03cc 0000     		.short	0
 540 03ce 0000     		.short	0
 541 03d0 0000     		.short	0
 542 03d2 0000     		.short	0
 543 03d4 0000     		.short	0
 544 03d6 0000     		.short	0
 545 03d8 000C     		.short	3072
 546 03da 000C     		.short	3072
 547 03dc 0000     		.short	0
 548 03de 0000     		.short	0
 549 03e0 0000     		.short	0
 550 03e2 0000     		.short	0
 551 03e4 0000     		.short	0
 552 03e6 000C     		.short	3072
 553 03e8 000C     		.short	3072
 554 03ea 0004     		.short	1024
 555 03ec 0004     		.short	1024
 556 03ee 0008     		.short	2048
 557 03f0 0000     		.short	0
 558 03f2 0000     		.short	0
 559 03f4 0000     		.short	0
 560 03f6 0000     		.short	0
 561 03f8 8000     		.short	128
 562 03fa 8003     		.short	896
 563 03fc 000E     		.short	3584
 564 03fe 0038     		.short	14336
 565 0400 0060     		.short	24576
 566 0402 0038     		.short	14336
 567 0404 000E     		.short	3584
 568 0406 8003     		.short	896
 569 0408 8000     		.short	128
 570 040a 0000     		.short	0
 571 040c 0000     		.short	0
 572 040e 0000     		.short	0
 573 0410 0000     		.short	0
 574 0412 0000     		.short	0
 575 0414 0000     		.short	0
 576 0416 0000     		.short	0
 577 0418 0000     		.short	0
 578 041a 0000     		.short	0
ARM GAS  /var/folders/0b/4qn_4lxx65nfvy4wf60ckd5w0000gn/T//ccsm00Fs.s 			page 11


 579 041c 0000     		.short	0
 580 041e 807F     		.short	32640
 581 0420 807F     		.short	32640
 582 0422 0000     		.short	0
 583 0424 0000     		.short	0
 584 0426 807F     		.short	32640
 585 0428 807F     		.short	32640
 586 042a 0000     		.short	0
 587 042c 0000     		.short	0
 588 042e 0000     		.short	0
 589 0430 0000     		.short	0
 590 0432 0000     		.short	0
 591 0434 0000     		.short	0
 592 0436 0000     		.short	0
 593 0438 0000     		.short	0
 594 043a 0000     		.short	0
 595 043c 0000     		.short	0
 596 043e 0000     		.short	0
 597 0440 0040     		.short	16384
 598 0442 0070     		.short	28672
 599 0444 001C     		.short	7168
 600 0446 0007     		.short	1792
 601 0448 8001     		.short	384
 602 044a 0007     		.short	1792
 603 044c 001C     		.short	7168
 604 044e 0070     		.short	28672
 605 0450 0040     		.short	16384
 606 0452 0000     		.short	0
 607 0454 0000     		.short	0
 608 0456 0000     		.short	0
 609 0458 0000     		.short	0
 610 045a 0000     		.short	0
 611 045c 0000     		.short	0
 612 045e 001F     		.short	7936
 613 0460 803F     		.short	16256
 614 0462 C071     		.short	29120
 615 0464 C060     		.short	24768
 616 0466 C000     		.short	192
 617 0468 C001     		.short	448
 618 046a 8003     		.short	896
 619 046c 0007     		.short	1792
 620 046e 000E     		.short	3584
 621 0470 000C     		.short	3072
 622 0472 000C     		.short	3072
 623 0474 0000     		.short	0
 624 0476 000C     		.short	3072
 625 0478 000C     		.short	3072
 626 047a 0000     		.short	0
 627 047c 0000     		.short	0
 628 047e 0000     		.short	0
 629 0480 0000     		.short	0
 630 0482 001E     		.short	7680
 631 0484 003F     		.short	16128
 632 0486 8031     		.short	12672
 633 0488 8071     		.short	29056
 634 048a 8063     		.short	25472
 635 048c 806F     		.short	28544
ARM GAS  /var/folders/0b/4qn_4lxx65nfvy4wf60ckd5w0000gn/T//ccsm00Fs.s 			page 12


 636 048e 806D     		.short	28032
 637 0490 806D     		.short	28032
 638 0492 806F     		.short	28544
 639 0494 8067     		.short	26496
 640 0496 0060     		.short	24576
 641 0498 0032     		.short	12800
 642 049a 003E     		.short	15872
 643 049c 001C     		.short	7168
 644 049e 0000     		.short	0
 645 04a0 0000     		.short	0
 646 04a2 0000     		.short	0
 647 04a4 0000     		.short	0
 648 04a6 000E     		.short	3584
 649 04a8 000E     		.short	3584
 650 04aa 001B     		.short	6912
 651 04ac 001B     		.short	6912
 652 04ae 001B     		.short	6912
 653 04b0 001B     		.short	6912
 654 04b2 8031     		.short	12672
 655 04b4 8031     		.short	12672
 656 04b6 803F     		.short	16256
 657 04b8 803F     		.short	16256
 658 04ba 8031     		.short	12672
 659 04bc C060     		.short	24768
 660 04be C060     		.short	24768
 661 04c0 C060     		.short	24768
 662 04c2 0000     		.short	0
 663 04c4 0000     		.short	0
 664 04c6 0000     		.short	0
 665 04c8 0000     		.short	0
 666 04ca 007C     		.short	31744
 667 04cc 007E     		.short	32256
 668 04ce 0063     		.short	25344
 669 04d0 0063     		.short	25344
 670 04d2 0063     		.short	25344
 671 04d4 0063     		.short	25344
 672 04d6 007E     		.short	32256
 673 04d8 007E     		.short	32256
 674 04da 0063     		.short	25344
 675 04dc 8061     		.short	24960
 676 04de 8061     		.short	24960
 677 04e0 8063     		.short	25472
 678 04e2 007F     		.short	32512
 679 04e4 007E     		.short	32256
 680 04e6 0000     		.short	0
 681 04e8 0000     		.short	0
 682 04ea 0000     		.short	0
 683 04ec 0000     		.short	0
 684 04ee 001E     		.short	7680
 685 04f0 003F     		.short	16128
 686 04f2 8031     		.short	12672
 687 04f4 8061     		.short	24960
 688 04f6 0060     		.short	24576
 689 04f8 0060     		.short	24576
 690 04fa 0060     		.short	24576
 691 04fc 0060     		.short	24576
 692 04fe 0060     		.short	24576
ARM GAS  /var/folders/0b/4qn_4lxx65nfvy4wf60ckd5w0000gn/T//ccsm00Fs.s 			page 13


 693 0500 0060     		.short	24576
 694 0502 8061     		.short	24960
 695 0504 8031     		.short	12672
 696 0506 003F     		.short	16128
 697 0508 001E     		.short	7680
 698 050a 0000     		.short	0
 699 050c 0000     		.short	0
 700 050e 0000     		.short	0
 701 0510 0000     		.short	0
 702 0512 007C     		.short	31744
 703 0514 007F     		.short	32512
 704 0516 0063     		.short	25344
 705 0518 8063     		.short	25472
 706 051a 8061     		.short	24960
 707 051c 8061     		.short	24960
 708 051e 8061     		.short	24960
 709 0520 8061     		.short	24960
 710 0522 8061     		.short	24960
 711 0524 8061     		.short	24960
 712 0526 0063     		.short	25344
 713 0528 0063     		.short	25344
 714 052a 007E     		.short	32256
 715 052c 007C     		.short	31744
 716 052e 0000     		.short	0
 717 0530 0000     		.short	0
 718 0532 0000     		.short	0
 719 0534 0000     		.short	0
 720 0536 807F     		.short	32640
 721 0538 807F     		.short	32640
 722 053a 0060     		.short	24576
 723 053c 0060     		.short	24576
 724 053e 0060     		.short	24576
 725 0540 0060     		.short	24576
 726 0542 007F     		.short	32512
 727 0544 007F     		.short	32512
 728 0546 0060     		.short	24576
 729 0548 0060     		.short	24576
 730 054a 0060     		.short	24576
 731 054c 0060     		.short	24576
 732 054e 807F     		.short	32640
 733 0550 807F     		.short	32640
 734 0552 0000     		.short	0
 735 0554 0000     		.short	0
 736 0556 0000     		.short	0
 737 0558 0000     		.short	0
 738 055a 807F     		.short	32640
 739 055c 807F     		.short	32640
 740 055e 0060     		.short	24576
 741 0560 0060     		.short	24576
 742 0562 0060     		.short	24576
 743 0564 0060     		.short	24576
 744 0566 007F     		.short	32512
 745 0568 007F     		.short	32512
 746 056a 0060     		.short	24576
 747 056c 0060     		.short	24576
 748 056e 0060     		.short	24576
 749 0570 0060     		.short	24576
ARM GAS  /var/folders/0b/4qn_4lxx65nfvy4wf60ckd5w0000gn/T//ccsm00Fs.s 			page 14


 750 0572 0060     		.short	24576
 751 0574 0060     		.short	24576
 752 0576 0000     		.short	0
 753 0578 0000     		.short	0
 754 057a 0000     		.short	0
 755 057c 0000     		.short	0
 756 057e 001E     		.short	7680
 757 0580 003F     		.short	16128
 758 0582 8031     		.short	12672
 759 0584 8061     		.short	24960
 760 0586 0060     		.short	24576
 761 0588 0060     		.short	24576
 762 058a 0060     		.short	24576
 763 058c 8063     		.short	25472
 764 058e 8063     		.short	25472
 765 0590 8061     		.short	24960
 766 0592 8061     		.short	24960
 767 0594 8031     		.short	12672
 768 0596 803F     		.short	16256
 769 0598 001E     		.short	7680
 770 059a 0000     		.short	0
 771 059c 0000     		.short	0
 772 059e 0000     		.short	0
 773 05a0 0000     		.short	0
 774 05a2 8061     		.short	24960
 775 05a4 8061     		.short	24960
 776 05a6 8061     		.short	24960
 777 05a8 8061     		.short	24960
 778 05aa 8061     		.short	24960
 779 05ac 8061     		.short	24960
 780 05ae 807F     		.short	32640
 781 05b0 807F     		.short	32640
 782 05b2 8061     		.short	24960
 783 05b4 8061     		.short	24960
 784 05b6 8061     		.short	24960
 785 05b8 8061     		.short	24960
 786 05ba 8061     		.short	24960
 787 05bc 8061     		.short	24960
 788 05be 0000     		.short	0
 789 05c0 0000     		.short	0
 790 05c2 0000     		.short	0
 791 05c4 0000     		.short	0
 792 05c6 003F     		.short	16128
 793 05c8 003F     		.short	16128
 794 05ca 000C     		.short	3072
 795 05cc 000C     		.short	3072
 796 05ce 000C     		.short	3072
 797 05d0 000C     		.short	3072
 798 05d2 000C     		.short	3072
 799 05d4 000C     		.short	3072
 800 05d6 000C     		.short	3072
 801 05d8 000C     		.short	3072
 802 05da 000C     		.short	3072
 803 05dc 000C     		.short	3072
 804 05de 003F     		.short	16128
 805 05e0 003F     		.short	16128
 806 05e2 0000     		.short	0
ARM GAS  /var/folders/0b/4qn_4lxx65nfvy4wf60ckd5w0000gn/T//ccsm00Fs.s 			page 15


 807 05e4 0000     		.short	0
 808 05e6 0000     		.short	0
 809 05e8 0000     		.short	0
 810 05ea 8001     		.short	384
 811 05ec 8001     		.short	384
 812 05ee 8001     		.short	384
 813 05f0 8001     		.short	384
 814 05f2 8001     		.short	384
 815 05f4 8001     		.short	384
 816 05f6 8001     		.short	384
 817 05f8 8001     		.short	384
 818 05fa 8001     		.short	384
 819 05fc 8061     		.short	24960
 820 05fe 8061     		.short	24960
 821 0600 8073     		.short	29568
 822 0602 003F     		.short	16128
 823 0604 001E     		.short	7680
 824 0606 0000     		.short	0
 825 0608 0000     		.short	0
 826 060a 0000     		.short	0
 827 060c 0000     		.short	0
 828 060e C060     		.short	24768
 829 0610 8061     		.short	24960
 830 0612 0063     		.short	25344
 831 0614 0066     		.short	26112
 832 0616 0066     		.short	26112
 833 0618 006C     		.short	27648
 834 061a 0078     		.short	30720
 835 061c 007C     		.short	31744
 836 061e 0066     		.short	26112
 837 0620 0066     		.short	26112
 838 0622 0063     		.short	25344
 839 0624 8061     		.short	24960
 840 0626 8061     		.short	24960
 841 0628 C060     		.short	24768
 842 062a 0000     		.short	0
 843 062c 0000     		.short	0
 844 062e 0000     		.short	0
 845 0630 0000     		.short	0
 846 0632 0060     		.short	24576
 847 0634 0060     		.short	24576
 848 0636 0060     		.short	24576
 849 0638 0060     		.short	24576
 850 063a 0060     		.short	24576
 851 063c 0060     		.short	24576
 852 063e 0060     		.short	24576
 853 0640 0060     		.short	24576
 854 0642 0060     		.short	24576
 855 0644 0060     		.short	24576
 856 0646 0060     		.short	24576
 857 0648 0060     		.short	24576
 858 064a 807F     		.short	32640
 859 064c 807F     		.short	32640
 860 064e 0000     		.short	0
 861 0650 0000     		.short	0
 862 0652 0000     		.short	0
 863 0654 0000     		.short	0
ARM GAS  /var/folders/0b/4qn_4lxx65nfvy4wf60ckd5w0000gn/T//ccsm00Fs.s 			page 16


 864 0656 C071     		.short	29120
 865 0658 C071     		.short	29120
 866 065a C07B     		.short	31680
 867 065c C07A     		.short	31424
 868 065e C06A     		.short	27328
 869 0660 C06A     		.short	27328
 870 0662 C06E     		.short	28352
 871 0664 C064     		.short	25792
 872 0666 C060     		.short	24768
 873 0668 C060     		.short	24768
 874 066a C060     		.short	24768
 875 066c C060     		.short	24768
 876 066e C060     		.short	24768
 877 0670 C060     		.short	24768
 878 0672 0000     		.short	0
 879 0674 0000     		.short	0
 880 0676 0000     		.short	0
 881 0678 0000     		.short	0
 882 067a 8071     		.short	29056
 883 067c 8071     		.short	29056
 884 067e 8079     		.short	31104
 885 0680 8079     		.short	31104
 886 0682 8079     		.short	31104
 887 0684 806D     		.short	28032
 888 0686 806D     		.short	28032
 889 0688 806D     		.short	28032
 890 068a 8065     		.short	25984
 891 068c 8067     		.short	26496
 892 068e 8067     		.short	26496
 893 0690 8067     		.short	26496
 894 0692 8063     		.short	25472
 895 0694 8063     		.short	25472
 896 0696 0000     		.short	0
 897 0698 0000     		.short	0
 898 069a 0000     		.short	0
 899 069c 0000     		.short	0
 900 069e 001E     		.short	7680
 901 06a0 003F     		.short	16128
 902 06a2 0033     		.short	13056
 903 06a4 8061     		.short	24960
 904 06a6 8061     		.short	24960
 905 06a8 8061     		.short	24960
 906 06aa 8061     		.short	24960
 907 06ac 8061     		.short	24960
 908 06ae 8061     		.short	24960
 909 06b0 8061     		.short	24960
 910 06b2 8061     		.short	24960
 911 06b4 0033     		.short	13056
 912 06b6 003F     		.short	16128
 913 06b8 001E     		.short	7680
 914 06ba 0000     		.short	0
 915 06bc 0000     		.short	0
 916 06be 0000     		.short	0
 917 06c0 0000     		.short	0
 918 06c2 007E     		.short	32256
 919 06c4 007F     		.short	32512
 920 06c6 8063     		.short	25472
ARM GAS  /var/folders/0b/4qn_4lxx65nfvy4wf60ckd5w0000gn/T//ccsm00Fs.s 			page 17


 921 06c8 8061     		.short	24960
 922 06ca 8061     		.short	24960
 923 06cc 8061     		.short	24960
 924 06ce 8063     		.short	25472
 925 06d0 007F     		.short	32512
 926 06d2 007E     		.short	32256
 927 06d4 0060     		.short	24576
 928 06d6 0060     		.short	24576
 929 06d8 0060     		.short	24576
 930 06da 0060     		.short	24576
 931 06dc 0060     		.short	24576
 932 06de 0000     		.short	0
 933 06e0 0000     		.short	0
 934 06e2 0000     		.short	0
 935 06e4 0000     		.short	0
 936 06e6 001E     		.short	7680
 937 06e8 003F     		.short	16128
 938 06ea 0033     		.short	13056
 939 06ec 8061     		.short	24960
 940 06ee 8061     		.short	24960
 941 06f0 8061     		.short	24960
 942 06f2 8061     		.short	24960
 943 06f4 8061     		.short	24960
 944 06f6 8061     		.short	24960
 945 06f8 8065     		.short	25984
 946 06fa 8067     		.short	26496
 947 06fc 0033     		.short	13056
 948 06fe 803F     		.short	16256
 949 0700 401E     		.short	7744
 950 0702 0000     		.short	0
 951 0704 0000     		.short	0
 952 0706 0000     		.short	0
 953 0708 0000     		.short	0
 954 070a 007E     		.short	32256
 955 070c 007F     		.short	32512
 956 070e 8063     		.short	25472
 957 0710 8061     		.short	24960
 958 0712 8061     		.short	24960
 959 0714 8063     		.short	25472
 960 0716 007F     		.short	32512
 961 0718 007E     		.short	32256
 962 071a 0066     		.short	26112
 963 071c 0063     		.short	25344
 964 071e 0063     		.short	25344
 965 0720 8061     		.short	24960
 966 0722 8061     		.short	24960
 967 0724 C060     		.short	24768
 968 0726 0000     		.short	0
 969 0728 0000     		.short	0
 970 072a 0000     		.short	0
 971 072c 0000     		.short	0
 972 072e 000E     		.short	3584
 973 0730 001F     		.short	7936
 974 0732 8031     		.short	12672
 975 0734 8031     		.short	12672
 976 0736 0030     		.short	12288
 977 0738 0038     		.short	14336
ARM GAS  /var/folders/0b/4qn_4lxx65nfvy4wf60ckd5w0000gn/T//ccsm00Fs.s 			page 18


 978 073a 001E     		.short	7680
 979 073c 0007     		.short	1792
 980 073e 8003     		.short	896
 981 0740 8061     		.short	24960
 982 0742 8061     		.short	24960
 983 0744 8031     		.short	12672
 984 0746 003F     		.short	16128
 985 0748 001E     		.short	7680
 986 074a 0000     		.short	0
 987 074c 0000     		.short	0
 988 074e 0000     		.short	0
 989 0750 0000     		.short	0
 990 0752 C0FF     		.short	-64
 991 0754 C0FF     		.short	-64
 992 0756 000C     		.short	3072
 993 0758 000C     		.short	3072
 994 075a 000C     		.short	3072
 995 075c 000C     		.short	3072
 996 075e 000C     		.short	3072
 997 0760 000C     		.short	3072
 998 0762 000C     		.short	3072
 999 0764 000C     		.short	3072
 1000 0766 000C     		.short	3072
 1001 0768 000C     		.short	3072
 1002 076a 000C     		.short	3072
 1003 076c 000C     		.short	3072
 1004 076e 0000     		.short	0
 1005 0770 0000     		.short	0
 1006 0772 0000     		.short	0
 1007 0774 0000     		.short	0
 1008 0776 8061     		.short	24960
 1009 0778 8061     		.short	24960
 1010 077a 8061     		.short	24960
 1011 077c 8061     		.short	24960
 1012 077e 8061     		.short	24960
 1013 0780 8061     		.short	24960
 1014 0782 8061     		.short	24960
 1015 0784 8061     		.short	24960
 1016 0786 8061     		.short	24960
 1017 0788 8061     		.short	24960
 1018 078a 8061     		.short	24960
 1019 078c 8073     		.short	29568
 1020 078e 003F     		.short	16128
 1021 0790 001E     		.short	7680
 1022 0792 0000     		.short	0
 1023 0794 0000     		.short	0
 1024 0796 0000     		.short	0
 1025 0798 0000     		.short	0
 1026 079a C060     		.short	24768
 1027 079c C060     		.short	24768
 1028 079e C060     		.short	24768
 1029 07a0 8031     		.short	12672
 1030 07a2 8031     		.short	12672
 1031 07a4 8031     		.short	12672
 1032 07a6 001B     		.short	6912
 1033 07a8 001B     		.short	6912
 1034 07aa 001B     		.short	6912
ARM GAS  /var/folders/0b/4qn_4lxx65nfvy4wf60ckd5w0000gn/T//ccsm00Fs.s 			page 19


 1035 07ac 001B     		.short	6912
 1036 07ae 000E     		.short	3584
 1037 07b0 000E     		.short	3584
 1038 07b2 000E     		.short	3584
 1039 07b4 0004     		.short	1024
 1040 07b6 0000     		.short	0
 1041 07b8 0000     		.short	0
 1042 07ba 0000     		.short	0
 1043 07bc 0000     		.short	0
 1044 07be C0C0     		.short	-16192
 1045 07c0 C0C0     		.short	-16192
 1046 07c2 C0C0     		.short	-16192
 1047 07c4 C0C0     		.short	-16192
 1048 07c6 C0C0     		.short	-16192
 1049 07c8 C0CC     		.short	-13120
 1050 07ca 804C     		.short	19584
 1051 07cc 804C     		.short	19584
 1052 07ce 805E     		.short	24192
 1053 07d0 8052     		.short	21120
 1054 07d2 8052     		.short	21120
 1055 07d4 8073     		.short	29568
 1056 07d6 8061     		.short	24960
 1057 07d8 8061     		.short	24960
 1058 07da 0000     		.short	0
 1059 07dc 0000     		.short	0
 1060 07de 0000     		.short	0
 1061 07e0 0000     		.short	0
 1062 07e2 C0C0     		.short	-16192
 1063 07e4 8060     		.short	24704
 1064 07e6 8061     		.short	24960
 1065 07e8 0033     		.short	13056
 1066 07ea 003B     		.short	15104
 1067 07ec 001E     		.short	7680
 1068 07ee 000C     		.short	3072
 1069 07f0 000C     		.short	3072
 1070 07f2 001E     		.short	7680
 1071 07f4 001F     		.short	7936
 1072 07f6 003B     		.short	15104
 1073 07f8 8071     		.short	29056
 1074 07fa 8061     		.short	24960
 1075 07fc C0C0     		.short	-16192
 1076 07fe 0000     		.short	0
 1077 0800 0000     		.short	0
 1078 0802 0000     		.short	0
 1079 0804 0000     		.short	0
 1080 0806 C0C0     		.short	-16192
 1081 0808 8061     		.short	24960
 1082 080a 8061     		.short	24960
 1083 080c 0033     		.short	13056
 1084 080e 0033     		.short	13056
 1085 0810 001E     		.short	7680
 1086 0812 001E     		.short	7680
 1087 0814 000C     		.short	3072
 1088 0816 000C     		.short	3072
 1089 0818 000C     		.short	3072
 1090 081a 000C     		.short	3072
 1091 081c 000C     		.short	3072
ARM GAS  /var/folders/0b/4qn_4lxx65nfvy4wf60ckd5w0000gn/T//ccsm00Fs.s 			page 20


 1092 081e 000C     		.short	3072
 1093 0820 000C     		.short	3072
 1094 0822 0000     		.short	0
 1095 0824 0000     		.short	0
 1096 0826 0000     		.short	0
 1097 0828 0000     		.short	0
 1098 082a 803F     		.short	16256
 1099 082c 803F     		.short	16256
 1100 082e 8001     		.short	384
 1101 0830 0003     		.short	768
 1102 0832 0003     		.short	768
 1103 0834 0006     		.short	1536
 1104 0836 000C     		.short	3072
 1105 0838 000C     		.short	3072
 1106 083a 0018     		.short	6144
 1107 083c 0018     		.short	6144
 1108 083e 0030     		.short	12288
 1109 0840 0060     		.short	24576
 1110 0842 807F     		.short	32640
 1111 0844 807F     		.short	32640
 1112 0846 0000     		.short	0
 1113 0848 0000     		.short	0
 1114 084a 0000     		.short	0
 1115 084c 000F     		.short	3840
 1116 084e 000F     		.short	3840
 1117 0850 000C     		.short	3072
 1118 0852 000C     		.short	3072
 1119 0854 000C     		.short	3072
 1120 0856 000C     		.short	3072
 1121 0858 000C     		.short	3072
 1122 085a 000C     		.short	3072
 1123 085c 000C     		.short	3072
 1124 085e 000C     		.short	3072
 1125 0860 000C     		.short	3072
 1126 0862 000C     		.short	3072
 1127 0864 000C     		.short	3072
 1128 0866 000C     		.short	3072
 1129 0868 000C     		.short	3072
 1130 086a 000C     		.short	3072
 1131 086c 000F     		.short	3840
 1132 086e 000F     		.short	3840
 1133 0870 0000     		.short	0
 1134 0872 0018     		.short	6144
 1135 0874 0018     		.short	6144
 1136 0876 0018     		.short	6144
 1137 0878 000C     		.short	3072
 1138 087a 000C     		.short	3072
 1139 087c 000C     		.short	3072
 1140 087e 000C     		.short	3072
 1141 0880 0006     		.short	1536
 1142 0882 0006     		.short	1536
 1143 0884 0006     		.short	1536
 1144 0886 0006     		.short	1536
 1145 0888 0003     		.short	768
 1146 088a 0003     		.short	768
 1147 088c 0003     		.short	768
 1148 088e 0000     		.short	0
ARM GAS  /var/folders/0b/4qn_4lxx65nfvy4wf60ckd5w0000gn/T//ccsm00Fs.s 			page 21


 1149 0890 0000     		.short	0
 1150 0892 0000     		.short	0
 1151 0894 001E     		.short	7680
 1152 0896 001E     		.short	7680
 1153 0898 0006     		.short	1536
 1154 089a 0006     		.short	1536
 1155 089c 0006     		.short	1536
 1156 089e 0006     		.short	1536
 1157 08a0 0006     		.short	1536
 1158 08a2 0006     		.short	1536
 1159 08a4 0006     		.short	1536
 1160 08a6 0006     		.short	1536
 1161 08a8 0006     		.short	1536
 1162 08aa 0006     		.short	1536
 1163 08ac 0006     		.short	1536
 1164 08ae 0006     		.short	1536
 1165 08b0 0006     		.short	1536
 1166 08b2 0006     		.short	1536
 1167 08b4 001E     		.short	7680
 1168 08b6 001E     		.short	7680
 1169 08b8 0000     		.short	0
 1170 08ba 000C     		.short	3072
 1171 08bc 000C     		.short	3072
 1172 08be 001E     		.short	7680
 1173 08c0 0012     		.short	4608
 1174 08c2 0033     		.short	13056
 1175 08c4 0033     		.short	13056
 1176 08c6 8061     		.short	24960
 1177 08c8 8061     		.short	24960
 1178 08ca 0000     		.short	0
 1179 08cc 0000     		.short	0
 1180 08ce 0000     		.short	0
 1181 08d0 0000     		.short	0
 1182 08d2 0000     		.short	0
 1183 08d4 0000     		.short	0
 1184 08d6 0000     		.short	0
 1185 08d8 0000     		.short	0
 1186 08da 0000     		.short	0
 1187 08dc 0000     		.short	0
 1188 08de 0000     		.short	0
 1189 08e0 0000     		.short	0
 1190 08e2 0000     		.short	0
 1191 08e4 0000     		.short	0
 1192 08e6 0000     		.short	0
 1193 08e8 0000     		.short	0
 1194 08ea 0000     		.short	0
 1195 08ec 0000     		.short	0
 1196 08ee 0000     		.short	0
 1197 08f0 0000     		.short	0
 1198 08f2 0000     		.short	0
 1199 08f4 0000     		.short	0
 1200 08f6 0000     		.short	0
 1201 08f8 0000     		.short	0
 1202 08fa 0000     		.short	0
 1203 08fc E0FF     		.short	-32
 1204 08fe 0000     		.short	0
 1205 0900 0000     		.short	0
ARM GAS  /var/folders/0b/4qn_4lxx65nfvy4wf60ckd5w0000gn/T//ccsm00Fs.s 			page 22


 1206 0902 0038     		.short	14336
 1207 0904 0018     		.short	6144
 1208 0906 000C     		.short	3072
 1209 0908 0000     		.short	0
 1210 090a 0000     		.short	0
 1211 090c 0000     		.short	0
 1212 090e 0000     		.short	0
 1213 0910 0000     		.short	0
 1214 0912 0000     		.short	0
 1215 0914 0000     		.short	0
 1216 0916 0000     		.short	0
 1217 0918 0000     		.short	0
 1218 091a 0000     		.short	0
 1219 091c 0000     		.short	0
 1220 091e 0000     		.short	0
 1221 0920 0000     		.short	0
 1222 0922 0000     		.short	0
 1223 0924 0000     		.short	0
 1224 0926 0000     		.short	0
 1225 0928 0000     		.short	0
 1226 092a 0000     		.short	0
 1227 092c 0000     		.short	0
 1228 092e 001F     		.short	7936
 1229 0930 803F     		.short	16256
 1230 0932 8061     		.short	24960
 1231 0934 8001     		.short	384
 1232 0936 801F     		.short	8064
 1233 0938 803F     		.short	16256
 1234 093a 8061     		.short	24960
 1235 093c 8063     		.short	25472
 1236 093e 807F     		.short	32640
 1237 0940 C038     		.short	14528
 1238 0942 0000     		.short	0
 1239 0944 0000     		.short	0
 1240 0946 0000     		.short	0
 1241 0948 0000     		.short	0
 1242 094a 0060     		.short	24576
 1243 094c 0060     		.short	24576
 1244 094e 0060     		.short	24576
 1245 0950 0060     		.short	24576
 1246 0952 006E     		.short	28160
 1247 0954 007F     		.short	32512
 1248 0956 8073     		.short	29568
 1249 0958 8061     		.short	24960
 1250 095a 8061     		.short	24960
 1251 095c 8061     		.short	24960
 1252 095e 8061     		.short	24960
 1253 0960 8073     		.short	29568
 1254 0962 007F     		.short	32512
 1255 0964 006E     		.short	28160
 1256 0966 0000     		.short	0
 1257 0968 0000     		.short	0
 1258 096a 0000     		.short	0
 1259 096c 0000     		.short	0
 1260 096e 0000     		.short	0
 1261 0970 0000     		.short	0
 1262 0972 0000     		.short	0
ARM GAS  /var/folders/0b/4qn_4lxx65nfvy4wf60ckd5w0000gn/T//ccsm00Fs.s 			page 23


 1263 0974 0000     		.short	0
 1264 0976 001E     		.short	7680
 1265 0978 003F     		.short	16128
 1266 097a 8073     		.short	29568
 1267 097c 8061     		.short	24960
 1268 097e 0060     		.short	24576
 1269 0980 0060     		.short	24576
 1270 0982 8061     		.short	24960
 1271 0984 8073     		.short	29568
 1272 0986 003F     		.short	16128
 1273 0988 001E     		.short	7680
 1274 098a 0000     		.short	0
 1275 098c 0000     		.short	0
 1276 098e 0000     		.short	0
 1277 0990 0000     		.short	0
 1278 0992 8001     		.short	384
 1279 0994 8001     		.short	384
 1280 0996 8001     		.short	384
 1281 0998 8001     		.short	384
 1282 099a 801D     		.short	7552
 1283 099c 803F     		.short	16256
 1284 099e 8073     		.short	29568
 1285 09a0 8061     		.short	24960
 1286 09a2 8061     		.short	24960
 1287 09a4 8061     		.short	24960
 1288 09a6 8061     		.short	24960
 1289 09a8 8073     		.short	29568
 1290 09aa 803F     		.short	16256
 1291 09ac 801D     		.short	7552
 1292 09ae 0000     		.short	0
 1293 09b0 0000     		.short	0
 1294 09b2 0000     		.short	0
 1295 09b4 0000     		.short	0
 1296 09b6 0000     		.short	0
 1297 09b8 0000     		.short	0
 1298 09ba 0000     		.short	0
 1299 09bc 0000     		.short	0
 1300 09be 001E     		.short	7680
 1301 09c0 003F     		.short	16128
 1302 09c2 0073     		.short	29440
 1303 09c4 8061     		.short	24960
 1304 09c6 807F     		.short	32640
 1305 09c8 807F     		.short	32640
 1306 09ca 0060     		.short	24576
 1307 09cc 8071     		.short	29056
 1308 09ce 003F     		.short	16128
 1309 09d0 001E     		.short	7680
 1310 09d2 0000     		.short	0
 1311 09d4 0000     		.short	0
 1312 09d6 0000     		.short	0
 1313 09d8 0000     		.short	0
 1314 09da C007     		.short	1984
 1315 09dc C00F     		.short	4032
 1316 09de 000C     		.short	3072
 1317 09e0 000C     		.short	3072
 1318 09e2 807F     		.short	32640
 1319 09e4 807F     		.short	32640
ARM GAS  /var/folders/0b/4qn_4lxx65nfvy4wf60ckd5w0000gn/T//ccsm00Fs.s 			page 24


 1320 09e6 000C     		.short	3072
 1321 09e8 000C     		.short	3072
 1322 09ea 000C     		.short	3072
 1323 09ec 000C     		.short	3072
 1324 09ee 000C     		.short	3072
 1325 09f0 000C     		.short	3072
 1326 09f2 000C     		.short	3072
 1327 09f4 000C     		.short	3072
 1328 09f6 0000     		.short	0
 1329 09f8 0000     		.short	0
 1330 09fa 0000     		.short	0
 1331 09fc 0000     		.short	0
 1332 09fe 0000     		.short	0
 1333 0a00 0000     		.short	0
 1334 0a02 0000     		.short	0
 1335 0a04 801D     		.short	7552
 1336 0a06 803F     		.short	16256
 1337 0a08 8073     		.short	29568
 1338 0a0a 8061     		.short	24960
 1339 0a0c 8061     		.short	24960
 1340 0a0e 8061     		.short	24960
 1341 0a10 8061     		.short	24960
 1342 0a12 8073     		.short	29568
 1343 0a14 803F     		.short	16256
 1344 0a16 801D     		.short	7552
 1345 0a18 8001     		.short	384
 1346 0a1a 8063     		.short	25472
 1347 0a1c 007F     		.short	32512
 1348 0a1e 003E     		.short	15872
 1349 0a20 0000     		.short	0
 1350 0a22 0060     		.short	24576
 1351 0a24 0060     		.short	24576
 1352 0a26 0060     		.short	24576
 1353 0a28 0060     		.short	24576
 1354 0a2a 006F     		.short	28416
 1355 0a2c 807F     		.short	32640
 1356 0a2e 8071     		.short	29056
 1357 0a30 8061     		.short	24960
 1358 0a32 8061     		.short	24960
 1359 0a34 8061     		.short	24960
 1360 0a36 8061     		.short	24960
 1361 0a38 8061     		.short	24960
 1362 0a3a 8061     		.short	24960
 1363 0a3c 8061     		.short	24960
 1364 0a3e 0000     		.short	0
 1365 0a40 0000     		.short	0
 1366 0a42 0000     		.short	0
 1367 0a44 0000     		.short	0
 1368 0a46 0006     		.short	1536
 1369 0a48 0006     		.short	1536
 1370 0a4a 0000     		.short	0
 1371 0a4c 0000     		.short	0
 1372 0a4e 003E     		.short	15872
 1373 0a50 003E     		.short	15872
 1374 0a52 0006     		.short	1536
 1375 0a54 0006     		.short	1536
 1376 0a56 0006     		.short	1536
ARM GAS  /var/folders/0b/4qn_4lxx65nfvy4wf60ckd5w0000gn/T//ccsm00Fs.s 			page 25


 1377 0a58 0006     		.short	1536
 1378 0a5a 0006     		.short	1536
 1379 0a5c 0006     		.short	1536
 1380 0a5e 0006     		.short	1536
 1381 0a60 0006     		.short	1536
 1382 0a62 0000     		.short	0
 1383 0a64 0000     		.short	0
 1384 0a66 0000     		.short	0
 1385 0a68 0006     		.short	1536
 1386 0a6a 0006     		.short	1536
 1387 0a6c 0000     		.short	0
 1388 0a6e 0000     		.short	0
 1389 0a70 003E     		.short	15872
 1390 0a72 003E     		.short	15872
 1391 0a74 0006     		.short	1536
 1392 0a76 0006     		.short	1536
 1393 0a78 0006     		.short	1536
 1394 0a7a 0006     		.short	1536
 1395 0a7c 0006     		.short	1536
 1396 0a7e 0006     		.short	1536
 1397 0a80 0006     		.short	1536
 1398 0a82 0006     		.short	1536
 1399 0a84 0006     		.short	1536
 1400 0a86 0046     		.short	17920
 1401 0a88 007E     		.short	32256
 1402 0a8a 003C     		.short	15360
 1403 0a8c 0000     		.short	0
 1404 0a8e 0060     		.short	24576
 1405 0a90 0060     		.short	24576
 1406 0a92 0060     		.short	24576
 1407 0a94 0060     		.short	24576
 1408 0a96 8061     		.short	24960
 1409 0a98 0063     		.short	25344
 1410 0a9a 0066     		.short	26112
 1411 0a9c 006C     		.short	27648
 1412 0a9e 007C     		.short	31744
 1413 0aa0 0076     		.short	30208
 1414 0aa2 0063     		.short	25344
 1415 0aa4 0063     		.short	25344
 1416 0aa6 8061     		.short	24960
 1417 0aa8 C060     		.short	24768
 1418 0aaa 0000     		.short	0
 1419 0aac 0000     		.short	0
 1420 0aae 0000     		.short	0
 1421 0ab0 0000     		.short	0
 1422 0ab2 003E     		.short	15872
 1423 0ab4 003E     		.short	15872
 1424 0ab6 0006     		.short	1536
 1425 0ab8 0006     		.short	1536
 1426 0aba 0006     		.short	1536
 1427 0abc 0006     		.short	1536
 1428 0abe 0006     		.short	1536
 1429 0ac0 0006     		.short	1536
 1430 0ac2 0006     		.short	1536
 1431 0ac4 0006     		.short	1536
 1432 0ac6 0006     		.short	1536
 1433 0ac8 0006     		.short	1536
ARM GAS  /var/folders/0b/4qn_4lxx65nfvy4wf60ckd5w0000gn/T//ccsm00Fs.s 			page 26


 1434 0aca 0006     		.short	1536
 1435 0acc 0006     		.short	1536
 1436 0ace 0000     		.short	0
 1437 0ad0 0000     		.short	0
 1438 0ad2 0000     		.short	0
 1439 0ad4 0000     		.short	0
 1440 0ad6 0000     		.short	0
 1441 0ad8 0000     		.short	0
 1442 0ada 0000     		.short	0
 1443 0adc 0000     		.short	0
 1444 0ade 80DD     		.short	-8832
 1445 0ae0 C0FF     		.short	-64
 1446 0ae2 C0CE     		.short	-12608
 1447 0ae4 C0CC     		.short	-13120
 1448 0ae6 C0CC     		.short	-13120
 1449 0ae8 C0CC     		.short	-13120
 1450 0aea C0CC     		.short	-13120
 1451 0aec C0CC     		.short	-13120
 1452 0aee C0CC     		.short	-13120
 1453 0af0 C0CC     		.short	-13120
 1454 0af2 0000     		.short	0
 1455 0af4 0000     		.short	0
 1456 0af6 0000     		.short	0
 1457 0af8 0000     		.short	0
 1458 0afa 0000     		.short	0
 1459 0afc 0000     		.short	0
 1460 0afe 0000     		.short	0
 1461 0b00 0000     		.short	0
 1462 0b02 006F     		.short	28416
 1463 0b04 807F     		.short	32640
 1464 0b06 8071     		.short	29056
 1465 0b08 8061     		.short	24960
 1466 0b0a 8061     		.short	24960
 1467 0b0c 8061     		.short	24960
 1468 0b0e 8061     		.short	24960
 1469 0b10 8061     		.short	24960
 1470 0b12 8061     		.short	24960
 1471 0b14 8061     		.short	24960
 1472 0b16 0000     		.short	0
 1473 0b18 0000     		.short	0
 1474 0b1a 0000     		.short	0
 1475 0b1c 0000     		.short	0
 1476 0b1e 0000     		.short	0
 1477 0b20 0000     		.short	0
 1478 0b22 0000     		.short	0
 1479 0b24 0000     		.short	0
 1480 0b26 001E     		.short	7680
 1481 0b28 003F     		.short	16128
 1482 0b2a 8073     		.short	29568
 1483 0b2c 8061     		.short	24960
 1484 0b2e 8061     		.short	24960
 1485 0b30 8061     		.short	24960
 1486 0b32 8061     		.short	24960
 1487 0b34 8073     		.short	29568
 1488 0b36 003F     		.short	16128
 1489 0b38 001E     		.short	7680
 1490 0b3a 0000     		.short	0
ARM GAS  /var/folders/0b/4qn_4lxx65nfvy4wf60ckd5w0000gn/T//ccsm00Fs.s 			page 27


 1491 0b3c 0000     		.short	0
 1492 0b3e 0000     		.short	0
 1493 0b40 0000     		.short	0
 1494 0b42 0000     		.short	0
 1495 0b44 0000     		.short	0
 1496 0b46 0000     		.short	0
 1497 0b48 006E     		.short	28160
 1498 0b4a 007F     		.short	32512
 1499 0b4c 8073     		.short	29568
 1500 0b4e 8061     		.short	24960
 1501 0b50 8061     		.short	24960
 1502 0b52 8061     		.short	24960
 1503 0b54 8061     		.short	24960
 1504 0b56 8073     		.short	29568
 1505 0b58 007F     		.short	32512
 1506 0b5a 006E     		.short	28160
 1507 0b5c 0060     		.short	24576
 1508 0b5e 0060     		.short	24576
 1509 0b60 0060     		.short	24576
 1510 0b62 0060     		.short	24576
 1511 0b64 0000     		.short	0
 1512 0b66 0000     		.short	0
 1513 0b68 0000     		.short	0
 1514 0b6a 0000     		.short	0
 1515 0b6c 801D     		.short	7552
 1516 0b6e 803F     		.short	16256
 1517 0b70 8073     		.short	29568
 1518 0b72 8061     		.short	24960
 1519 0b74 8061     		.short	24960
 1520 0b76 8061     		.short	24960
 1521 0b78 8061     		.short	24960
 1522 0b7a 8073     		.short	29568
 1523 0b7c 803F     		.short	16256
 1524 0b7e 801D     		.short	7552
 1525 0b80 8001     		.short	384
 1526 0b82 8001     		.short	384
 1527 0b84 8001     		.short	384
 1528 0b86 8001     		.short	384
 1529 0b88 0000     		.short	0
 1530 0b8a 0000     		.short	0
 1531 0b8c 0000     		.short	0
 1532 0b8e 0000     		.short	0
 1533 0b90 0000     		.short	0
 1534 0b92 0067     		.short	26368
 1535 0b94 803F     		.short	16256
 1536 0b96 0039     		.short	14592
 1537 0b98 0030     		.short	12288
 1538 0b9a 0030     		.short	12288
 1539 0b9c 0030     		.short	12288
 1540 0b9e 0030     		.short	12288
 1541 0ba0 0030     		.short	12288
 1542 0ba2 0030     		.short	12288
 1543 0ba4 0030     		.short	12288
 1544 0ba6 0000     		.short	0
 1545 0ba8 0000     		.short	0
 1546 0baa 0000     		.short	0
 1547 0bac 0000     		.short	0
ARM GAS  /var/folders/0b/4qn_4lxx65nfvy4wf60ckd5w0000gn/T//ccsm00Fs.s 			page 28


 1548 0bae 0000     		.short	0
 1549 0bb0 0000     		.short	0
 1550 0bb2 0000     		.short	0
 1551 0bb4 0000     		.short	0
 1552 0bb6 001E     		.short	7680
 1553 0bb8 803F     		.short	16256
 1554 0bba 8061     		.short	24960
 1555 0bbc 0060     		.short	24576
 1556 0bbe 007F     		.short	32512
 1557 0bc0 803F     		.short	16256
 1558 0bc2 8001     		.short	384
 1559 0bc4 8061     		.short	24960
 1560 0bc6 007F     		.short	32512
 1561 0bc8 001E     		.short	7680
 1562 0bca 0000     		.short	0
 1563 0bcc 0000     		.short	0
 1564 0bce 0000     		.short	0
 1565 0bd0 0000     		.short	0
 1566 0bd2 0000     		.short	0
 1567 0bd4 0008     		.short	2048
 1568 0bd6 0018     		.short	6144
 1569 0bd8 0018     		.short	6144
 1570 0bda 007F     		.short	32512
 1571 0bdc 007F     		.short	32512
 1572 0bde 0018     		.short	6144
 1573 0be0 0018     		.short	6144
 1574 0be2 0018     		.short	6144
 1575 0be4 0018     		.short	6144
 1576 0be6 0018     		.short	6144
 1577 0be8 0018     		.short	6144
 1578 0bea 801F     		.short	8064
 1579 0bec 800F     		.short	3968
 1580 0bee 0000     		.short	0
 1581 0bf0 0000     		.short	0
 1582 0bf2 0000     		.short	0
 1583 0bf4 0000     		.short	0
 1584 0bf6 0000     		.short	0
 1585 0bf8 0000     		.short	0
 1586 0bfa 0000     		.short	0
 1587 0bfc 0000     		.short	0
 1588 0bfe 8061     		.short	24960
 1589 0c00 8061     		.short	24960
 1590 0c02 8061     		.short	24960
 1591 0c04 8061     		.short	24960
 1592 0c06 8061     		.short	24960
 1593 0c08 8061     		.short	24960
 1594 0c0a 8061     		.short	24960
 1595 0c0c 8063     		.short	25472
 1596 0c0e 807F     		.short	32640
 1597 0c10 803D     		.short	15744
 1598 0c12 0000     		.short	0
 1599 0c14 0000     		.short	0
 1600 0c16 0000     		.short	0
 1601 0c18 0000     		.short	0
 1602 0c1a 0000     		.short	0
 1603 0c1c 0000     		.short	0
 1604 0c1e 0000     		.short	0
ARM GAS  /var/folders/0b/4qn_4lxx65nfvy4wf60ckd5w0000gn/T//ccsm00Fs.s 			page 29


 1605 0c20 0000     		.short	0
 1606 0c22 C060     		.short	24768
 1607 0c24 8031     		.short	12672
 1608 0c26 8031     		.short	12672
 1609 0c28 8031     		.short	12672
 1610 0c2a 001B     		.short	6912
 1611 0c2c 001B     		.short	6912
 1612 0c2e 001B     		.short	6912
 1613 0c30 000E     		.short	3584
 1614 0c32 000E     		.short	3584
 1615 0c34 0006     		.short	1536
 1616 0c36 0000     		.short	0
 1617 0c38 0000     		.short	0
 1618 0c3a 0000     		.short	0
 1619 0c3c 0000     		.short	0
 1620 0c3e 0000     		.short	0
 1621 0c40 0000     		.short	0
 1622 0c42 0000     		.short	0
 1623 0c44 0000     		.short	0
 1624 0c46 80DD     		.short	-8832
 1625 0c48 80DD     		.short	-8832
 1626 0c4a 80DD     		.short	-8832
 1627 0c4c 0055     		.short	21760
 1628 0c4e 0055     		.short	21760
 1629 0c50 0055     		.short	21760
 1630 0c52 0077     		.short	30464
 1631 0c54 0077     		.short	30464
 1632 0c56 0022     		.short	8704
 1633 0c58 0022     		.short	8704
 1634 0c5a 0000     		.short	0
 1635 0c5c 0000     		.short	0
 1636 0c5e 0000     		.short	0
 1637 0c60 0000     		.short	0
 1638 0c62 0000     		.short	0
 1639 0c64 0000     		.short	0
 1640 0c66 0000     		.short	0
 1641 0c68 0000     		.short	0
 1642 0c6a 8061     		.short	24960
 1643 0c6c 0033     		.short	13056
 1644 0c6e 0033     		.short	13056
 1645 0c70 001E     		.short	7680
 1646 0c72 000C     		.short	3072
 1647 0c74 000C     		.short	3072
 1648 0c76 001E     		.short	7680
 1649 0c78 0033     		.short	13056
 1650 0c7a 0033     		.short	13056
 1651 0c7c 8061     		.short	24960
 1652 0c7e 0000     		.short	0
 1653 0c80 0000     		.short	0
 1654 0c82 0000     		.short	0
 1655 0c84 0000     		.short	0
 1656 0c86 0000     		.short	0
 1657 0c88 0000     		.short	0
 1658 0c8a 0000     		.short	0
 1659 0c8c 8061     		.short	24960
 1660 0c8e 8061     		.short	24960
 1661 0c90 8031     		.short	12672
ARM GAS  /var/folders/0b/4qn_4lxx65nfvy4wf60ckd5w0000gn/T//ccsm00Fs.s 			page 30


 1662 0c92 0033     		.short	13056
 1663 0c94 0033     		.short	13056
 1664 0c96 001B     		.short	6912
 1665 0c98 001B     		.short	6912
 1666 0c9a 001B     		.short	6912
 1667 0c9c 000E     		.short	3584
 1668 0c9e 000E     		.short	3584
 1669 0ca0 000E     		.short	3584
 1670 0ca2 001C     		.short	7168
 1671 0ca4 007C     		.short	31744
 1672 0ca6 0070     		.short	28672
 1673 0ca8 0000     		.short	0
 1674 0caa 0000     		.short	0
 1675 0cac 0000     		.short	0
 1676 0cae 0000     		.short	0
 1677 0cb0 0000     		.short	0
 1678 0cb2 C07F     		.short	32704
 1679 0cb4 C07F     		.short	32704
 1680 0cb6 8001     		.short	384
 1681 0cb8 0003     		.short	768
 1682 0cba 0006     		.short	1536
 1683 0cbc 000C     		.short	3072
 1684 0cbe 0018     		.short	6144
 1685 0cc0 0030     		.short	12288
 1686 0cc2 C07F     		.short	32704
 1687 0cc4 C07F     		.short	32704
 1688 0cc6 0000     		.short	0
 1689 0cc8 0000     		.short	0
 1690 0cca 0000     		.short	0
 1691 0ccc 8003     		.short	896
 1692 0cce 8007     		.short	1920
 1693 0cd0 0006     		.short	1536
 1694 0cd2 0006     		.short	1536
 1695 0cd4 0006     		.short	1536
 1696 0cd6 0006     		.short	1536
 1697 0cd8 0006     		.short	1536
 1698 0cda 000E     		.short	3584
 1699 0cdc 001C     		.short	7168
 1700 0cde 001C     		.short	7168
 1701 0ce0 000E     		.short	3584
 1702 0ce2 0006     		.short	1536
 1703 0ce4 0006     		.short	1536
 1704 0ce6 0006     		.short	1536
 1705 0ce8 0006     		.short	1536
 1706 0cea 0006     		.short	1536
 1707 0cec 8007     		.short	1920
 1708 0cee 8003     		.short	896
 1709 0cf0 0006     		.short	1536
 1710 0cf2 0006     		.short	1536
 1711 0cf4 0006     		.short	1536
 1712 0cf6 0006     		.short	1536
 1713 0cf8 0006     		.short	1536
 1714 0cfa 0006     		.short	1536
 1715 0cfc 0006     		.short	1536
 1716 0cfe 0006     		.short	1536
 1717 0d00 0006     		.short	1536
 1718 0d02 0006     		.short	1536
ARM GAS  /var/folders/0b/4qn_4lxx65nfvy4wf60ckd5w0000gn/T//ccsm00Fs.s 			page 31


 1719 0d04 0006     		.short	1536
 1720 0d06 0006     		.short	1536
 1721 0d08 0006     		.short	1536
 1722 0d0a 0006     		.short	1536
 1723 0d0c 0006     		.short	1536
 1724 0d0e 0006     		.short	1536
 1725 0d10 0006     		.short	1536
 1726 0d12 0006     		.short	1536
 1727 0d14 0038     		.short	14336
 1728 0d16 003C     		.short	15360
 1729 0d18 000C     		.short	3072
 1730 0d1a 000C     		.short	3072
 1731 0d1c 000C     		.short	3072
 1732 0d1e 000C     		.short	3072
 1733 0d20 000C     		.short	3072
 1734 0d22 000E     		.short	3584
 1735 0d24 0007     		.short	1792
 1736 0d26 0007     		.short	1792
 1737 0d28 000E     		.short	3584
 1738 0d2a 000C     		.short	3072
 1739 0d2c 000C     		.short	3072
 1740 0d2e 000C     		.short	3072
 1741 0d30 000C     		.short	3072
 1742 0d32 000C     		.short	3072
 1743 0d34 003C     		.short	15360
 1744 0d36 0038     		.short	14336
 1745 0d38 0000     		.short	0
 1746 0d3a 0000     		.short	0
 1747 0d3c 0000     		.short	0
 1748 0d3e 0000     		.short	0
 1749 0d40 0000     		.short	0
 1750 0d42 0000     		.short	0
 1751 0d44 0000     		.short	0
 1752 0d46 8038     		.short	14464
 1753 0d48 807F     		.short	32640
 1754 0d4a 0047     		.short	18176
 1755 0d4c 0000     		.short	0
 1756 0d4e 0000     		.short	0
 1757 0d50 0000     		.short	0
 1758 0d52 0000     		.short	0
 1759 0d54 0000     		.short	0
 1760 0d56 0000     		.short	0
 1761 0d58 0000     		.short	0
 1762 0d5a 0000     		.short	0
 1763              		.section	.rodata.Font16x26,"a"
 1764              		.align	2
 1767              	Font16x26:
 1768 0000 0000     		.short	0
 1769 0002 0000     		.short	0
 1770 0004 0000     		.short	0
 1771 0006 0000     		.short	0
 1772 0008 0000     		.short	0
 1773 000a 0000     		.short	0
 1774 000c 0000     		.short	0
 1775 000e 0000     		.short	0
 1776 0010 0000     		.short	0
 1777 0012 0000     		.short	0
ARM GAS  /var/folders/0b/4qn_4lxx65nfvy4wf60ckd5w0000gn/T//ccsm00Fs.s 			page 32


 1778 0014 0000     		.short	0
 1779 0016 0000     		.short	0
 1780 0018 0000     		.short	0
 1781 001a 0000     		.short	0
 1782 001c 0000     		.short	0
 1783 001e 0000     		.short	0
 1784 0020 0000     		.short	0
 1785 0022 0000     		.short	0
 1786 0024 0000     		.short	0
 1787 0026 0000     		.short	0
 1788 0028 0000     		.short	0
 1789 002a 0000     		.short	0
 1790 002c 0000     		.short	0
 1791 002e 0000     		.short	0
 1792 0030 0000     		.short	0
 1793 0032 0000     		.short	0
 1794 0034 E003     		.short	992
 1795 0036 E003     		.short	992
 1796 0038 E003     		.short	992
 1797 003a E003     		.short	992
 1798 003c E003     		.short	992
 1799 003e E003     		.short	992
 1800 0040 E003     		.short	992
 1801 0042 E003     		.short	992
 1802 0044 C003     		.short	960
 1803 0046 C003     		.short	960
 1804 0048 C001     		.short	448
 1805 004a C001     		.short	448
 1806 004c C001     		.short	448
 1807 004e C001     		.short	448
 1808 0050 C001     		.short	448
 1809 0052 0000     		.short	0
 1810 0054 0000     		.short	0
 1811 0056 0000     		.short	0
 1812 0058 E003     		.short	992
 1813 005a E003     		.short	992
 1814 005c E003     		.short	992
 1815 005e 0000     		.short	0
 1816 0060 0000     		.short	0
 1817 0062 0000     		.short	0
 1818 0064 0000     		.short	0
 1819 0066 0000     		.short	0
 1820 0068 3C1E     		.short	7740
 1821 006a 3C1E     		.short	7740
 1822 006c 3C1E     		.short	7740
 1823 006e 3C1E     		.short	7740
 1824 0070 3C1E     		.short	7740
 1825 0072 3C1E     		.short	7740
 1826 0074 3C1E     		.short	7740
 1827 0076 0000     		.short	0
 1828 0078 0000     		.short	0
 1829 007a 0000     		.short	0
 1830 007c 0000     		.short	0
 1831 007e 0000     		.short	0
 1832 0080 0000     		.short	0
 1833 0082 0000     		.short	0
 1834 0084 0000     		.short	0
ARM GAS  /var/folders/0b/4qn_4lxx65nfvy4wf60ckd5w0000gn/T//ccsm00Fs.s 			page 33


 1835 0086 0000     		.short	0
 1836 0088 0000     		.short	0
 1837 008a 0000     		.short	0
 1838 008c 0000     		.short	0
 1839 008e 0000     		.short	0
 1840 0090 0000     		.short	0
 1841 0092 0000     		.short	0
 1842 0094 0000     		.short	0
 1843 0096 0000     		.short	0
 1844 0098 0000     		.short	0
 1845 009a 0000     		.short	0
 1846 009c CE01     		.short	462
 1847 009e CE03     		.short	974
 1848 00a0 DE03     		.short	990
 1849 00a2 9E03     		.short	926
 1850 00a4 9C03     		.short	924
 1851 00a6 9C07     		.short	1948
 1852 00a8 FF3F     		.short	16383
 1853 00aa FF7F     		.short	32767
 1854 00ac 3807     		.short	1848
 1855 00ae 380F     		.short	3896
 1856 00b0 780F     		.short	3960
 1857 00b2 780F     		.short	3960
 1858 00b4 780E     		.short	3704
 1859 00b6 FFFF     		.short	-1
 1860 00b8 FFFF     		.short	-1
 1861 00ba F01E     		.short	7920
 1862 00bc F01C     		.short	7408
 1863 00be E01C     		.short	7392
 1864 00c0 E03C     		.short	15584
 1865 00c2 E03D     		.short	15840
 1866 00c4 E039     		.short	14816
 1867 00c6 0000     		.short	0
 1868 00c8 0000     		.short	0
 1869 00ca 0000     		.short	0
 1870 00cc 0000     		.short	0
 1871 00ce 0000     		.short	0
 1872 00d0 FC03     		.short	1020
 1873 00d2 FE0F     		.short	4094
 1874 00d4 EE1F     		.short	8174
 1875 00d6 E01E     		.short	7904
 1876 00d8 E01E     		.short	7904
 1877 00da E01E     		.short	7904
 1878 00dc E01E     		.short	7904
 1879 00de E01F     		.short	8160
 1880 00e0 E00F     		.short	4064
 1881 00e2 E007     		.short	2016
 1882 00e4 F003     		.short	1008
 1883 00e6 FC01     		.short	508
 1884 00e8 FE01     		.short	510
 1885 00ea FE01     		.short	510
 1886 00ec FE01     		.short	510
 1887 00ee FE01     		.short	510
 1888 00f0 FE01     		.short	510
 1889 00f2 FE01     		.short	510
 1890 00f4 FE3D     		.short	15870
 1891 00f6 FC3F     		.short	16380
ARM GAS  /var/folders/0b/4qn_4lxx65nfvy4wf60ckd5w0000gn/T//ccsm00Fs.s 			page 34


 1892 00f8 F00F     		.short	4080
 1893 00fa E001     		.short	480
 1894 00fc E001     		.short	480
 1895 00fe 0000     		.short	0
 1896 0100 0000     		.short	0
 1897 0102 0000     		.short	0
 1898 0104 033E     		.short	15875
 1899 0106 07F7     		.short	-2297
 1900 0108 8FE7     		.short	-6257
 1901 010a 8EE7     		.short	-6258
 1902 010c 9EE3     		.short	-7266
 1903 010e BCE3     		.short	-7236
 1904 0110 B8E7     		.short	-6216
 1905 0112 F8E7     		.short	-6152
 1906 0114 F0F7     		.short	-2064
 1907 0116 E03F     		.short	16352
 1908 0118 C001     		.short	448
 1909 011a FF03     		.short	1023
 1910 011c FF07     		.short	2047
 1911 011e F307     		.short	2035
 1912 0120 F30F     		.short	4083
 1913 0122 F31E     		.short	7923
 1914 0124 F33C     		.short	15603
 1915 0126 F338     		.short	14579
 1916 0128 F378     		.short	30963
 1917 012a 7FF0     		.short	-3969
 1918 012c 3FE0     		.short	-8129
 1919 012e 0000     		.short	0
 1920 0130 0000     		.short	0
 1921 0132 0000     		.short	0
 1922 0134 0000     		.short	0
 1923 0136 0000     		.short	0
 1924 0138 E007     		.short	2016
 1925 013a F80F     		.short	4088
 1926 013c 780F     		.short	3960
 1927 013e 781F     		.short	8056
 1928 0140 781F     		.short	8056
 1929 0142 781F     		.short	8056
 1930 0144 780F     		.short	3960
 1931 0146 F00F     		.short	4080
 1932 0148 E00F     		.short	4064
 1933 014a 801F     		.short	8064
 1934 014c C37F     		.short	32707
 1935 014e C3FB     		.short	-1085
 1936 0150 E7F3     		.short	-3097
 1937 0152 F7F1     		.short	-3593
 1938 0154 F7F0     		.short	-3849
 1939 0156 FFF0     		.short	-3841
 1940 0158 7FF0     		.short	-3969
 1941 015a 3EF8     		.short	-1986
 1942 015c 7F7C     		.short	31871
 1943 015e FF3F     		.short	16383
 1944 0160 EF1F     		.short	8175
 1945 0162 0000     		.short	0
 1946 0164 0000     		.short	0
 1947 0166 0000     		.short	0
 1948 0168 0000     		.short	0
ARM GAS  /var/folders/0b/4qn_4lxx65nfvy4wf60ckd5w0000gn/T//ccsm00Fs.s 			page 35


 1949 016a 0000     		.short	0
 1950 016c E003     		.short	992
 1951 016e E003     		.short	992
 1952 0170 E003     		.short	992
 1953 0172 E003     		.short	992
 1954 0174 E003     		.short	992
 1955 0176 C003     		.short	960
 1956 0178 C001     		.short	448
 1957 017a 0000     		.short	0
 1958 017c 0000     		.short	0
 1959 017e 0000     		.short	0
 1960 0180 0000     		.short	0
 1961 0182 0000     		.short	0
 1962 0184 0000     		.short	0
 1963 0186 0000     		.short	0
 1964 0188 0000     		.short	0
 1965 018a 0000     		.short	0
 1966 018c 0000     		.short	0
 1967 018e 0000     		.short	0
 1968 0190 0000     		.short	0
 1969 0192 0000     		.short	0
 1970 0194 0000     		.short	0
 1971 0196 0000     		.short	0
 1972 0198 0000     		.short	0
 1973 019a 0000     		.short	0
 1974 019c 0000     		.short	0
 1975 019e 0000     		.short	0
 1976 01a0 3F00     		.short	63
 1977 01a2 7C00     		.short	124
 1978 01a4 F001     		.short	496
 1979 01a6 E001     		.short	480
 1980 01a8 C003     		.short	960
 1981 01aa C007     		.short	1984
 1982 01ac 8007     		.short	1920
 1983 01ae 8007     		.short	1920
 1984 01b0 800F     		.short	3968
 1985 01b2 000F     		.short	3840
 1986 01b4 000F     		.short	3840
 1987 01b6 000F     		.short	3840
 1988 01b8 000F     		.short	3840
 1989 01ba 000F     		.short	3840
 1990 01bc 000F     		.short	3840
 1991 01be 800F     		.short	3968
 1992 01c0 8007     		.short	1920
 1993 01c2 8007     		.short	1920
 1994 01c4 C007     		.short	1984
 1995 01c6 C003     		.short	960
 1996 01c8 E001     		.short	480
 1997 01ca F001     		.short	496
 1998 01cc 7C00     		.short	124
 1999 01ce 3F00     		.short	63
 2000 01d0 0F00     		.short	15
 2001 01d2 0000     		.short	0
 2002 01d4 007E     		.short	32256
 2003 01d6 001F     		.short	7936
 2004 01d8 C007     		.short	1984
 2005 01da C003     		.short	960
ARM GAS  /var/folders/0b/4qn_4lxx65nfvy4wf60ckd5w0000gn/T//ccsm00Fs.s 			page 36


 2006 01dc E001     		.short	480
 2007 01de F001     		.short	496
 2008 01e0 F000     		.short	240
 2009 01e2 F000     		.short	240
 2010 01e4 F800     		.short	248
 2011 01e6 7800     		.short	120
 2012 01e8 7800     		.short	120
 2013 01ea 7800     		.short	120
 2014 01ec 7800     		.short	120
 2015 01ee 7800     		.short	120
 2016 01f0 7800     		.short	120
 2017 01f2 F800     		.short	248
 2018 01f4 F000     		.short	240
 2019 01f6 F000     		.short	240
 2020 01f8 F001     		.short	496
 2021 01fa E001     		.short	480
 2022 01fc C003     		.short	960
 2023 01fe C007     		.short	1984
 2024 0200 001F     		.short	7936
 2025 0202 007E     		.short	32256
 2026 0204 0078     		.short	30720
 2027 0206 0000     		.short	0
 2028 0208 E003     		.short	992
 2029 020a C003     		.short	960
 2030 020c C001     		.short	448
 2031 020e CE39     		.short	14798
 2032 0210 FF3F     		.short	16383
 2033 0212 7F3F     		.short	16255
 2034 0214 2003     		.short	800
 2035 0216 7003     		.short	880
 2036 0218 F807     		.short	2040
 2037 021a 780F     		.short	3960
 2038 021c 3C1F     		.short	7996
 2039 021e 3806     		.short	1592
 2040 0220 0000     		.short	0
 2041 0222 0000     		.short	0
 2042 0224 0000     		.short	0
 2043 0226 0000     		.short	0
 2044 0228 0000     		.short	0
 2045 022a 0000     		.short	0
 2046 022c 0000     		.short	0
 2047 022e 0000     		.short	0
 2048 0230 0000     		.short	0
 2049 0232 0000     		.short	0
 2050 0234 0000     		.short	0
 2051 0236 0000     		.short	0
 2052 0238 0000     		.short	0
 2053 023a 0000     		.short	0
 2054 023c 0000     		.short	0
 2055 023e 0000     		.short	0
 2056 0240 0000     		.short	0
 2057 0242 0000     		.short	0
 2058 0244 0000     		.short	0
 2059 0246 0000     		.short	0
 2060 0248 C001     		.short	448
 2061 024a C001     		.short	448
 2062 024c C001     		.short	448
ARM GAS  /var/folders/0b/4qn_4lxx65nfvy4wf60ckd5w0000gn/T//ccsm00Fs.s 			page 37


 2063 024e C001     		.short	448
 2064 0250 C001     		.short	448
 2065 0252 C001     		.short	448
 2066 0254 C001     		.short	448
 2067 0256 FFFF     		.short	-1
 2068 0258 FFFF     		.short	-1
 2069 025a C001     		.short	448
 2070 025c C001     		.short	448
 2071 025e C001     		.short	448
 2072 0260 C001     		.short	448
 2073 0262 C001     		.short	448
 2074 0264 C001     		.short	448
 2075 0266 0000     		.short	0
 2076 0268 0000     		.short	0
 2077 026a 0000     		.short	0
 2078 026c 0000     		.short	0
 2079 026e 0000     		.short	0
 2080 0270 0000     		.short	0
 2081 0272 0000     		.short	0
 2082 0274 0000     		.short	0
 2083 0276 0000     		.short	0
 2084 0278 0000     		.short	0
 2085 027a 0000     		.short	0
 2086 027c 0000     		.short	0
 2087 027e 0000     		.short	0
 2088 0280 0000     		.short	0
 2089 0282 0000     		.short	0
 2090 0284 0000     		.short	0
 2091 0286 0000     		.short	0
 2092 0288 0000     		.short	0
 2093 028a 0000     		.short	0
 2094 028c 0000     		.short	0
 2095 028e 0000     		.short	0
 2096 0290 0000     		.short	0
 2097 0292 E003     		.short	992
 2098 0294 E003     		.short	992
 2099 0296 E003     		.short	992
 2100 0298 E003     		.short	992
 2101 029a E001     		.short	480
 2102 029c E001     		.short	480
 2103 029e E001     		.short	480
 2104 02a0 C001     		.short	448
 2105 02a2 8003     		.short	896
 2106 02a4 0000     		.short	0
 2107 02a6 0000     		.short	0
 2108 02a8 0000     		.short	0
 2109 02aa 0000     		.short	0
 2110 02ac 0000     		.short	0
 2111 02ae 0000     		.short	0
 2112 02b0 0000     		.short	0
 2113 02b2 0000     		.short	0
 2114 02b4 0000     		.short	0
 2115 02b6 0000     		.short	0
 2116 02b8 0000     		.short	0
 2117 02ba FE3F     		.short	16382
 2118 02bc FE3F     		.short	16382
 2119 02be 0000     		.short	0
ARM GAS  /var/folders/0b/4qn_4lxx65nfvy4wf60ckd5w0000gn/T//ccsm00Fs.s 			page 38


 2120 02c0 0000     		.short	0
 2121 02c2 0000     		.short	0
 2122 02c4 0000     		.short	0
 2123 02c6 0000     		.short	0
 2124 02c8 0000     		.short	0
 2125 02ca 0000     		.short	0
 2126 02cc 0000     		.short	0
 2127 02ce 0000     		.short	0
 2128 02d0 0000     		.short	0
 2129 02d2 0000     		.short	0
 2130 02d4 0000     		.short	0
 2131 02d6 0000     		.short	0
 2132 02d8 0000     		.short	0
 2133 02da 0000     		.short	0
 2134 02dc 0000     		.short	0
 2135 02de 0000     		.short	0
 2136 02e0 0000     		.short	0
 2137 02e2 0000     		.short	0
 2138 02e4 0000     		.short	0
 2139 02e6 0000     		.short	0
 2140 02e8 0000     		.short	0
 2141 02ea 0000     		.short	0
 2142 02ec 0000     		.short	0
 2143 02ee 0000     		.short	0
 2144 02f0 0000     		.short	0
 2145 02f2 0000     		.short	0
 2146 02f4 0000     		.short	0
 2147 02f6 0000     		.short	0
 2148 02f8 0000     		.short	0
 2149 02fa E003     		.short	992
 2150 02fc E003     		.short	992
 2151 02fe E003     		.short	992
 2152 0300 E003     		.short	992
 2153 0302 0000     		.short	0
 2154 0304 0000     		.short	0
 2155 0306 0000     		.short	0
 2156 0308 0000     		.short	0
 2157 030a 0000     		.short	0
 2158 030c 0F00     		.short	15
 2159 030e 0F00     		.short	15
 2160 0310 1E00     		.short	30
 2161 0312 1E00     		.short	30
 2162 0314 3C00     		.short	60
 2163 0316 3C00     		.short	60
 2164 0318 7800     		.short	120
 2165 031a 7800     		.short	120
 2166 031c F000     		.short	240
 2167 031e F000     		.short	240
 2168 0320 E001     		.short	480
 2169 0322 E001     		.short	480
 2170 0324 C003     		.short	960
 2171 0326 C003     		.short	960
 2172 0328 8007     		.short	1920
 2173 032a 8007     		.short	1920
 2174 032c 000F     		.short	3840
 2175 032e 000F     		.short	3840
 2176 0330 001E     		.short	7680
ARM GAS  /var/folders/0b/4qn_4lxx65nfvy4wf60ckd5w0000gn/T//ccsm00Fs.s 			page 39


 2177 0332 001E     		.short	7680
 2178 0334 003C     		.short	15360
 2179 0336 003C     		.short	15360
 2180 0338 0078     		.short	30720
 2181 033a 0078     		.short	30720
 2182 033c 00F0     		.short	-4096
 2183 033e 0000     		.short	0
 2184 0340 F007     		.short	2032
 2185 0342 F80F     		.short	4088
 2186 0344 7C1F     		.short	8060
 2187 0346 3E3E     		.short	15934
 2188 0348 1E3C     		.short	15390
 2189 034a 1F7C     		.short	31775
 2190 034c 1F7C     		.short	31775
 2191 034e 0F78     		.short	30735
 2192 0350 0F78     		.short	30735
 2193 0352 0F78     		.short	30735
 2194 0354 0F78     		.short	30735
 2195 0356 0F78     		.short	30735
 2196 0358 0F78     		.short	30735
 2197 035a 0F78     		.short	30735
 2198 035c 1F7C     		.short	31775
 2199 035e 1F7C     		.short	31775
 2200 0360 1E3C     		.short	15390
 2201 0362 3E3E     		.short	15934
 2202 0364 7C1F     		.short	8060
 2203 0366 F80F     		.short	4088
 2204 0368 F007     		.short	2032
 2205 036a 0000     		.short	0
 2206 036c 0000     		.short	0
 2207 036e 0000     		.short	0
 2208 0370 0000     		.short	0
 2209 0372 0000     		.short	0
 2210 0374 F000     		.short	240
 2211 0376 F007     		.short	2032
 2212 0378 F03F     		.short	16368
 2213 037a F03F     		.short	16368
 2214 037c F001     		.short	496
 2215 037e F001     		.short	496
 2216 0380 F001     		.short	496
 2217 0382 F001     		.short	496
 2218 0384 F001     		.short	496
 2219 0386 F001     		.short	496
 2220 0388 F001     		.short	496
 2221 038a F001     		.short	496
 2222 038c F001     		.short	496
 2223 038e F001     		.short	496
 2224 0390 F001     		.short	496
 2225 0392 F001     		.short	496
 2226 0394 F001     		.short	496
 2227 0396 F001     		.short	496
 2228 0398 F001     		.short	496
 2229 039a FF3F     		.short	16383
 2230 039c FF3F     		.short	16383
 2231 039e 0000     		.short	0
 2232 03a0 0000     		.short	0
 2233 03a2 0000     		.short	0
ARM GAS  /var/folders/0b/4qn_4lxx65nfvy4wf60ckd5w0000gn/T//ccsm00Fs.s 			page 40


 2234 03a4 0000     		.short	0
 2235 03a6 0000     		.short	0
 2236 03a8 E00F     		.short	4064
 2237 03aa F83F     		.short	16376
 2238 03ac 7C3C     		.short	15484
 2239 03ae 3C00     		.short	60
 2240 03b0 3E00     		.short	62
 2241 03b2 3E00     		.short	62
 2242 03b4 3E00     		.short	62
 2243 03b6 3C00     		.short	60
 2244 03b8 3C00     		.short	60
 2245 03ba 7C00     		.short	124
 2246 03bc F800     		.short	248
 2247 03be F001     		.short	496
 2248 03c0 E003     		.short	992
 2249 03c2 C007     		.short	1984
 2250 03c4 8007     		.short	1920
 2251 03c6 000F     		.short	3840
 2252 03c8 001E     		.short	7680
 2253 03ca 003E     		.short	15872
 2254 03cc 003C     		.short	15360
 2255 03ce FE3F     		.short	16382
 2256 03d0 FE3F     		.short	16382
 2257 03d2 0000     		.short	0
 2258 03d4 0000     		.short	0
 2259 03d6 0000     		.short	0
 2260 03d8 0000     		.short	0
 2261 03da 0000     		.short	0
 2262 03dc F00F     		.short	4080
 2263 03de F81F     		.short	8184
 2264 03e0 7C1C     		.short	7292
 2265 03e2 3E00     		.short	62
 2266 03e4 3E00     		.short	62
 2267 03e6 3E00     		.short	62
 2268 03e8 3C00     		.short	60
 2269 03ea 3C00     		.short	60
 2270 03ec F800     		.short	248
 2271 03ee F00F     		.short	4080
 2272 03f0 F80F     		.short	4088
 2273 03f2 7C00     		.short	124
 2274 03f4 3E00     		.short	62
 2275 03f6 1E00     		.short	30
 2276 03f8 1E00     		.short	30
 2277 03fa 1E00     		.short	30
 2278 03fc 1E00     		.short	30
 2279 03fe 3E00     		.short	62
 2280 0400 7C1C     		.short	7292
 2281 0402 F81F     		.short	8184
 2282 0404 E01F     		.short	8160
 2283 0406 0000     		.short	0
 2284 0408 0000     		.short	0
 2285 040a 0000     		.short	0
 2286 040c 0000     		.short	0
 2287 040e 0000     		.short	0
 2288 0410 7800     		.short	120
 2289 0412 F800     		.short	248
 2290 0414 F800     		.short	248
ARM GAS  /var/folders/0b/4qn_4lxx65nfvy4wf60ckd5w0000gn/T//ccsm00Fs.s 			page 41


 2291 0416 F801     		.short	504
 2292 0418 F803     		.short	1016
 2293 041a F807     		.short	2040
 2294 041c F807     		.short	2040
 2295 041e 780F     		.short	3960
 2296 0420 781E     		.short	7800
 2297 0422 781E     		.short	7800
 2298 0424 783C     		.short	15480
 2299 0426 7878     		.short	30840
 2300 0428 7878     		.short	30840
 2301 042a FFFF     		.short	-1
 2302 042c FFFF     		.short	-1
 2303 042e 7800     		.short	120
 2304 0430 7800     		.short	120
 2305 0432 7800     		.short	120
 2306 0434 7800     		.short	120
 2307 0436 7800     		.short	120
 2308 0438 7800     		.short	120
 2309 043a 0000     		.short	0
 2310 043c 0000     		.short	0
 2311 043e 0000     		.short	0
 2312 0440 0000     		.short	0
 2313 0442 0000     		.short	0
 2314 0444 FC1F     		.short	8188
 2315 0446 FC1F     		.short	8188
 2316 0448 FC1F     		.short	8188
 2317 044a 001E     		.short	7680
 2318 044c 001E     		.short	7680
 2319 044e 001E     		.short	7680
 2320 0450 001E     		.short	7680
 2321 0452 001E     		.short	7680
 2322 0454 E01F     		.short	8160
 2323 0456 F81F     		.short	8184
 2324 0458 FC00     		.short	252
 2325 045a 7C00     		.short	124
 2326 045c 3E00     		.short	62
 2327 045e 3E00     		.short	62
 2328 0460 1E00     		.short	30
 2329 0462 3E00     		.short	62
 2330 0464 3E00     		.short	62
 2331 0466 3C00     		.short	60
 2332 0468 7C1C     		.short	7292
 2333 046a F81F     		.short	8184
 2334 046c E01F     		.short	8160
 2335 046e 0000     		.short	0
 2336 0470 0000     		.short	0
 2337 0472 0000     		.short	0
 2338 0474 0000     		.short	0
 2339 0476 0000     		.short	0
 2340 0478 FC01     		.short	508
 2341 047a FE07     		.short	2046
 2342 047c 8E0F     		.short	3982
 2343 047e 001F     		.short	7936
 2344 0480 001E     		.short	7680
 2345 0482 003E     		.short	15872
 2346 0484 003C     		.short	15360
 2347 0486 003C     		.short	15360
ARM GAS  /var/folders/0b/4qn_4lxx65nfvy4wf60ckd5w0000gn/T//ccsm00Fs.s 			page 42


 2348 0488 F83D     		.short	15864
 2349 048a FC3F     		.short	16380
 2350 048c 3E7F     		.short	32574
 2351 048e 1F7E     		.short	32287
 2352 0490 0F3C     		.short	15375
 2353 0492 0F3C     		.short	15375
 2354 0494 0F3C     		.short	15375
 2355 0496 0F3C     		.short	15375
 2356 0498 0F3E     		.short	15887
 2357 049a 1F1E     		.short	7711
 2358 049c 3E1F     		.short	7998
 2359 049e FC0F     		.short	4092
 2360 04a0 F003     		.short	1008
 2361 04a2 0000     		.short	0
 2362 04a4 0000     		.short	0
 2363 04a6 0000     		.short	0
 2364 04a8 0000     		.short	0
 2365 04aa 0000     		.short	0
 2366 04ac FF3F     		.short	16383
 2367 04ae FF3F     		.short	16383
 2368 04b0 FF3F     		.short	16383
 2369 04b2 0F00     		.short	15
 2370 04b4 1E00     		.short	30
 2371 04b6 1E00     		.short	30
 2372 04b8 3C00     		.short	60
 2373 04ba 3800     		.short	56
 2374 04bc 7800     		.short	120
 2375 04be F000     		.short	240
 2376 04c0 F000     		.short	240
 2377 04c2 E001     		.short	480
 2378 04c4 E001     		.short	480
 2379 04c6 C003     		.short	960
 2380 04c8 C003     		.short	960
 2381 04ca 8007     		.short	1920
 2382 04cc 800F     		.short	3968
 2383 04ce 800F     		.short	3968
 2384 04d0 000F     		.short	3840
 2385 04d2 001F     		.short	7936
 2386 04d4 001F     		.short	7936
 2387 04d6 0000     		.short	0
 2388 04d8 0000     		.short	0
 2389 04da 0000     		.short	0
 2390 04dc 0000     		.short	0
 2391 04de 0000     		.short	0
 2392 04e0 F807     		.short	2040
 2393 04e2 FC0F     		.short	4092
 2394 04e4 3E1F     		.short	7998
 2395 04e6 1E1E     		.short	7710
 2396 04e8 1E3E     		.short	15902
 2397 04ea 1E3E     		.short	15902
 2398 04ec 1E1E     		.short	7710
 2399 04ee 3C1F     		.short	7996
 2400 04f0 F80F     		.short	4088
 2401 04f2 F007     		.short	2032
 2402 04f4 F80F     		.short	4088
 2403 04f6 FC1E     		.short	7932
 2404 04f8 3E3E     		.short	15934
ARM GAS  /var/folders/0b/4qn_4lxx65nfvy4wf60ckd5w0000gn/T//ccsm00Fs.s 			page 43


 2405 04fa 1F3C     		.short	15391
 2406 04fc 1F7C     		.short	31775
 2407 04fe 0F7C     		.short	31759
 2408 0500 0F7C     		.short	31759
 2409 0502 1F3C     		.short	15391
 2410 0504 3E3F     		.short	16190
 2411 0506 FC1F     		.short	8188
 2412 0508 F007     		.short	2032
 2413 050a 0000     		.short	0
 2414 050c 0000     		.short	0
 2415 050e 0000     		.short	0
 2416 0510 0000     		.short	0
 2417 0512 0000     		.short	0
 2418 0514 F007     		.short	2032
 2419 0516 F80F     		.short	4088
 2420 0518 7C1E     		.short	7804
 2421 051a 3E3C     		.short	15422
 2422 051c 1E3C     		.short	15390
 2423 051e 1F7C     		.short	31775
 2424 0520 1F7C     		.short	31775
 2425 0522 1F7C     		.short	31775
 2426 0524 1F7C     		.short	31775
 2427 0526 1F3C     		.short	15391
 2428 0528 3F3E     		.short	15935
 2429 052a FF1F     		.short	8191
 2430 052c EF07     		.short	2031
 2431 052e 1F00     		.short	31
 2432 0530 1E00     		.short	30
 2433 0532 1E00     		.short	30
 2434 0534 3E00     		.short	62
 2435 0536 3C00     		.short	60
 2436 0538 F838     		.short	14584
 2437 053a F03F     		.short	16368
 2438 053c E01F     		.short	8160
 2439 053e 0000     		.short	0
 2440 0540 0000     		.short	0
 2441 0542 0000     		.short	0
 2442 0544 0000     		.short	0
 2443 0546 0000     		.short	0
 2444 0548 0000     		.short	0
 2445 054a 0000     		.short	0
 2446 054c 0000     		.short	0
 2447 054e 0000     		.short	0
 2448 0550 0000     		.short	0
 2449 0552 0000     		.short	0
 2450 0554 E003     		.short	992
 2451 0556 E003     		.short	992
 2452 0558 E003     		.short	992
 2453 055a E003     		.short	992
 2454 055c 0000     		.short	0
 2455 055e 0000     		.short	0
 2456 0560 0000     		.short	0
 2457 0562 0000     		.short	0
 2458 0564 0000     		.short	0
 2459 0566 0000     		.short	0
 2460 0568 0000     		.short	0
 2461 056a E003     		.short	992
ARM GAS  /var/folders/0b/4qn_4lxx65nfvy4wf60ckd5w0000gn/T//ccsm00Fs.s 			page 44


 2462 056c E003     		.short	992
 2463 056e E003     		.short	992
 2464 0570 E003     		.short	992
 2465 0572 0000     		.short	0
 2466 0574 0000     		.short	0
 2467 0576 0000     		.short	0
 2468 0578 0000     		.short	0
 2469 057a 0000     		.short	0
 2470 057c 0000     		.short	0
 2471 057e 0000     		.short	0
 2472 0580 0000     		.short	0
 2473 0582 0000     		.short	0
 2474 0584 0000     		.short	0
 2475 0586 0000     		.short	0
 2476 0588 E003     		.short	992
 2477 058a E003     		.short	992
 2478 058c E003     		.short	992
 2479 058e E003     		.short	992
 2480 0590 0000     		.short	0
 2481 0592 0000     		.short	0
 2482 0594 0000     		.short	0
 2483 0596 0000     		.short	0
 2484 0598 0000     		.short	0
 2485 059a 0000     		.short	0
 2486 059c 0000     		.short	0
 2487 059e E003     		.short	992
 2488 05a0 E003     		.short	992
 2489 05a2 E003     		.short	992
 2490 05a4 E003     		.short	992
 2491 05a6 E001     		.short	480
 2492 05a8 E001     		.short	480
 2493 05aa E001     		.short	480
 2494 05ac C003     		.short	960
 2495 05ae 8003     		.short	896
 2496 05b0 0000     		.short	0
 2497 05b2 0000     		.short	0
 2498 05b4 0000     		.short	0
 2499 05b6 0000     		.short	0
 2500 05b8 0000     		.short	0
 2501 05ba 0000     		.short	0
 2502 05bc 0300     		.short	3
 2503 05be 0F00     		.short	15
 2504 05c0 3F00     		.short	63
 2505 05c2 FC00     		.short	252
 2506 05c4 F003     		.short	1008
 2507 05c6 C00F     		.short	4032
 2508 05c8 003F     		.short	16128
 2509 05ca 00FE     		.short	-512
 2510 05cc 003F     		.short	16128
 2511 05ce C00F     		.short	4032
 2512 05d0 F003     		.short	1008
 2513 05d2 FC00     		.short	252
 2514 05d4 3F00     		.short	63
 2515 05d6 0F00     		.short	15
 2516 05d8 0300     		.short	3
 2517 05da 0000     		.short	0
 2518 05dc 0000     		.short	0
ARM GAS  /var/folders/0b/4qn_4lxx65nfvy4wf60ckd5w0000gn/T//ccsm00Fs.s 			page 45


 2519 05de 0000     		.short	0
 2520 05e0 0000     		.short	0
 2521 05e2 0000     		.short	0
 2522 05e4 0000     		.short	0
 2523 05e6 0000     		.short	0
 2524 05e8 0000     		.short	0
 2525 05ea 0000     		.short	0
 2526 05ec 0000     		.short	0
 2527 05ee 0000     		.short	0
 2528 05f0 0000     		.short	0
 2529 05f2 0000     		.short	0
 2530 05f4 0000     		.short	0
 2531 05f6 0000     		.short	0
 2532 05f8 FFFF     		.short	-1
 2533 05fa FFFF     		.short	-1
 2534 05fc 0000     		.short	0
 2535 05fe 0000     		.short	0
 2536 0600 0000     		.short	0
 2537 0602 FFFF     		.short	-1
 2538 0604 FFFF     		.short	-1
 2539 0606 0000     		.short	0
 2540 0608 0000     		.short	0
 2541 060a 0000     		.short	0
 2542 060c 0000     		.short	0
 2543 060e 0000     		.short	0
 2544 0610 0000     		.short	0
 2545 0612 0000     		.short	0
 2546 0614 0000     		.short	0
 2547 0616 0000     		.short	0
 2548 0618 0000     		.short	0
 2549 061a 0000     		.short	0
 2550 061c 0000     		.short	0
 2551 061e 0000     		.short	0
 2552 0620 0000     		.short	0
 2553 0622 0000     		.short	0
 2554 0624 00E0     		.short	-8192
 2555 0626 00F8     		.short	-2048
 2556 0628 007E     		.short	32256
 2557 062a 801F     		.short	8064
 2558 062c E007     		.short	2016
 2559 062e F801     		.short	504
 2560 0630 7E00     		.short	126
 2561 0632 1F00     		.short	31
 2562 0634 7E00     		.short	126
 2563 0636 F801     		.short	504
 2564 0638 E007     		.short	2016
 2565 063a 801F     		.short	8064
 2566 063c 007E     		.short	32256
 2567 063e 00F8     		.short	-2048
 2568 0640 00E0     		.short	-8192
 2569 0642 0000     		.short	0
 2570 0644 0000     		.short	0
 2571 0646 0000     		.short	0
 2572 0648 0000     		.short	0
 2573 064a 0000     		.short	0
 2574 064c F01F     		.short	8176
 2575 064e FC3F     		.short	16380
ARM GAS  /var/folders/0b/4qn_4lxx65nfvy4wf60ckd5w0000gn/T//ccsm00Fs.s 			page 46


 2576 0650 3E38     		.short	14398
 2577 0652 1F38     		.short	14367
 2578 0654 1F38     		.short	14367
 2579 0656 1E00     		.short	30
 2580 0658 1E00     		.short	30
 2581 065a 3C00     		.short	60
 2582 065c 7800     		.short	120
 2583 065e F000     		.short	240
 2584 0660 E001     		.short	480
 2585 0662 C003     		.short	960
 2586 0664 C003     		.short	960
 2587 0666 C007     		.short	1984
 2588 0668 C007     		.short	1984
 2589 066a 0000     		.short	0
 2590 066c 0000     		.short	0
 2591 066e 0000     		.short	0
 2592 0670 C007     		.short	1984
 2593 0672 C007     		.short	1984
 2594 0674 C007     		.short	1984
 2595 0676 0000     		.short	0
 2596 0678 0000     		.short	0
 2597 067a 0000     		.short	0
 2598 067c 0000     		.short	0
 2599 067e 0000     		.short	0
 2600 0680 F803     		.short	1016
 2601 0682 FE0F     		.short	4094
 2602 0684 1E1F     		.short	7966
 2603 0686 0F3E     		.short	15887
 2604 0688 7F3C     		.short	15487
 2605 068a FF78     		.short	30975
 2606 068c EF79     		.short	31215
 2607 068e C773     		.short	29639
 2608 0690 C7F3     		.short	-3129
 2609 0692 8FF3     		.short	-3185
 2610 0694 8FF3     		.short	-3185
 2611 0696 8FF3     		.short	-3185
 2612 0698 9FF3     		.short	-3169
 2613 069a 9FF3     		.short	-3169
 2614 069c FF73     		.short	29695
 2615 069e FF7B     		.short	31743
 2616 06a0 F779     		.short	31223
 2617 06a2 003C     		.short	15360
 2618 06a4 1C1F     		.short	7964
 2619 06a6 FC0F     		.short	4092
 2620 06a8 F803     		.short	1016
 2621 06aa 0000     		.short	0
 2622 06ac 0000     		.short	0
 2623 06ae 0000     		.short	0
 2624 06b0 0000     		.short	0
 2625 06b2 0000     		.short	0
 2626 06b4 0000     		.short	0
 2627 06b6 0000     		.short	0
 2628 06b8 0000     		.short	0
 2629 06ba E003     		.short	992
 2630 06bc E003     		.short	992
 2631 06be F007     		.short	2032
 2632 06c0 F007     		.short	2032
ARM GAS  /var/folders/0b/4qn_4lxx65nfvy4wf60ckd5w0000gn/T//ccsm00Fs.s 			page 47


 2633 06c2 F007     		.short	2032
 2634 06c4 780F     		.short	3960
 2635 06c6 780F     		.short	3960
 2636 06c8 7C0E     		.short	3708
 2637 06ca 3C1E     		.short	7740
 2638 06cc 3C1E     		.short	7740
 2639 06ce 3E3C     		.short	15422
 2640 06d0 FE3F     		.short	16382
 2641 06d2 FF3F     		.short	16383
 2642 06d4 1F78     		.short	30751
 2643 06d6 0F78     		.short	30735
 2644 06d8 0FF0     		.short	-4081
 2645 06da 07F0     		.short	-4089
 2646 06dc 07F0     		.short	-4089
 2647 06de 0000     		.short	0
 2648 06e0 0000     		.short	0
 2649 06e2 0000     		.short	0
 2650 06e4 0000     		.short	0
 2651 06e6 0000     		.short	0
 2652 06e8 0000     		.short	0
 2653 06ea 0000     		.short	0
 2654 06ec 0000     		.short	0
 2655 06ee F83F     		.short	16376
 2656 06f0 FC3F     		.short	16380
 2657 06f2 3E3C     		.short	15422
 2658 06f4 1E3C     		.short	15390
 2659 06f6 1E3C     		.short	15390
 2660 06f8 1E3C     		.short	15390
 2661 06fa 3E3C     		.short	15422
 2662 06fc 7C3C     		.short	15484
 2663 06fe F03F     		.short	16368
 2664 0700 F83F     		.short	16376
 2665 0702 7E3C     		.short	15486
 2666 0704 1F3C     		.short	15391
 2667 0706 1F3C     		.short	15391
 2668 0708 0F3C     		.short	15375
 2669 070a 0F3C     		.short	15375
 2670 070c 1F3C     		.short	15391
 2671 070e FE3F     		.short	16382
 2672 0710 F83F     		.short	16376
 2673 0712 0000     		.short	0
 2674 0714 0000     		.short	0
 2675 0716 0000     		.short	0
 2676 0718 0000     		.short	0
 2677 071a 0000     		.short	0
 2678 071c 0000     		.short	0
 2679 071e 0000     		.short	0
 2680 0720 0000     		.short	0
 2681 0722 FF01     		.short	511
 2682 0724 FF07     		.short	2047
 2683 0726 871F     		.short	8071
 2684 0728 003E     		.short	15872
 2685 072a 003C     		.short	15360
 2686 072c 007C     		.short	31744
 2687 072e 0078     		.short	30720
 2688 0730 0078     		.short	30720
 2689 0732 0078     		.short	30720
ARM GAS  /var/folders/0b/4qn_4lxx65nfvy4wf60ckd5w0000gn/T//ccsm00Fs.s 			page 48


 2690 0734 0078     		.short	30720
 2691 0736 0078     		.short	30720
 2692 0738 007C     		.short	31744
 2693 073a 007C     		.short	31744
 2694 073c 003E     		.short	15872
 2695 073e 003F     		.short	16128
 2696 0740 831F     		.short	8067
 2697 0742 FF07     		.short	2047
 2698 0744 FF01     		.short	511
 2699 0746 0000     		.short	0
 2700 0748 0000     		.short	0
 2701 074a 0000     		.short	0
 2702 074c 0000     		.short	0
 2703 074e 0000     		.short	0
 2704 0750 0000     		.short	0
 2705 0752 0000     		.short	0
 2706 0754 0000     		.short	0
 2707 0756 F07F     		.short	32752
 2708 0758 FC7F     		.short	32764
 2709 075a 7E78     		.short	30846
 2710 075c 1F78     		.short	30751
 2711 075e 1F78     		.short	30751
 2712 0760 0F78     		.short	30735
 2713 0762 0F78     		.short	30735
 2714 0764 0F78     		.short	30735
 2715 0766 0F78     		.short	30735
 2716 0768 0F78     		.short	30735
 2717 076a 0F78     		.short	30735
 2718 076c 0F78     		.short	30735
 2719 076e 0F78     		.short	30735
 2720 0770 1F78     		.short	30751
 2721 0772 1E78     		.short	30750
 2722 0774 7E78     		.short	30846
 2723 0776 F87F     		.short	32760
 2724 0778 E07F     		.short	32736
 2725 077a 0000     		.short	0
 2726 077c 0000     		.short	0
 2727 077e 0000     		.short	0
 2728 0780 0000     		.short	0
 2729 0782 0000     		.short	0
 2730 0784 0000     		.short	0
 2731 0786 0000     		.short	0
 2732 0788 0000     		.short	0
 2733 078a FF3F     		.short	16383
 2734 078c FF3F     		.short	16383
 2735 078e 003E     		.short	15872
 2736 0790 003E     		.short	15872
 2737 0792 003E     		.short	15872
 2738 0794 003E     		.short	15872
 2739 0796 003E     		.short	15872
 2740 0798 003E     		.short	15872
 2741 079a FE3F     		.short	16382
 2742 079c FE3F     		.short	16382
 2743 079e 003E     		.short	15872
 2744 07a0 003E     		.short	15872
 2745 07a2 003E     		.short	15872
 2746 07a4 003E     		.short	15872
ARM GAS  /var/folders/0b/4qn_4lxx65nfvy4wf60ckd5w0000gn/T//ccsm00Fs.s 			page 49


 2747 07a6 003E     		.short	15872
 2748 07a8 003E     		.short	15872
 2749 07aa FF3F     		.short	16383
 2750 07ac FF3F     		.short	16383
 2751 07ae 0000     		.short	0
 2752 07b0 0000     		.short	0
 2753 07b2 0000     		.short	0
 2754 07b4 0000     		.short	0
 2755 07b6 0000     		.short	0
 2756 07b8 0000     		.short	0
 2757 07ba 0000     		.short	0
 2758 07bc 0000     		.short	0
 2759 07be FF1F     		.short	8191
 2760 07c0 FF1F     		.short	8191
 2761 07c2 001E     		.short	7680
 2762 07c4 001E     		.short	7680
 2763 07c6 001E     		.short	7680
 2764 07c8 001E     		.short	7680
 2765 07ca 001E     		.short	7680
 2766 07cc 001E     		.short	7680
 2767 07ce FF1F     		.short	8191
 2768 07d0 FF1F     		.short	8191
 2769 07d2 001E     		.short	7680
 2770 07d4 001E     		.short	7680
 2771 07d6 001E     		.short	7680
 2772 07d8 001E     		.short	7680
 2773 07da 001E     		.short	7680
 2774 07dc 001E     		.short	7680
 2775 07de 001E     		.short	7680
 2776 07e0 001E     		.short	7680
 2777 07e2 0000     		.short	0
 2778 07e4 0000     		.short	0
 2779 07e6 0000     		.short	0
 2780 07e8 0000     		.short	0
 2781 07ea 0000     		.short	0
 2782 07ec 0000     		.short	0
 2783 07ee 0000     		.short	0
 2784 07f0 0000     		.short	0
 2785 07f2 FE03     		.short	1022
 2786 07f4 FF0F     		.short	4095
 2787 07f6 871F     		.short	8071
 2788 07f8 003E     		.short	15872
 2789 07fa 007C     		.short	31744
 2790 07fc 007C     		.short	31744
 2791 07fe 0078     		.short	30720
 2792 0800 00F8     		.short	-2048
 2793 0802 00F8     		.short	-2048
 2794 0804 7FF8     		.short	-1921
 2795 0806 7FF8     		.short	-1921
 2796 0808 0F78     		.short	30735
 2797 080a 0F7C     		.short	31759
 2798 080c 0F7C     		.short	31759
 2799 080e 0F3E     		.short	15887
 2800 0810 8F1F     		.short	8079
 2801 0812 FF0F     		.short	4095
 2802 0814 FE03     		.short	1022
 2803 0816 0000     		.short	0
ARM GAS  /var/folders/0b/4qn_4lxx65nfvy4wf60ckd5w0000gn/T//ccsm00Fs.s 			page 50


 2804 0818 0000     		.short	0
 2805 081a 0000     		.short	0
 2806 081c 0000     		.short	0
 2807 081e 0000     		.short	0
 2808 0820 0000     		.short	0
 2809 0822 0000     		.short	0
 2810 0824 0000     		.short	0
 2811 0826 1F7C     		.short	31775
 2812 0828 1F7C     		.short	31775
 2813 082a 1F7C     		.short	31775
 2814 082c 1F7C     		.short	31775
 2815 082e 1F7C     		.short	31775
 2816 0830 1F7C     		.short	31775
 2817 0832 1F7C     		.short	31775
 2818 0834 1F7C     		.short	31775
 2819 0836 FF7F     		.short	32767
 2820 0838 FF7F     		.short	32767
 2821 083a 1F7C     		.short	31775
 2822 083c 1F7C     		.short	31775
 2823 083e 1F7C     		.short	31775
 2824 0840 1F7C     		.short	31775
 2825 0842 1F7C     		.short	31775
 2826 0844 1F7C     		.short	31775
 2827 0846 1F7C     		.short	31775
 2828 0848 1F7C     		.short	31775
 2829 084a 0000     		.short	0
 2830 084c 0000     		.short	0
 2831 084e 0000     		.short	0
 2832 0850 0000     		.short	0
 2833 0852 0000     		.short	0
 2834 0854 0000     		.short	0
 2835 0856 0000     		.short	0
 2836 0858 0000     		.short	0
 2837 085a FF3F     		.short	16383
 2838 085c FF3F     		.short	16383
 2839 085e E003     		.short	992
 2840 0860 E003     		.short	992
 2841 0862 E003     		.short	992
 2842 0864 E003     		.short	992
 2843 0866 E003     		.short	992
 2844 0868 E003     		.short	992
 2845 086a E003     		.short	992
 2846 086c E003     		.short	992
 2847 086e E003     		.short	992
 2848 0870 E003     		.short	992
 2849 0872 E003     		.short	992
 2850 0874 E003     		.short	992
 2851 0876 E003     		.short	992
 2852 0878 E003     		.short	992
 2853 087a FF3F     		.short	16383
 2854 087c FF3F     		.short	16383
 2855 087e 0000     		.short	0
 2856 0880 0000     		.short	0
 2857 0882 0000     		.short	0
 2858 0884 0000     		.short	0
 2859 0886 0000     		.short	0
 2860 0888 0000     		.short	0
ARM GAS  /var/folders/0b/4qn_4lxx65nfvy4wf60ckd5w0000gn/T//ccsm00Fs.s 			page 51


 2861 088a 0000     		.short	0
 2862 088c 0000     		.short	0
 2863 088e FC1F     		.short	8188
 2864 0890 FC1F     		.short	8188
 2865 0892 7C00     		.short	124
 2866 0894 7C00     		.short	124
 2867 0896 7C00     		.short	124
 2868 0898 7C00     		.short	124
 2869 089a 7C00     		.short	124
 2870 089c 7C00     		.short	124
 2871 089e 7C00     		.short	124
 2872 08a0 7C00     		.short	124
 2873 08a2 7C00     		.short	124
 2874 08a4 7C00     		.short	124
 2875 08a6 7C00     		.short	124
 2876 08a8 7800     		.short	120
 2877 08aa 7800     		.short	120
 2878 08ac F838     		.short	14584
 2879 08ae F03F     		.short	16368
 2880 08b0 C03F     		.short	16320
 2881 08b2 0000     		.short	0
 2882 08b4 0000     		.short	0
 2883 08b6 0000     		.short	0
 2884 08b8 0000     		.short	0
 2885 08ba 0000     		.short	0
 2886 08bc 0000     		.short	0
 2887 08be 0000     		.short	0
 2888 08c0 0000     		.short	0
 2889 08c2 1F3C     		.short	15391
 2890 08c4 1E3C     		.short	15390
 2891 08c6 3C3C     		.short	15420
 2892 08c8 783C     		.short	15480
 2893 08ca F03C     		.short	15600
 2894 08cc E03D     		.short	15840
 2895 08ce E03F     		.short	16352
 2896 08d0 C03F     		.short	16320
 2897 08d2 803F     		.short	16256
 2898 08d4 C03F     		.short	16320
 2899 08d6 E03F     		.short	16352
 2900 08d8 F03D     		.short	15856
 2901 08da F03C     		.short	15600
 2902 08dc 783C     		.short	15480
 2903 08de 7C3C     		.short	15484
 2904 08e0 3E3C     		.short	15422
 2905 08e2 1F3C     		.short	15391
 2906 08e4 0F3C     		.short	15375
 2907 08e6 0000     		.short	0
 2908 08e8 0000     		.short	0
 2909 08ea 0000     		.short	0
 2910 08ec 0000     		.short	0
 2911 08ee 0000     		.short	0
 2912 08f0 0000     		.short	0
 2913 08f2 0000     		.short	0
 2914 08f4 0000     		.short	0
 2915 08f6 003E     		.short	15872
 2916 08f8 003E     		.short	15872
 2917 08fa 003E     		.short	15872
ARM GAS  /var/folders/0b/4qn_4lxx65nfvy4wf60ckd5w0000gn/T//ccsm00Fs.s 			page 52


 2918 08fc 003E     		.short	15872
 2919 08fe 003E     		.short	15872
 2920 0900 003E     		.short	15872
 2921 0902 003E     		.short	15872
 2922 0904 003E     		.short	15872
 2923 0906 003E     		.short	15872
 2924 0908 003E     		.short	15872
 2925 090a 003E     		.short	15872
 2926 090c 003E     		.short	15872
 2927 090e 003E     		.short	15872
 2928 0910 003E     		.short	15872
 2929 0912 003E     		.short	15872
 2930 0914 003E     		.short	15872
 2931 0916 FF3F     		.short	16383
 2932 0918 FF3F     		.short	16383
 2933 091a 0000     		.short	0
 2934 091c 0000     		.short	0
 2935 091e 0000     		.short	0
 2936 0920 0000     		.short	0
 2937 0922 0000     		.short	0
 2938 0924 0000     		.short	0
 2939 0926 0000     		.short	0
 2940 0928 0000     		.short	0
 2941 092a 1FF8     		.short	-2017
 2942 092c 1FFC     		.short	-993
 2943 092e 1FFC     		.short	-993
 2944 0930 3FFE     		.short	-449
 2945 0932 3FFE     		.short	-449
 2946 0934 3FFE     		.short	-449
 2947 0936 7FFF     		.short	-129
 2948 0938 77FF     		.short	-137
 2949 093a 77FF     		.short	-137
 2950 093c F7F7     		.short	-2057
 2951 093e E7F7     		.short	-2073
 2952 0940 E7F3     		.short	-3097
 2953 0942 E7F3     		.short	-3097
 2954 0944 C7F3     		.short	-3129
 2955 0946 07F0     		.short	-4089
 2956 0948 07F0     		.short	-4089
 2957 094a 07F0     		.short	-4089
 2958 094c 07F0     		.short	-4089
 2959 094e 0000     		.short	0
 2960 0950 0000     		.short	0
 2961 0952 0000     		.short	0
 2962 0954 0000     		.short	0
 2963 0956 0000     		.short	0
 2964 0958 0000     		.short	0
 2965 095a 0000     		.short	0
 2966 095c 0000     		.short	0
 2967 095e 0F7C     		.short	31759
 2968 0960 0F7C     		.short	31759
 2969 0962 0F7E     		.short	32271
 2970 0964 0F7F     		.short	32527
 2971 0966 0F7F     		.short	32527
 2972 0968 8F7F     		.short	32655
 2973 096a 8F7F     		.short	32655
 2974 096c CF7F     		.short	32719
ARM GAS  /var/folders/0b/4qn_4lxx65nfvy4wf60ckd5w0000gn/T//ccsm00Fs.s 			page 53


 2975 096e EF7B     		.short	31727
 2976 0970 EF79     		.short	31215
 2977 0972 FF79     		.short	31231
 2978 0974 FF78     		.short	30975
 2979 0976 FF78     		.short	30975
 2980 0978 7F78     		.short	30847
 2981 097a 3F78     		.short	30783
 2982 097c 3F78     		.short	30783
 2983 097e 1F78     		.short	30751
 2984 0980 1F78     		.short	30751
 2985 0982 0000     		.short	0
 2986 0984 0000     		.short	0
 2987 0986 0000     		.short	0
 2988 0988 0000     		.short	0
 2989 098a 0000     		.short	0
 2990 098c 0000     		.short	0
 2991 098e 0000     		.short	0
 2992 0990 0000     		.short	0
 2993 0992 F007     		.short	2032
 2994 0994 FC1F     		.short	8188
 2995 0996 3E3E     		.short	15934
 2996 0998 1F7C     		.short	31775
 2997 099a 0F78     		.short	30735
 2998 099c 0F78     		.short	30735
 2999 099e 0FF8     		.short	-2033
 3000 09a0 0FF8     		.short	-2033
 3001 09a2 0FF8     		.short	-2033
 3002 09a4 0FF8     		.short	-2033
 3003 09a6 0FF8     		.short	-2033
 3004 09a8 0FF8     		.short	-2033
 3005 09aa 0F78     		.short	30735
 3006 09ac 0F78     		.short	30735
 3007 09ae 1F7C     		.short	31775
 3008 09b0 3E3E     		.short	15934
 3009 09b2 FC1F     		.short	8188
 3010 09b4 F007     		.short	2032
 3011 09b6 0000     		.short	0
 3012 09b8 0000     		.short	0
 3013 09ba 0000     		.short	0
 3014 09bc 0000     		.short	0
 3015 09be 0000     		.short	0
 3016 09c0 0000     		.short	0
 3017 09c2 0000     		.short	0
 3018 09c4 0000     		.short	0
 3019 09c6 FC3F     		.short	16380
 3020 09c8 FF3F     		.short	16383
 3021 09ca 1F3E     		.short	15903
 3022 09cc 0F3E     		.short	15887
 3023 09ce 0F3E     		.short	15887
 3024 09d0 0F3E     		.short	15887
 3025 09d2 0F3E     		.short	15887
 3026 09d4 1F3E     		.short	15903
 3027 09d6 3F3E     		.short	15935
 3028 09d8 FC3F     		.short	16380
 3029 09da F03F     		.short	16368
 3030 09dc 003E     		.short	15872
 3031 09de 003E     		.short	15872
ARM GAS  /var/folders/0b/4qn_4lxx65nfvy4wf60ckd5w0000gn/T//ccsm00Fs.s 			page 54


 3032 09e0 003E     		.short	15872
 3033 09e2 003E     		.short	15872
 3034 09e4 003E     		.short	15872
 3035 09e6 003E     		.short	15872
 3036 09e8 003E     		.short	15872
 3037 09ea 0000     		.short	0
 3038 09ec 0000     		.short	0
 3039 09ee 0000     		.short	0
 3040 09f0 0000     		.short	0
 3041 09f2 0000     		.short	0
 3042 09f4 0000     		.short	0
 3043 09f6 0000     		.short	0
 3044 09f8 0000     		.short	0
 3045 09fa F007     		.short	2032
 3046 09fc FC1F     		.short	8188
 3047 09fe 3E3E     		.short	15934
 3048 0a00 1F7C     		.short	31775
 3049 0a02 0F78     		.short	30735
 3050 0a04 0F78     		.short	30735
 3051 0a06 0FF8     		.short	-2033
 3052 0a08 0FF8     		.short	-2033
 3053 0a0a 0FF8     		.short	-2033
 3054 0a0c 0FF8     		.short	-2033
 3055 0a0e 0FF8     		.short	-2033
 3056 0a10 0FF8     		.short	-2033
 3057 0a12 0F78     		.short	30735
 3058 0a14 0F78     		.short	30735
 3059 0a16 1F7C     		.short	31775
 3060 0a18 3E3E     		.short	15934
 3061 0a1a FC1F     		.short	8188
 3062 0a1c F807     		.short	2040
 3063 0a1e 7C00     		.short	124
 3064 0a20 3F00     		.short	63
 3065 0a22 0F00     		.short	15
 3066 0a24 0300     		.short	3
 3067 0a26 0000     		.short	0
 3068 0a28 0000     		.short	0
 3069 0a2a 0000     		.short	0
 3070 0a2c 0000     		.short	0
 3071 0a2e F03F     		.short	16368
 3072 0a30 FC3F     		.short	16380
 3073 0a32 7E3C     		.short	15486
 3074 0a34 3E3C     		.short	15422
 3075 0a36 1E3C     		.short	15390
 3076 0a38 1E3C     		.short	15390
 3077 0a3a 3E3C     		.short	15422
 3078 0a3c 3C3C     		.short	15420
 3079 0a3e FC3C     		.short	15612
 3080 0a40 F03F     		.short	16368
 3081 0a42 E03F     		.short	16352
 3082 0a44 F03D     		.short	15856
 3083 0a46 F83C     		.short	15608
 3084 0a48 7C3C     		.short	15484
 3085 0a4a 3E3C     		.short	15422
 3086 0a4c 1E3C     		.short	15390
 3087 0a4e 1F3C     		.short	15391
 3088 0a50 0F3C     		.short	15375
ARM GAS  /var/folders/0b/4qn_4lxx65nfvy4wf60ckd5w0000gn/T//ccsm00Fs.s 			page 55


 3089 0a52 0000     		.short	0
 3090 0a54 0000     		.short	0
 3091 0a56 0000     		.short	0
 3092 0a58 0000     		.short	0
 3093 0a5a 0000     		.short	0
 3094 0a5c 0000     		.short	0
 3095 0a5e 0000     		.short	0
 3096 0a60 0000     		.short	0
 3097 0a62 FC07     		.short	2044
 3098 0a64 FE1F     		.short	8190
 3099 0a66 0E3E     		.short	15886
 3100 0a68 003C     		.short	15360
 3101 0a6a 003C     		.short	15360
 3102 0a6c 003C     		.short	15360
 3103 0a6e 003E     		.short	15872
 3104 0a70 C01F     		.short	8128
 3105 0a72 F80F     		.short	4088
 3106 0a74 FE03     		.short	1022
 3107 0a76 7F00     		.short	127
 3108 0a78 1F00     		.short	31
 3109 0a7a 0F00     		.short	15
 3110 0a7c 0F00     		.short	15
 3111 0a7e 1F20     		.short	8223
 3112 0a80 3E3C     		.short	15422
 3113 0a82 FC3F     		.short	16380
 3114 0a84 F01F     		.short	8176
 3115 0a86 0000     		.short	0
 3116 0a88 0000     		.short	0
 3117 0a8a 0000     		.short	0
 3118 0a8c 0000     		.short	0
 3119 0a8e 0000     		.short	0
 3120 0a90 0000     		.short	0
 3121 0a92 0000     		.short	0
 3122 0a94 0000     		.short	0
 3123 0a96 FFFF     		.short	-1
 3124 0a98 FFFF     		.short	-1
 3125 0a9a E003     		.short	992
 3126 0a9c E003     		.short	992
 3127 0a9e E003     		.short	992
 3128 0aa0 E003     		.short	992
 3129 0aa2 E003     		.short	992
 3130 0aa4 E003     		.short	992
 3131 0aa6 E003     		.short	992
 3132 0aa8 E003     		.short	992
 3133 0aaa E003     		.short	992
 3134 0aac E003     		.short	992
 3135 0aae E003     		.short	992
 3136 0ab0 E003     		.short	992
 3137 0ab2 E003     		.short	992
 3138 0ab4 E003     		.short	992
 3139 0ab6 E003     		.short	992
 3140 0ab8 E003     		.short	992
 3141 0aba 0000     		.short	0
 3142 0abc 0000     		.short	0
 3143 0abe 0000     		.short	0
 3144 0ac0 0000     		.short	0
 3145 0ac2 0000     		.short	0
ARM GAS  /var/folders/0b/4qn_4lxx65nfvy4wf60ckd5w0000gn/T//ccsm00Fs.s 			page 56


 3146 0ac4 0000     		.short	0
 3147 0ac6 0000     		.short	0
 3148 0ac8 0000     		.short	0
 3149 0aca 0F7C     		.short	31759
 3150 0acc 0F7C     		.short	31759
 3151 0ace 0F7C     		.short	31759
 3152 0ad0 0F7C     		.short	31759
 3153 0ad2 0F7C     		.short	31759
 3154 0ad4 0F7C     		.short	31759
 3155 0ad6 0F7C     		.short	31759
 3156 0ad8 0F7C     		.short	31759
 3157 0ada 0F7C     		.short	31759
 3158 0adc 0F7C     		.short	31759
 3159 0ade 0F7C     		.short	31759
 3160 0ae0 0F7C     		.short	31759
 3161 0ae2 0F7C     		.short	31759
 3162 0ae4 1E3C     		.short	15390
 3163 0ae6 1E3C     		.short	15390
 3164 0ae8 3E3E     		.short	15934
 3165 0aea FC1F     		.short	8188
 3166 0aec F007     		.short	2032
 3167 0aee 0000     		.short	0
 3168 0af0 0000     		.short	0
 3169 0af2 0000     		.short	0
 3170 0af4 0000     		.short	0
 3171 0af6 0000     		.short	0
 3172 0af8 0000     		.short	0
 3173 0afa 0000     		.short	0
 3174 0afc 0000     		.short	0
 3175 0afe 07F0     		.short	-4089
 3176 0b00 07F0     		.short	-4089
 3177 0b02 07F8     		.short	-2041
 3178 0b04 0F78     		.short	30735
 3179 0b06 0F7C     		.short	31759
 3180 0b08 1E3C     		.short	15390
 3181 0b0a 1E3C     		.short	15390
 3182 0b0c 1E3E     		.short	15902
 3183 0b0e 3C1E     		.short	7740
 3184 0b10 3C1F     		.short	7996
 3185 0b12 781F     		.short	8056
 3186 0b14 780F     		.short	3960
 3187 0b16 F80F     		.short	4088
 3188 0b18 F007     		.short	2032
 3189 0b1a F007     		.short	2032
 3190 0b1c F007     		.short	2032
 3191 0b1e E003     		.short	992
 3192 0b20 E003     		.short	992
 3193 0b22 0000     		.short	0
 3194 0b24 0000     		.short	0
 3195 0b26 0000     		.short	0
 3196 0b28 0000     		.short	0
 3197 0b2a 0000     		.short	0
 3198 0b2c 0000     		.short	0
 3199 0b2e 0000     		.short	0
 3200 0b30 0000     		.short	0
 3201 0b32 03E0     		.short	-8189
 3202 0b34 03F0     		.short	-4093
ARM GAS  /var/folders/0b/4qn_4lxx65nfvy4wf60ckd5w0000gn/T//ccsm00Fs.s 			page 57


 3203 0b36 03F0     		.short	-4093
 3204 0b38 07F0     		.short	-4089
 3205 0b3a E7F3     		.short	-3097
 3206 0b3c E7F3     		.short	-3097
 3207 0b3e E7F3     		.short	-3097
 3208 0b40 E773     		.short	29671
 3209 0b42 F77B     		.short	31735
 3210 0b44 F77F     		.short	32759
 3211 0b46 FF7F     		.short	32767
 3212 0b48 7F7F     		.short	32639
 3213 0b4a 7F7F     		.short	32639
 3214 0b4c 7E7F     		.short	32638
 3215 0b4e 7E3F     		.short	16254
 3216 0b50 3E3E     		.short	15934
 3217 0b52 3E3E     		.short	15934
 3218 0b54 3E3E     		.short	15934
 3219 0b56 0000     		.short	0
 3220 0b58 0000     		.short	0
 3221 0b5a 0000     		.short	0
 3222 0b5c 0000     		.short	0
 3223 0b5e 0000     		.short	0
 3224 0b60 0000     		.short	0
 3225 0b62 0000     		.short	0
 3226 0b64 0000     		.short	0
 3227 0b66 07F8     		.short	-2041
 3228 0b68 0F7C     		.short	31759
 3229 0b6a 1E3E     		.short	15902
 3230 0b6c 3E3E     		.short	15934
 3231 0b6e 3C1F     		.short	7996
 3232 0b70 F80F     		.short	4088
 3233 0b72 F007     		.short	2032
 3234 0b74 E007     		.short	2016
 3235 0b76 E003     		.short	992
 3236 0b78 E003     		.short	992
 3237 0b7a F007     		.short	2032
 3238 0b7c F80F     		.short	4088
 3239 0b7e 7C0F     		.short	3964
 3240 0b80 7C1E     		.short	7804
 3241 0b82 3E3C     		.short	15422
 3242 0b84 1F78     		.short	30751
 3243 0b86 0F78     		.short	30735
 3244 0b88 0FF0     		.short	-4081
 3245 0b8a 0000     		.short	0
 3246 0b8c 0000     		.short	0
 3247 0b8e 0000     		.short	0
 3248 0b90 0000     		.short	0
 3249 0b92 0000     		.short	0
 3250 0b94 0000     		.short	0
 3251 0b96 0000     		.short	0
 3252 0b98 0000     		.short	0
 3253 0b9a 07F8     		.short	-2041
 3254 0b9c 0778     		.short	30727
 3255 0b9e 0F7C     		.short	31759
 3256 0ba0 1E3C     		.short	15390
 3257 0ba2 1E3E     		.short	15902
 3258 0ba4 3C1F     		.short	7996
 3259 0ba6 780F     		.short	3960
ARM GAS  /var/folders/0b/4qn_4lxx65nfvy4wf60ckd5w0000gn/T//ccsm00Fs.s 			page 58


 3260 0ba8 F80F     		.short	4088
 3261 0baa F007     		.short	2032
 3262 0bac E003     		.short	992
 3263 0bae E003     		.short	992
 3264 0bb0 E003     		.short	992
 3265 0bb2 E003     		.short	992
 3266 0bb4 E003     		.short	992
 3267 0bb6 E003     		.short	992
 3268 0bb8 E003     		.short	992
 3269 0bba E003     		.short	992
 3270 0bbc E003     		.short	992
 3271 0bbe 0000     		.short	0
 3272 0bc0 0000     		.short	0
 3273 0bc2 0000     		.short	0
 3274 0bc4 0000     		.short	0
 3275 0bc6 0000     		.short	0
 3276 0bc8 0000     		.short	0
 3277 0bca 0000     		.short	0
 3278 0bcc 0000     		.short	0
 3279 0bce FF7F     		.short	32767
 3280 0bd0 FF7F     		.short	32767
 3281 0bd2 0F00     		.short	15
 3282 0bd4 1F00     		.short	31
 3283 0bd6 3E00     		.short	62
 3284 0bd8 7C00     		.short	124
 3285 0bda F800     		.short	248
 3286 0bdc F000     		.short	240
 3287 0bde E001     		.short	480
 3288 0be0 E003     		.short	992
 3289 0be2 C007     		.short	1984
 3290 0be4 800F     		.short	3968
 3291 0be6 000F     		.short	3840
 3292 0be8 001E     		.short	7680
 3293 0bea 003E     		.short	15872
 3294 0bec 007C     		.short	31744
 3295 0bee FF7F     		.short	32767
 3296 0bf0 FF7F     		.short	32767
 3297 0bf2 0000     		.short	0
 3298 0bf4 0000     		.short	0
 3299 0bf6 0000     		.short	0
 3300 0bf8 0000     		.short	0
 3301 0bfa 0000     		.short	0
 3302 0bfc FF07     		.short	2047
 3303 0bfe 8007     		.short	1920
 3304 0c00 8007     		.short	1920
 3305 0c02 8007     		.short	1920
 3306 0c04 8007     		.short	1920
 3307 0c06 8007     		.short	1920
 3308 0c08 8007     		.short	1920
 3309 0c0a 8007     		.short	1920
 3310 0c0c 8007     		.short	1920
 3311 0c0e 8007     		.short	1920
 3312 0c10 8007     		.short	1920
 3313 0c12 8007     		.short	1920
 3314 0c14 8007     		.short	1920
 3315 0c16 8007     		.short	1920
 3316 0c18 8007     		.short	1920
ARM GAS  /var/folders/0b/4qn_4lxx65nfvy4wf60ckd5w0000gn/T//ccsm00Fs.s 			page 59


 3317 0c1a 8007     		.short	1920
 3318 0c1c 8007     		.short	1920
 3319 0c1e 8007     		.short	1920
 3320 0c20 8007     		.short	1920
 3321 0c22 8007     		.short	1920
 3322 0c24 8007     		.short	1920
 3323 0c26 8007     		.short	1920
 3324 0c28 8007     		.short	1920
 3325 0c2a FF07     		.short	2047
 3326 0c2c FF07     		.short	2047
 3327 0c2e 0000     		.short	0
 3328 0c30 0078     		.short	30720
 3329 0c32 0078     		.short	30720
 3330 0c34 003C     		.short	15360
 3331 0c36 003C     		.short	15360
 3332 0c38 001E     		.short	7680
 3333 0c3a 001E     		.short	7680
 3334 0c3c 000F     		.short	3840
 3335 0c3e 000F     		.short	3840
 3336 0c40 8007     		.short	1920
 3337 0c42 8007     		.short	1920
 3338 0c44 C003     		.short	960
 3339 0c46 C003     		.short	960
 3340 0c48 E001     		.short	480
 3341 0c4a E001     		.short	480
 3342 0c4c F000     		.short	240
 3343 0c4e F000     		.short	240
 3344 0c50 7800     		.short	120
 3345 0c52 7800     		.short	120
 3346 0c54 3C00     		.short	60
 3347 0c56 3C00     		.short	60
 3348 0c58 1E00     		.short	30
 3349 0c5a 1E00     		.short	30
 3350 0c5c 0F00     		.short	15
 3351 0c5e 0F00     		.short	15
 3352 0c60 0700     		.short	7
 3353 0c62 0000     		.short	0
 3354 0c64 F07F     		.short	32752
 3355 0c66 F000     		.short	240
 3356 0c68 F000     		.short	240
 3357 0c6a F000     		.short	240
 3358 0c6c F000     		.short	240
 3359 0c6e F000     		.short	240
 3360 0c70 F000     		.short	240
 3361 0c72 F000     		.short	240
 3362 0c74 F000     		.short	240
 3363 0c76 F000     		.short	240
 3364 0c78 F000     		.short	240
 3365 0c7a F000     		.short	240
 3366 0c7c F000     		.short	240
 3367 0c7e F000     		.short	240
 3368 0c80 F000     		.short	240
 3369 0c82 F000     		.short	240
 3370 0c84 F000     		.short	240
 3371 0c86 F000     		.short	240
 3372 0c88 F000     		.short	240
 3373 0c8a F000     		.short	240
ARM GAS  /var/folders/0b/4qn_4lxx65nfvy4wf60ckd5w0000gn/T//ccsm00Fs.s 			page 60


 3374 0c8c F000     		.short	240
 3375 0c8e F000     		.short	240
 3376 0c90 F000     		.short	240
 3377 0c92 F07F     		.short	32752
 3378 0c94 F07F     		.short	32752
 3379 0c96 0000     		.short	0
 3380 0c98 C000     		.short	192
 3381 0c9a C001     		.short	448
 3382 0c9c C001     		.short	448
 3383 0c9e E003     		.short	992
 3384 0ca0 E003     		.short	992
 3385 0ca2 F007     		.short	2032
 3386 0ca4 F007     		.short	2032
 3387 0ca6 7807     		.short	1912
 3388 0ca8 780F     		.short	3960
 3389 0caa 380F     		.short	3896
 3390 0cac 3C1E     		.short	7740
 3391 0cae 3C1E     		.short	7740
 3392 0cb0 1E3C     		.short	15390
 3393 0cb2 1E3C     		.short	15390
 3394 0cb4 0F38     		.short	14351
 3395 0cb6 0F78     		.short	30735
 3396 0cb8 0778     		.short	30727
 3397 0cba 0000     		.short	0
 3398 0cbc 0000     		.short	0
 3399 0cbe 0000     		.short	0
 3400 0cc0 0000     		.short	0
 3401 0cc2 0000     		.short	0
 3402 0cc4 0000     		.short	0
 3403 0cc6 0000     		.short	0
 3404 0cc8 0000     		.short	0
 3405 0cca 0000     		.short	0
 3406 0ccc 0000     		.short	0
 3407 0cce 0000     		.short	0
 3408 0cd0 0000     		.short	0
 3409 0cd2 0000     		.short	0
 3410 0cd4 0000     		.short	0
 3411 0cd6 0000     		.short	0
 3412 0cd8 0000     		.short	0
 3413 0cda 0000     		.short	0
 3414 0cdc 0000     		.short	0
 3415 0cde 0000     		.short	0
 3416 0ce0 0000     		.short	0
 3417 0ce2 0000     		.short	0
 3418 0ce4 0000     		.short	0
 3419 0ce6 0000     		.short	0
 3420 0ce8 0000     		.short	0
 3421 0cea 0000     		.short	0
 3422 0cec 0000     		.short	0
 3423 0cee 0000     		.short	0
 3424 0cf0 0000     		.short	0
 3425 0cf2 0000     		.short	0
 3426 0cf4 0000     		.short	0
 3427 0cf6 FFFF     		.short	-1
 3428 0cf8 FFFF     		.short	-1
 3429 0cfa 0000     		.short	0
 3430 0cfc 0000     		.short	0
ARM GAS  /var/folders/0b/4qn_4lxx65nfvy4wf60ckd5w0000gn/T//ccsm00Fs.s 			page 61


 3431 0cfe 0000     		.short	0
 3432 0d00 F000     		.short	240
 3433 0d02 0000     		.short	0
 3434 0d04 0000     		.short	0
 3435 0d06 0000     		.short	0
 3436 0d08 0000     		.short	0
 3437 0d0a 0000     		.short	0
 3438 0d0c 0000     		.short	0
 3439 0d0e 0000     		.short	0
 3440 0d10 0000     		.short	0
 3441 0d12 0000     		.short	0
 3442 0d14 0000     		.short	0
 3443 0d16 0000     		.short	0
 3444 0d18 0000     		.short	0
 3445 0d1a 0000     		.short	0
 3446 0d1c 0000     		.short	0
 3447 0d1e 0000     		.short	0
 3448 0d20 0000     		.short	0
 3449 0d22 0000     		.short	0
 3450 0d24 0000     		.short	0
 3451 0d26 0000     		.short	0
 3452 0d28 0000     		.short	0
 3453 0d2a 0000     		.short	0
 3454 0d2c 0000     		.short	0
 3455 0d2e 0000     		.short	0
 3456 0d30 0000     		.short	0
 3457 0d32 0000     		.short	0
 3458 0d34 0000     		.short	0
 3459 0d36 0000     		.short	0
 3460 0d38 0000     		.short	0
 3461 0d3a 0000     		.short	0
 3462 0d3c 0000     		.short	0
 3463 0d3e 0000     		.short	0
 3464 0d40 F80F     		.short	4088
 3465 0d42 FC3F     		.short	16380
 3466 0d44 7C3C     		.short	15484
 3467 0d46 3E00     		.short	62
 3468 0d48 3E00     		.short	62
 3469 0d4a 3E00     		.short	62
 3470 0d4c FE07     		.short	2046
 3471 0d4e FE1F     		.short	8190
 3472 0d50 3E3E     		.short	15934
 3473 0d52 3E7C     		.short	31806
 3474 0d54 3E78     		.short	30782
 3475 0d56 3E7C     		.short	31806
 3476 0d58 7E7C     		.short	31870
 3477 0d5a FF3F     		.short	16383
 3478 0d5c CF1F     		.short	8143
 3479 0d5e 0000     		.short	0
 3480 0d60 0000     		.short	0
 3481 0d62 0000     		.short	0
 3482 0d64 0000     		.short	0
 3483 0d66 0000     		.short	0
 3484 0d68 003C     		.short	15360
 3485 0d6a 003C     		.short	15360
 3486 0d6c 003C     		.short	15360
 3487 0d6e 003C     		.short	15360
ARM GAS  /var/folders/0b/4qn_4lxx65nfvy4wf60ckd5w0000gn/T//ccsm00Fs.s 			page 62


 3488 0d70 003C     		.short	15360
 3489 0d72 003C     		.short	15360
 3490 0d74 F83D     		.short	15864
 3491 0d76 FE3F     		.short	16382
 3492 0d78 3E3F     		.short	16190
 3493 0d7a 1F3E     		.short	15903
 3494 0d7c 0F3C     		.short	15375
 3495 0d7e 0F3C     		.short	15375
 3496 0d80 0F3C     		.short	15375
 3497 0d82 0F3C     		.short	15375
 3498 0d84 0F3C     		.short	15375
 3499 0d86 0F3C     		.short	15375
 3500 0d88 1F3C     		.short	15391
 3501 0d8a 1E3C     		.short	15390
 3502 0d8c 3E3F     		.short	16190
 3503 0d8e FC3F     		.short	16380
 3504 0d90 F03B     		.short	15344
 3505 0d92 0000     		.short	0
 3506 0d94 0000     		.short	0
 3507 0d96 0000     		.short	0
 3508 0d98 0000     		.short	0
 3509 0d9a 0000     		.short	0
 3510 0d9c 0000     		.short	0
 3511 0d9e 0000     		.short	0
 3512 0da0 0000     		.short	0
 3513 0da2 0000     		.short	0
 3514 0da4 0000     		.short	0
 3515 0da6 0000     		.short	0
 3516 0da8 FE03     		.short	1022
 3517 0daa FF0F     		.short	4095
 3518 0dac 871F     		.short	8071
 3519 0dae 003E     		.short	15872
 3520 0db0 003E     		.short	15872
 3521 0db2 003C     		.short	15360
 3522 0db4 007C     		.short	31744
 3523 0db6 007C     		.short	31744
 3524 0db8 007C     		.short	31744
 3525 0dba 003C     		.short	15360
 3526 0dbc 003E     		.short	15872
 3527 0dbe 003E     		.short	15872
 3528 0dc0 871F     		.short	8071
 3529 0dc2 FF0F     		.short	4095
 3530 0dc4 FE03     		.short	1022
 3531 0dc6 0000     		.short	0
 3532 0dc8 0000     		.short	0
 3533 0dca 0000     		.short	0
 3534 0dcc 0000     		.short	0
 3535 0dce 0000     		.short	0
 3536 0dd0 1F00     		.short	31
 3537 0dd2 1F00     		.short	31
 3538 0dd4 1F00     		.short	31
 3539 0dd6 1F00     		.short	31
 3540 0dd8 1F00     		.short	31
 3541 0dda 1F00     		.short	31
 3542 0ddc FF07     		.short	2047
 3543 0dde FF1F     		.short	8191
 3544 0de0 3F3E     		.short	15935
ARM GAS  /var/folders/0b/4qn_4lxx65nfvy4wf60ckd5w0000gn/T//ccsm00Fs.s 			page 63


 3545 0de2 1F3C     		.short	15391
 3546 0de4 1F7C     		.short	31775
 3547 0de6 1F7C     		.short	31775
 3548 0de8 1F7C     		.short	31775
 3549 0dea 1F78     		.short	30751
 3550 0dec 1F78     		.short	30751
 3551 0dee 1F7C     		.short	31775
 3552 0df0 1F7C     		.short	31775
 3553 0df2 3F3C     		.short	15423
 3554 0df4 7F3E     		.short	15999
 3555 0df6 FF1F     		.short	8191
 3556 0df8 DF0F     		.short	4063
 3557 0dfa 0000     		.short	0
 3558 0dfc 0000     		.short	0
 3559 0dfe 0000     		.short	0
 3560 0e00 0000     		.short	0
 3561 0e02 0000     		.short	0
 3562 0e04 0000     		.short	0
 3563 0e06 0000     		.short	0
 3564 0e08 0000     		.short	0
 3565 0e0a 0000     		.short	0
 3566 0e0c 0000     		.short	0
 3567 0e0e 0000     		.short	0
 3568 0e10 F803     		.short	1016
 3569 0e12 FC0F     		.short	4092
 3570 0e14 3E1F     		.short	7998
 3571 0e16 1E3E     		.short	15902
 3572 0e18 1F3C     		.short	15391
 3573 0e1a 1F7C     		.short	31775
 3574 0e1c FF7F     		.short	32767
 3575 0e1e FF7F     		.short	32767
 3576 0e20 007C     		.short	31744
 3577 0e22 007C     		.short	31744
 3578 0e24 003C     		.short	15360
 3579 0e26 003E     		.short	15872
 3580 0e28 071F     		.short	7943
 3581 0e2a FF0F     		.short	4095
 3582 0e2c FE03     		.short	1022
 3583 0e2e 0000     		.short	0
 3584 0e30 0000     		.short	0
 3585 0e32 0000     		.short	0
 3586 0e34 0000     		.short	0
 3587 0e36 0000     		.short	0
 3588 0e38 FF01     		.short	511
 3589 0e3a E103     		.short	993
 3590 0e3c C003     		.short	960
 3591 0e3e C007     		.short	1984
 3592 0e40 C007     		.short	1984
 3593 0e42 C007     		.short	1984
 3594 0e44 FF7F     		.short	32767
 3595 0e46 FF7F     		.short	32767
 3596 0e48 C007     		.short	1984
 3597 0e4a C007     		.short	1984
 3598 0e4c C007     		.short	1984
 3599 0e4e C007     		.short	1984
 3600 0e50 C007     		.short	1984
 3601 0e52 C007     		.short	1984
ARM GAS  /var/folders/0b/4qn_4lxx65nfvy4wf60ckd5w0000gn/T//ccsm00Fs.s 			page 64


 3602 0e54 C007     		.short	1984
 3603 0e56 C007     		.short	1984
 3604 0e58 C007     		.short	1984
 3605 0e5a C007     		.short	1984
 3606 0e5c C007     		.short	1984
 3607 0e5e C007     		.short	1984
 3608 0e60 C007     		.short	1984
 3609 0e62 0000     		.short	0
 3610 0e64 0000     		.short	0
 3611 0e66 0000     		.short	0
 3612 0e68 0000     		.short	0
 3613 0e6a 0000     		.short	0
 3614 0e6c 0000     		.short	0
 3615 0e6e 0000     		.short	0
 3616 0e70 0000     		.short	0
 3617 0e72 0000     		.short	0
 3618 0e74 0000     		.short	0
 3619 0e76 0000     		.short	0
 3620 0e78 EF07     		.short	2031
 3621 0e7a FF1F     		.short	8191
 3622 0e7c 7F3E     		.short	15999
 3623 0e7e 1F3C     		.short	15391
 3624 0e80 1F7C     		.short	31775
 3625 0e82 1F7C     		.short	31775
 3626 0e84 1F78     		.short	30751
 3627 0e86 1F78     		.short	30751
 3628 0e88 1F78     		.short	30751
 3629 0e8a 1F7C     		.short	31775
 3630 0e8c 1F7C     		.short	31775
 3631 0e8e 3F3C     		.short	15423
 3632 0e90 7F3E     		.short	15999
 3633 0e92 FF1F     		.short	8191
 3634 0e94 DF0F     		.short	4063
 3635 0e96 1E00     		.short	30
 3636 0e98 1E00     		.short	30
 3637 0e9a 1E00     		.short	30
 3638 0e9c 7C38     		.short	14460
 3639 0e9e F83F     		.short	16376
 3640 0ea0 003C     		.short	15360
 3641 0ea2 003C     		.short	15360
 3642 0ea4 003C     		.short	15360
 3643 0ea6 003C     		.short	15360
 3644 0ea8 003C     		.short	15360
 3645 0eaa 003C     		.short	15360
 3646 0eac FC3D     		.short	15868
 3647 0eae FE3F     		.short	16382
 3648 0eb0 9E3F     		.short	16286
 3649 0eb2 1F3F     		.short	16159
 3650 0eb4 1F3E     		.short	15903
 3651 0eb6 1F3C     		.short	15391
 3652 0eb8 1F3C     		.short	15391
 3653 0eba 1F3C     		.short	15391
 3654 0ebc 1F3C     		.short	15391
 3655 0ebe 1F3C     		.short	15391
 3656 0ec0 1F3C     		.short	15391
 3657 0ec2 1F3C     		.short	15391
 3658 0ec4 1F3C     		.short	15391
ARM GAS  /var/folders/0b/4qn_4lxx65nfvy4wf60ckd5w0000gn/T//ccsm00Fs.s 			page 65


 3659 0ec6 1F3C     		.short	15391
 3660 0ec8 1F3C     		.short	15391
 3661 0eca 0000     		.short	0
 3662 0ecc 0000     		.short	0
 3663 0ece 0000     		.short	0
 3664 0ed0 0000     		.short	0
 3665 0ed2 0000     		.short	0
 3666 0ed4 F001     		.short	496
 3667 0ed6 F001     		.short	496
 3668 0ed8 0000     		.short	0
 3669 0eda 0000     		.short	0
 3670 0edc 0000     		.short	0
 3671 0ede 0000     		.short	0
 3672 0ee0 E07F     		.short	32736
 3673 0ee2 E07F     		.short	32736
 3674 0ee4 E001     		.short	480
 3675 0ee6 E001     		.short	480
 3676 0ee8 E001     		.short	480
 3677 0eea E001     		.short	480
 3678 0eec E001     		.short	480
 3679 0eee E001     		.short	480
 3680 0ef0 E001     		.short	480
 3681 0ef2 E001     		.short	480
 3682 0ef4 E001     		.short	480
 3683 0ef6 E001     		.short	480
 3684 0ef8 E001     		.short	480
 3685 0efa E001     		.short	480
 3686 0efc E001     		.short	480
 3687 0efe 0000     		.short	0
 3688 0f00 0000     		.short	0
 3689 0f02 0000     		.short	0
 3690 0f04 0000     		.short	0
 3691 0f06 0000     		.short	0
 3692 0f08 F800     		.short	248
 3693 0f0a F800     		.short	248
 3694 0f0c 0000     		.short	0
 3695 0f0e 0000     		.short	0
 3696 0f10 0000     		.short	0
 3697 0f12 0000     		.short	0
 3698 0f14 F83F     		.short	16376
 3699 0f16 F83F     		.short	16376
 3700 0f18 F800     		.short	248
 3701 0f1a F800     		.short	248
 3702 0f1c F800     		.short	248
 3703 0f1e F800     		.short	248
 3704 0f20 F800     		.short	248
 3705 0f22 F800     		.short	248
 3706 0f24 F800     		.short	248
 3707 0f26 F800     		.short	248
 3708 0f28 F800     		.short	248
 3709 0f2a F800     		.short	248
 3710 0f2c F800     		.short	248
 3711 0f2e F800     		.short	248
 3712 0f30 F800     		.short	248
 3713 0f32 F800     		.short	248
 3714 0f34 F800     		.short	248
 3715 0f36 F000     		.short	240
ARM GAS  /var/folders/0b/4qn_4lxx65nfvy4wf60ckd5w0000gn/T//ccsm00Fs.s 			page 66


 3716 0f38 F071     		.short	29168
 3717 0f3a E07F     		.short	32736
 3718 0f3c 003C     		.short	15360
 3719 0f3e 003C     		.short	15360
 3720 0f40 003C     		.short	15360
 3721 0f42 003C     		.short	15360
 3722 0f44 003C     		.short	15360
 3723 0f46 003C     		.short	15360
 3724 0f48 1F3C     		.short	15391
 3725 0f4a 3E3C     		.short	15422
 3726 0f4c 7C3C     		.short	15484
 3727 0f4e F83C     		.short	15608
 3728 0f50 F03D     		.short	15856
 3729 0f52 E03D     		.short	15840
 3730 0f54 C03F     		.short	16320
 3731 0f56 C03F     		.short	16320
 3732 0f58 E03F     		.short	16352
 3733 0f5a F03D     		.short	15856
 3734 0f5c F83C     		.short	15608
 3735 0f5e 7C3C     		.short	15484
 3736 0f60 3E3C     		.short	15422
 3737 0f62 1F3C     		.short	15391
 3738 0f64 1F3C     		.short	15391
 3739 0f66 0000     		.short	0
 3740 0f68 0000     		.short	0
 3741 0f6a 0000     		.short	0
 3742 0f6c 0000     		.short	0
 3743 0f6e 0000     		.short	0
 3744 0f70 F07F     		.short	32752
 3745 0f72 F001     		.short	496
 3746 0f74 F001     		.short	496
 3747 0f76 F001     		.short	496
 3748 0f78 F001     		.short	496
 3749 0f7a F001     		.short	496
 3750 0f7c F001     		.short	496
 3751 0f7e F001     		.short	496
 3752 0f80 F001     		.short	496
 3753 0f82 F001     		.short	496
 3754 0f84 F001     		.short	496
 3755 0f86 F001     		.short	496
 3756 0f88 F001     		.short	496
 3757 0f8a F001     		.short	496
 3758 0f8c F001     		.short	496
 3759 0f8e F001     		.short	496
 3760 0f90 F001     		.short	496
 3761 0f92 F001     		.short	496
 3762 0f94 F001     		.short	496
 3763 0f96 F001     		.short	496
 3764 0f98 F001     		.short	496
 3765 0f9a 0000     		.short	0
 3766 0f9c 0000     		.short	0
 3767 0f9e 0000     		.short	0
 3768 0fa0 0000     		.short	0
 3769 0fa2 0000     		.short	0
 3770 0fa4 0000     		.short	0
 3771 0fa6 0000     		.short	0
 3772 0fa8 0000     		.short	0
ARM GAS  /var/folders/0b/4qn_4lxx65nfvy4wf60ckd5w0000gn/T//ccsm00Fs.s 			page 67


 3773 0faa 0000     		.short	0
 3774 0fac 0000     		.short	0
 3775 0fae 0000     		.short	0
 3776 0fb0 9EF7     		.short	-2146
 3777 0fb2 FFFF     		.short	-1
 3778 0fb4 FFFF     		.short	-1
 3779 0fb6 FFFF     		.short	-1
 3780 0fb8 E7FB     		.short	-1049
 3781 0fba E7F9     		.short	-1561
 3782 0fbc C7F1     		.short	-3641
 3783 0fbe C7F1     		.short	-3641
 3784 0fc0 C7F1     		.short	-3641
 3785 0fc2 C7F1     		.short	-3641
 3786 0fc4 C7F1     		.short	-3641
 3787 0fc6 C7F1     		.short	-3641
 3788 0fc8 C7F1     		.short	-3641
 3789 0fca C7F1     		.short	-3641
 3790 0fcc C7F1     		.short	-3641
 3791 0fce 0000     		.short	0
 3792 0fd0 0000     		.short	0
 3793 0fd2 0000     		.short	0
 3794 0fd4 0000     		.short	0
 3795 0fd6 0000     		.short	0
 3796 0fd8 0000     		.short	0
 3797 0fda 0000     		.short	0
 3798 0fdc 0000     		.short	0
 3799 0fde 0000     		.short	0
 3800 0fe0 0000     		.short	0
 3801 0fe2 0000     		.short	0
 3802 0fe4 FC3D     		.short	15868
 3803 0fe6 FE3F     		.short	16382
 3804 0fe8 9E3F     		.short	16286
 3805 0fea 1F3F     		.short	16159
 3806 0fec 1F3E     		.short	15903
 3807 0fee 1F3C     		.short	15391
 3808 0ff0 1F3C     		.short	15391
 3809 0ff2 1F3C     		.short	15391
 3810 0ff4 1F3C     		.short	15391
 3811 0ff6 1F3C     		.short	15391
 3812 0ff8 1F3C     		.short	15391
 3813 0ffa 1F3C     		.short	15391
 3814 0ffc 1F3C     		.short	15391
 3815 0ffe 1F3C     		.short	15391
 3816 1000 1F3C     		.short	15391
 3817 1002 0000     		.short	0
 3818 1004 0000     		.short	0
 3819 1006 0000     		.short	0
 3820 1008 0000     		.short	0
 3821 100a 0000     		.short	0
 3822 100c 0000     		.short	0
 3823 100e 0000     		.short	0
 3824 1010 0000     		.short	0
 3825 1012 0000     		.short	0
 3826 1014 0000     		.short	0
 3827 1016 0000     		.short	0
 3828 1018 F007     		.short	2032
 3829 101a FC1F     		.short	8188
ARM GAS  /var/folders/0b/4qn_4lxx65nfvy4wf60ckd5w0000gn/T//ccsm00Fs.s 			page 68


 3830 101c 3E3E     		.short	15934
 3831 101e 1F3C     		.short	15391
 3832 1020 1F7C     		.short	31775
 3833 1022 0F78     		.short	30735
 3834 1024 0F78     		.short	30735
 3835 1026 0F78     		.short	30735
 3836 1028 0F78     		.short	30735
 3837 102a 0F78     		.short	30735
 3838 102c 1F7C     		.short	31775
 3839 102e 1F3C     		.short	15391
 3840 1030 3E3E     		.short	15934
 3841 1032 FC1F     		.short	8188
 3842 1034 F007     		.short	2032
 3843 1036 0000     		.short	0
 3844 1038 0000     		.short	0
 3845 103a 0000     		.short	0
 3846 103c 0000     		.short	0
 3847 103e 0000     		.short	0
 3848 1040 0000     		.short	0
 3849 1042 0000     		.short	0
 3850 1044 0000     		.short	0
 3851 1046 0000     		.short	0
 3852 1048 0000     		.short	0
 3853 104a 0000     		.short	0
 3854 104c F83D     		.short	15864
 3855 104e FE3F     		.short	16382
 3856 1050 3E3F     		.short	16190
 3857 1052 1F3E     		.short	15903
 3858 1054 0F3C     		.short	15375
 3859 1056 0F3C     		.short	15375
 3860 1058 0F3C     		.short	15375
 3861 105a 0F3C     		.short	15375
 3862 105c 0F3C     		.short	15375
 3863 105e 0F3C     		.short	15375
 3864 1060 1F3C     		.short	15391
 3865 1062 1E3E     		.short	15902
 3866 1064 3E3F     		.short	16190
 3867 1066 FC3F     		.short	16380
 3868 1068 F83F     		.short	16376
 3869 106a 003C     		.short	15360
 3870 106c 003C     		.short	15360
 3871 106e 003C     		.short	15360
 3872 1070 003C     		.short	15360
 3873 1072 003C     		.short	15360
 3874 1074 0000     		.short	0
 3875 1076 0000     		.short	0
 3876 1078 0000     		.short	0
 3877 107a 0000     		.short	0
 3878 107c 0000     		.short	0
 3879 107e 0000     		.short	0
 3880 1080 EE07     		.short	2030
 3881 1082 FE1F     		.short	8190
 3882 1084 7E3E     		.short	15998
 3883 1086 1E3C     		.short	15390
 3884 1088 1E7C     		.short	31774
 3885 108a 1E78     		.short	30750
 3886 108c 1E78     		.short	30750
ARM GAS  /var/folders/0b/4qn_4lxx65nfvy4wf60ckd5w0000gn/T//ccsm00Fs.s 			page 69


 3887 108e 1E78     		.short	30750
 3888 1090 1E78     		.short	30750
 3889 1092 1E78     		.short	30750
 3890 1094 1E7C     		.short	31774
 3891 1096 3E7C     		.short	31806
 3892 1098 7E3E     		.short	15998
 3893 109a FE1F     		.short	8190
 3894 109c DE0F     		.short	4062
 3895 109e 1E00     		.short	30
 3896 10a0 1E00     		.short	30
 3897 10a2 1E00     		.short	30
 3898 10a4 1E00     		.short	30
 3899 10a6 1E00     		.short	30
 3900 10a8 0000     		.short	0
 3901 10aa 0000     		.short	0
 3902 10ac 0000     		.short	0
 3903 10ae 0000     		.short	0
 3904 10b0 0000     		.short	0
 3905 10b2 0000     		.short	0
 3906 10b4 7F1F     		.short	8063
 3907 10b6 FF1F     		.short	8191
 3908 10b8 E71F     		.short	8167
 3909 10ba C71F     		.short	8135
 3910 10bc 871F     		.short	8071
 3911 10be 001F     		.short	7936
 3912 10c0 001F     		.short	7936
 3913 10c2 001F     		.short	7936
 3914 10c4 001F     		.short	7936
 3915 10c6 001F     		.short	7936
 3916 10c8 001F     		.short	7936
 3917 10ca 001F     		.short	7936
 3918 10cc 001F     		.short	7936
 3919 10ce 001F     		.short	7936
 3920 10d0 001F     		.short	7936
 3921 10d2 0000     		.short	0
 3922 10d4 0000     		.short	0
 3923 10d6 0000     		.short	0
 3924 10d8 0000     		.short	0
 3925 10da 0000     		.short	0
 3926 10dc 0000     		.short	0
 3927 10de 0000     		.short	0
 3928 10e0 0000     		.short	0
 3929 10e2 0000     		.short	0
 3930 10e4 0000     		.short	0
 3931 10e6 0000     		.short	0
 3932 10e8 FC07     		.short	2044
 3933 10ea FE1F     		.short	8190
 3934 10ec 0E1E     		.short	7694
 3935 10ee 003E     		.short	15872
 3936 10f0 003E     		.short	15872
 3937 10f2 003F     		.short	16128
 3938 10f4 E01F     		.short	8160
 3939 10f6 FC07     		.short	2044
 3940 10f8 FE00     		.short	254
 3941 10fa 3E00     		.short	62
 3942 10fc 1E00     		.short	30
 3943 10fe 1E00     		.short	30
ARM GAS  /var/folders/0b/4qn_4lxx65nfvy4wf60ckd5w0000gn/T//ccsm00Fs.s 			page 70


 3944 1100 3E3C     		.short	15422
 3945 1102 FC3F     		.short	16380
 3946 1104 F01F     		.short	8176
 3947 1106 0000     		.short	0
 3948 1108 0000     		.short	0
 3949 110a 0000     		.short	0
 3950 110c 0000     		.short	0
 3951 110e 0000     		.short	0
 3952 1110 0000     		.short	0
 3953 1112 0000     		.short	0
 3954 1114 0000     		.short	0
 3955 1116 8007     		.short	1920
 3956 1118 8007     		.short	1920
 3957 111a 8007     		.short	1920
 3958 111c FF7F     		.short	32767
 3959 111e FF7F     		.short	32767
 3960 1120 8007     		.short	1920
 3961 1122 8007     		.short	1920
 3962 1124 8007     		.short	1920
 3963 1126 8007     		.short	1920
 3964 1128 8007     		.short	1920
 3965 112a 8007     		.short	1920
 3966 112c 8007     		.short	1920
 3967 112e 8007     		.short	1920
 3968 1130 8007     		.short	1920
 3969 1132 8007     		.short	1920
 3970 1134 C007     		.short	1984
 3971 1136 FF03     		.short	1023
 3972 1138 FF01     		.short	511
 3973 113a 0000     		.short	0
 3974 113c 0000     		.short	0
 3975 113e 0000     		.short	0
 3976 1140 0000     		.short	0
 3977 1142 0000     		.short	0
 3978 1144 0000     		.short	0
 3979 1146 0000     		.short	0
 3980 1148 0000     		.short	0
 3981 114a 0000     		.short	0
 3982 114c 0000     		.short	0
 3983 114e 0000     		.short	0
 3984 1150 1E3C     		.short	15390
 3985 1152 1E3C     		.short	15390
 3986 1154 1E3C     		.short	15390
 3987 1156 1E3C     		.short	15390
 3988 1158 1E3C     		.short	15390
 3989 115a 1E3C     		.short	15390
 3990 115c 1E3C     		.short	15390
 3991 115e 1E3C     		.short	15390
 3992 1160 1E3C     		.short	15390
 3993 1162 1E3C     		.short	15390
 3994 1164 3E3C     		.short	15422
 3995 1166 7E3C     		.short	15486
 3996 1168 FE3E     		.short	16126
 3997 116a FE1F     		.short	8190
 3998 116c DE0F     		.short	4062
 3999 116e 0000     		.short	0
 4000 1170 0000     		.short	0
ARM GAS  /var/folders/0b/4qn_4lxx65nfvy4wf60ckd5w0000gn/T//ccsm00Fs.s 			page 71


 4001 1172 0000     		.short	0
 4002 1174 0000     		.short	0
 4003 1176 0000     		.short	0
 4004 1178 0000     		.short	0
 4005 117a 0000     		.short	0
 4006 117c 0000     		.short	0
 4007 117e 0000     		.short	0
 4008 1180 0000     		.short	0
 4009 1182 0000     		.short	0
 4010 1184 07F0     		.short	-4089
 4011 1186 0F78     		.short	30735
 4012 1188 0F78     		.short	30735
 4013 118a 1E3C     		.short	15390
 4014 118c 1E3C     		.short	15390
 4015 118e 1E3E     		.short	15902
 4016 1190 3C1E     		.short	7740
 4017 1192 3C1E     		.short	7740
 4018 1194 780F     		.short	3960
 4019 1196 780F     		.short	3960
 4020 1198 F00F     		.short	4080
 4021 119a F007     		.short	2032
 4022 119c F007     		.short	2032
 4023 119e E003     		.short	992
 4024 11a0 E003     		.short	992
 4025 11a2 0000     		.short	0
 4026 11a4 0000     		.short	0
 4027 11a6 0000     		.short	0
 4028 11a8 0000     		.short	0
 4029 11aa 0000     		.short	0
 4030 11ac 0000     		.short	0
 4031 11ae 0000     		.short	0
 4032 11b0 0000     		.short	0
 4033 11b2 0000     		.short	0
 4034 11b4 0000     		.short	0
 4035 11b6 0000     		.short	0
 4036 11b8 03F0     		.short	-4093
 4037 11ba E3F1     		.short	-3613
 4038 11bc E3F3     		.short	-3101
 4039 11be E7F3     		.short	-3097
 4040 11c0 F7F3     		.short	-3081
 4041 11c2 F7F3     		.short	-3081
 4042 11c4 F77F     		.short	32759
 4043 11c6 777F     		.short	32631
 4044 11c8 7F7F     		.short	32639
 4045 11ca 7F7F     		.short	32639
 4046 11cc 7F7F     		.short	32639
 4047 11ce 3E3E     		.short	15934
 4048 11d0 3E3E     		.short	15934
 4049 11d2 3E3E     		.short	15934
 4050 11d4 3E3E     		.short	15934
 4051 11d6 0000     		.short	0
 4052 11d8 0000     		.short	0
 4053 11da 0000     		.short	0
 4054 11dc 0000     		.short	0
 4055 11de 0000     		.short	0
 4056 11e0 0000     		.short	0
 4057 11e2 0000     		.short	0
ARM GAS  /var/folders/0b/4qn_4lxx65nfvy4wf60ckd5w0000gn/T//ccsm00Fs.s 			page 72


 4058 11e4 0000     		.short	0
 4059 11e6 0000     		.short	0
 4060 11e8 0000     		.short	0
 4061 11ea 0000     		.short	0
 4062 11ec 0F7C     		.short	31759
 4063 11ee 1E3E     		.short	15902
 4064 11f0 3C3E     		.short	15932
 4065 11f2 3C1F     		.short	7996
 4066 11f4 F80F     		.short	4088
 4067 11f6 F007     		.short	2032
 4068 11f8 F007     		.short	2032
 4069 11fa E003     		.short	992
 4070 11fc F007     		.short	2032
 4071 11fe F807     		.short	2040
 4072 1200 F80F     		.short	4088
 4073 1202 7C1E     		.short	7804
 4074 1204 3E3E     		.short	15934
 4075 1206 1F3C     		.short	15391
 4076 1208 1F78     		.short	30751
 4077 120a 0000     		.short	0
 4078 120c 0000     		.short	0
 4079 120e 0000     		.short	0
 4080 1210 0000     		.short	0
 4081 1212 0000     		.short	0
 4082 1214 0000     		.short	0
 4083 1216 0000     		.short	0
 4084 1218 0000     		.short	0
 4085 121a 0000     		.short	0
 4086 121c 0000     		.short	0
 4087 121e 0000     		.short	0
 4088 1220 07F8     		.short	-2041
 4089 1222 0F78     		.short	30735
 4090 1224 0F7C     		.short	31759
 4091 1226 1E3C     		.short	15390
 4092 1228 1E3C     		.short	15390
 4093 122a 3C1E     		.short	7740
 4094 122c 3C1E     		.short	7740
 4095 122e 3C1F     		.short	7996
 4096 1230 780F     		.short	3960
 4097 1232 F80F     		.short	4088
 4098 1234 F007     		.short	2032
 4099 1236 F007     		.short	2032
 4100 1238 E003     		.short	992
 4101 123a E003     		.short	992
 4102 123c C003     		.short	960
 4103 123e C003     		.short	960
 4104 1240 C003     		.short	960
 4105 1242 8007     		.short	1920
 4106 1244 800F     		.short	3968
 4107 1246 007F     		.short	32512
 4108 1248 0000     		.short	0
 4109 124a 0000     		.short	0
 4110 124c 0000     		.short	0
 4111 124e 0000     		.short	0
 4112 1250 0000     		.short	0
 4113 1252 0000     		.short	0
 4114 1254 FF3F     		.short	16383
ARM GAS  /var/folders/0b/4qn_4lxx65nfvy4wf60ckd5w0000gn/T//ccsm00Fs.s 			page 73


 4115 1256 FF3F     		.short	16383
 4116 1258 1F00     		.short	31
 4117 125a 3E00     		.short	62
 4118 125c 7C00     		.short	124
 4119 125e F800     		.short	248
 4120 1260 F001     		.short	496
 4121 1262 E003     		.short	992
 4122 1264 C007     		.short	1984
 4123 1266 800F     		.short	3968
 4124 1268 001F     		.short	7936
 4125 126a 001E     		.short	7680
 4126 126c 003C     		.short	15360
 4127 126e FF7F     		.short	32767
 4128 1270 FF7F     		.short	32767
 4129 1272 0000     		.short	0
 4130 1274 0000     		.short	0
 4131 1276 0000     		.short	0
 4132 1278 0000     		.short	0
 4133 127a 0000     		.short	0
 4134 127c FE01     		.short	510
 4135 127e E003     		.short	992
 4136 1280 C003     		.short	960
 4137 1282 C003     		.short	960
 4138 1284 C003     		.short	960
 4139 1286 C003     		.short	960
 4140 1288 E001     		.short	480
 4141 128a E001     		.short	480
 4142 128c E001     		.short	480
 4143 128e C001     		.short	448
 4144 1290 C003     		.short	960
 4145 1292 803F     		.short	16256
 4146 1294 803F     		.short	16256
 4147 1296 C003     		.short	960
 4148 1298 C001     		.short	448
 4149 129a E001     		.short	480
 4150 129c E001     		.short	480
 4151 129e E001     		.short	480
 4152 12a0 C003     		.short	960
 4153 12a2 C003     		.short	960
 4154 12a4 C003     		.short	960
 4155 12a6 C003     		.short	960
 4156 12a8 E003     		.short	992
 4157 12aa FE01     		.short	510
 4158 12ac 7E00     		.short	126
 4159 12ae 0000     		.short	0
 4160 12b0 C001     		.short	448
 4161 12b2 C001     		.short	448
 4162 12b4 C001     		.short	448
 4163 12b6 C001     		.short	448
 4164 12b8 C001     		.short	448
 4165 12ba C001     		.short	448
 4166 12bc C001     		.short	448
 4167 12be C001     		.short	448
 4168 12c0 C001     		.short	448
 4169 12c2 C001     		.short	448
 4170 12c4 C001     		.short	448
 4171 12c6 C001     		.short	448
ARM GAS  /var/folders/0b/4qn_4lxx65nfvy4wf60ckd5w0000gn/T//ccsm00Fs.s 			page 74


 4172 12c8 C001     		.short	448
 4173 12ca C001     		.short	448
 4174 12cc C001     		.short	448
 4175 12ce C001     		.short	448
 4176 12d0 C001     		.short	448
 4177 12d2 C001     		.short	448
 4178 12d4 C001     		.short	448
 4179 12d6 C001     		.short	448
 4180 12d8 C001     		.short	448
 4181 12da C001     		.short	448
 4182 12dc C001     		.short	448
 4183 12de C001     		.short	448
 4184 12e0 C001     		.short	448
 4185 12e2 0000     		.short	0
 4186 12e4 C03F     		.short	16320
 4187 12e6 E003     		.short	992
 4188 12e8 E001     		.short	480
 4189 12ea E001     		.short	480
 4190 12ec E001     		.short	480
 4191 12ee E001     		.short	480
 4192 12f0 C001     		.short	448
 4193 12f2 C003     		.short	960
 4194 12f4 C003     		.short	960
 4195 12f6 C001     		.short	448
 4196 12f8 E001     		.short	480
 4197 12fa FE00     		.short	254
 4198 12fc FE00     		.short	254
 4199 12fe E001     		.short	480
 4200 1300 C001     		.short	448
 4201 1302 C003     		.short	960
 4202 1304 C003     		.short	960
 4203 1306 C001     		.short	448
 4204 1308 E001     		.short	480
 4205 130a E001     		.short	480
 4206 130c E001     		.short	480
 4207 130e E001     		.short	480
 4208 1310 E003     		.short	992
 4209 1312 C03F     		.short	16320
 4210 1314 003F     		.short	16128
 4211 1316 0000     		.short	0
 4212 1318 0000     		.short	0
 4213 131a 0000     		.short	0
 4214 131c 0000     		.short	0
 4215 131e 0000     		.short	0
 4216 1320 0000     		.short	0
 4217 1322 0000     		.short	0
 4218 1324 0000     		.short	0
 4219 1326 0000     		.short	0
 4220 1328 0000     		.short	0
 4221 132a 0000     		.short	0
 4222 132c 0000     		.short	0
 4223 132e 073F     		.short	16135
 4224 1330 C77F     		.short	32711
 4225 1332 E773     		.short	29671
 4226 1334 FFF1     		.short	-3585
 4227 1336 7EF0     		.short	-3970
 4228 1338 0000     		.short	0
ARM GAS  /var/folders/0b/4qn_4lxx65nfvy4wf60ckd5w0000gn/T//ccsm00Fs.s 			page 75


 4229 133a 0000     		.short	0
 4230 133c 0000     		.short	0
 4231 133e 0000     		.short	0
 4232 1340 0000     		.short	0
 4233 1342 0000     		.short	0
 4234 1344 0000     		.short	0
 4235 1346 0000     		.short	0
 4236 1348 0000     		.short	0
 4237 134a 0000     		.short	0
 4238              		.section	.rodata.Font7x10,"a"
 4239              		.align	2
 4242              	Font7x10:
 4243 0000 0000     		.short	0
 4244 0002 0000     		.short	0
 4245 0004 0000     		.short	0
 4246 0006 0000     		.short	0
 4247 0008 0000     		.short	0
 4248 000a 0000     		.short	0
 4249 000c 0000     		.short	0
 4250 000e 0000     		.short	0
 4251 0010 0000     		.short	0
 4252 0012 0000     		.short	0
 4253 0014 0010     		.short	4096
 4254 0016 0010     		.short	4096
 4255 0018 0010     		.short	4096
 4256 001a 0010     		.short	4096
 4257 001c 0010     		.short	4096
 4258 001e 0010     		.short	4096
 4259 0020 0000     		.short	0
 4260 0022 0010     		.short	4096
 4261 0024 0000     		.short	0
 4262 0026 0000     		.short	0
 4263 0028 0028     		.short	10240
 4264 002a 0028     		.short	10240
 4265 002c 0028     		.short	10240
 4266 002e 0000     		.short	0
 4267 0030 0000     		.short	0
 4268 0032 0000     		.short	0
 4269 0034 0000     		.short	0
 4270 0036 0000     		.short	0
 4271 0038 0000     		.short	0
 4272 003a 0000     		.short	0
 4273 003c 0024     		.short	9216
 4274 003e 0024     		.short	9216
 4275 0040 007C     		.short	31744
 4276 0042 0024     		.short	9216
 4277 0044 0048     		.short	18432
 4278 0046 007C     		.short	31744
 4279 0048 0048     		.short	18432
 4280 004a 0048     		.short	18432
 4281 004c 0000     		.short	0
 4282 004e 0000     		.short	0
 4283 0050 0038     		.short	14336
 4284 0052 0054     		.short	21504
 4285 0054 0050     		.short	20480
 4286 0056 0038     		.short	14336
 4287 0058 0014     		.short	5120
ARM GAS  /var/folders/0b/4qn_4lxx65nfvy4wf60ckd5w0000gn/T//ccsm00Fs.s 			page 76


 4288 005a 0054     		.short	21504
 4289 005c 0054     		.short	21504
 4290 005e 0038     		.short	14336
 4291 0060 0010     		.short	4096
 4292 0062 0000     		.short	0
 4293 0064 0020     		.short	8192
 4294 0066 0054     		.short	21504
 4295 0068 0058     		.short	22528
 4296 006a 0030     		.short	12288
 4297 006c 0028     		.short	10240
 4298 006e 0054     		.short	21504
 4299 0070 0014     		.short	5120
 4300 0072 0008     		.short	2048
 4301 0074 0000     		.short	0
 4302 0076 0000     		.short	0
 4303 0078 0010     		.short	4096
 4304 007a 0028     		.short	10240
 4305 007c 0028     		.short	10240
 4306 007e 0010     		.short	4096
 4307 0080 0034     		.short	13312
 4308 0082 0048     		.short	18432
 4309 0084 0048     		.short	18432
 4310 0086 0034     		.short	13312
 4311 0088 0000     		.short	0
 4312 008a 0000     		.short	0
 4313 008c 0010     		.short	4096
 4314 008e 0010     		.short	4096
 4315 0090 0010     		.short	4096
 4316 0092 0000     		.short	0
 4317 0094 0000     		.short	0
 4318 0096 0000     		.short	0
 4319 0098 0000     		.short	0
 4320 009a 0000     		.short	0
 4321 009c 0000     		.short	0
 4322 009e 0000     		.short	0
 4323 00a0 0008     		.short	2048
 4324 00a2 0010     		.short	4096
 4325 00a4 0020     		.short	8192
 4326 00a6 0020     		.short	8192
 4327 00a8 0020     		.short	8192
 4328 00aa 0020     		.short	8192
 4329 00ac 0020     		.short	8192
 4330 00ae 0020     		.short	8192
 4331 00b0 0010     		.short	4096
 4332 00b2 0008     		.short	2048
 4333 00b4 0020     		.short	8192
 4334 00b6 0010     		.short	4096
 4335 00b8 0008     		.short	2048
 4336 00ba 0008     		.short	2048
 4337 00bc 0008     		.short	2048
 4338 00be 0008     		.short	2048
 4339 00c0 0008     		.short	2048
 4340 00c2 0008     		.short	2048
 4341 00c4 0010     		.short	4096
 4342 00c6 0020     		.short	8192
 4343 00c8 0010     		.short	4096
 4344 00ca 0038     		.short	14336
ARM GAS  /var/folders/0b/4qn_4lxx65nfvy4wf60ckd5w0000gn/T//ccsm00Fs.s 			page 77


 4345 00cc 0010     		.short	4096
 4346 00ce 0028     		.short	10240
 4347 00d0 0000     		.short	0
 4348 00d2 0000     		.short	0
 4349 00d4 0000     		.short	0
 4350 00d6 0000     		.short	0
 4351 00d8 0000     		.short	0
 4352 00da 0000     		.short	0
 4353 00dc 0000     		.short	0
 4354 00de 0000     		.short	0
 4355 00e0 0010     		.short	4096
 4356 00e2 0010     		.short	4096
 4357 00e4 007C     		.short	31744
 4358 00e6 0010     		.short	4096
 4359 00e8 0010     		.short	4096
 4360 00ea 0000     		.short	0
 4361 00ec 0000     		.short	0
 4362 00ee 0000     		.short	0
 4363 00f0 0000     		.short	0
 4364 00f2 0000     		.short	0
 4365 00f4 0000     		.short	0
 4366 00f6 0000     		.short	0
 4367 00f8 0000     		.short	0
 4368 00fa 0000     		.short	0
 4369 00fc 0000     		.short	0
 4370 00fe 0010     		.short	4096
 4371 0100 0010     		.short	4096
 4372 0102 0010     		.short	4096
 4373 0104 0000     		.short	0
 4374 0106 0000     		.short	0
 4375 0108 0000     		.short	0
 4376 010a 0000     		.short	0
 4377 010c 0000     		.short	0
 4378 010e 0038     		.short	14336
 4379 0110 0000     		.short	0
 4380 0112 0000     		.short	0
 4381 0114 0000     		.short	0
 4382 0116 0000     		.short	0
 4383 0118 0000     		.short	0
 4384 011a 0000     		.short	0
 4385 011c 0000     		.short	0
 4386 011e 0000     		.short	0
 4387 0120 0000     		.short	0
 4388 0122 0000     		.short	0
 4389 0124 0000     		.short	0
 4390 0126 0010     		.short	4096
 4391 0128 0000     		.short	0
 4392 012a 0000     		.short	0
 4393 012c 0008     		.short	2048
 4394 012e 0008     		.short	2048
 4395 0130 0010     		.short	4096
 4396 0132 0010     		.short	4096
 4397 0134 0010     		.short	4096
 4398 0136 0010     		.short	4096
 4399 0138 0020     		.short	8192
 4400 013a 0020     		.short	8192
 4401 013c 0000     		.short	0
ARM GAS  /var/folders/0b/4qn_4lxx65nfvy4wf60ckd5w0000gn/T//ccsm00Fs.s 			page 78


 4402 013e 0000     		.short	0
 4403 0140 0038     		.short	14336
 4404 0142 0044     		.short	17408
 4405 0144 0044     		.short	17408
 4406 0146 0054     		.short	21504
 4407 0148 0044     		.short	17408
 4408 014a 0044     		.short	17408
 4409 014c 0044     		.short	17408
 4410 014e 0038     		.short	14336
 4411 0150 0000     		.short	0
 4412 0152 0000     		.short	0
 4413 0154 0010     		.short	4096
 4414 0156 0030     		.short	12288
 4415 0158 0050     		.short	20480
 4416 015a 0010     		.short	4096
 4417 015c 0010     		.short	4096
 4418 015e 0010     		.short	4096
 4419 0160 0010     		.short	4096
 4420 0162 0010     		.short	4096
 4421 0164 0000     		.short	0
 4422 0166 0000     		.short	0
 4423 0168 0038     		.short	14336
 4424 016a 0044     		.short	17408
 4425 016c 0044     		.short	17408
 4426 016e 0004     		.short	1024
 4427 0170 0008     		.short	2048
 4428 0172 0010     		.short	4096
 4429 0174 0020     		.short	8192
 4430 0176 007C     		.short	31744
 4431 0178 0000     		.short	0
 4432 017a 0000     		.short	0
 4433 017c 0038     		.short	14336
 4434 017e 0044     		.short	17408
 4435 0180 0004     		.short	1024
 4436 0182 0018     		.short	6144
 4437 0184 0004     		.short	1024
 4438 0186 0004     		.short	1024
 4439 0188 0044     		.short	17408
 4440 018a 0038     		.short	14336
 4441 018c 0000     		.short	0
 4442 018e 0000     		.short	0
 4443 0190 0008     		.short	2048
 4444 0192 0018     		.short	6144
 4445 0194 0028     		.short	10240
 4446 0196 0028     		.short	10240
 4447 0198 0048     		.short	18432
 4448 019a 007C     		.short	31744
 4449 019c 0008     		.short	2048
 4450 019e 0008     		.short	2048
 4451 01a0 0000     		.short	0
 4452 01a2 0000     		.short	0
 4453 01a4 007C     		.short	31744
 4454 01a6 0040     		.short	16384
 4455 01a8 0040     		.short	16384
 4456 01aa 0078     		.short	30720
 4457 01ac 0004     		.short	1024
 4458 01ae 0004     		.short	1024
ARM GAS  /var/folders/0b/4qn_4lxx65nfvy4wf60ckd5w0000gn/T//ccsm00Fs.s 			page 79


 4459 01b0 0044     		.short	17408
 4460 01b2 0038     		.short	14336
 4461 01b4 0000     		.short	0
 4462 01b6 0000     		.short	0
 4463 01b8 0038     		.short	14336
 4464 01ba 0044     		.short	17408
 4465 01bc 0040     		.short	16384
 4466 01be 0078     		.short	30720
 4467 01c0 0044     		.short	17408
 4468 01c2 0044     		.short	17408
 4469 01c4 0044     		.short	17408
 4470 01c6 0038     		.short	14336
 4471 01c8 0000     		.short	0
 4472 01ca 0000     		.short	0
 4473 01cc 007C     		.short	31744
 4474 01ce 0004     		.short	1024
 4475 01d0 0008     		.short	2048
 4476 01d2 0010     		.short	4096
 4477 01d4 0010     		.short	4096
 4478 01d6 0020     		.short	8192
 4479 01d8 0020     		.short	8192
 4480 01da 0020     		.short	8192
 4481 01dc 0000     		.short	0
 4482 01de 0000     		.short	0
 4483 01e0 0038     		.short	14336
 4484 01e2 0044     		.short	17408
 4485 01e4 0044     		.short	17408
 4486 01e6 0038     		.short	14336
 4487 01e8 0044     		.short	17408
 4488 01ea 0044     		.short	17408
 4489 01ec 0044     		.short	17408
 4490 01ee 0038     		.short	14336
 4491 01f0 0000     		.short	0
 4492 01f2 0000     		.short	0
 4493 01f4 0038     		.short	14336
 4494 01f6 0044     		.short	17408
 4495 01f8 0044     		.short	17408
 4496 01fa 0044     		.short	17408
 4497 01fc 003C     		.short	15360
 4498 01fe 0004     		.short	1024
 4499 0200 0044     		.short	17408
 4500 0202 0038     		.short	14336
 4501 0204 0000     		.short	0
 4502 0206 0000     		.short	0
 4503 0208 0000     		.short	0
 4504 020a 0000     		.short	0
 4505 020c 0010     		.short	4096
 4506 020e 0000     		.short	0
 4507 0210 0000     		.short	0
 4508 0212 0000     		.short	0
 4509 0214 0000     		.short	0
 4510 0216 0010     		.short	4096
 4511 0218 0000     		.short	0
 4512 021a 0000     		.short	0
 4513 021c 0000     		.short	0
 4514 021e 0000     		.short	0
 4515 0220 0000     		.short	0
ARM GAS  /var/folders/0b/4qn_4lxx65nfvy4wf60ckd5w0000gn/T//ccsm00Fs.s 			page 80


 4516 0222 0010     		.short	4096
 4517 0224 0000     		.short	0
 4518 0226 0000     		.short	0
 4519 0228 0000     		.short	0
 4520 022a 0010     		.short	4096
 4521 022c 0010     		.short	4096
 4522 022e 0010     		.short	4096
 4523 0230 0000     		.short	0
 4524 0232 0000     		.short	0
 4525 0234 000C     		.short	3072
 4526 0236 0030     		.short	12288
 4527 0238 0040     		.short	16384
 4528 023a 0030     		.short	12288
 4529 023c 000C     		.short	3072
 4530 023e 0000     		.short	0
 4531 0240 0000     		.short	0
 4532 0242 0000     		.short	0
 4533 0244 0000     		.short	0
 4534 0246 0000     		.short	0
 4535 0248 0000     		.short	0
 4536 024a 007C     		.short	31744
 4537 024c 0000     		.short	0
 4538 024e 007C     		.short	31744
 4539 0250 0000     		.short	0
 4540 0252 0000     		.short	0
 4541 0254 0000     		.short	0
 4542 0256 0000     		.short	0
 4543 0258 0000     		.short	0
 4544 025a 0000     		.short	0
 4545 025c 0060     		.short	24576
 4546 025e 0018     		.short	6144
 4547 0260 0004     		.short	1024
 4548 0262 0018     		.short	6144
 4549 0264 0060     		.short	24576
 4550 0266 0000     		.short	0
 4551 0268 0000     		.short	0
 4552 026a 0000     		.short	0
 4553 026c 0038     		.short	14336
 4554 026e 0044     		.short	17408
 4555 0270 0004     		.short	1024
 4556 0272 0008     		.short	2048
 4557 0274 0010     		.short	4096
 4558 0276 0010     		.short	4096
 4559 0278 0000     		.short	0
 4560 027a 0010     		.short	4096
 4561 027c 0000     		.short	0
 4562 027e 0000     		.short	0
 4563 0280 0038     		.short	14336
 4564 0282 0044     		.short	17408
 4565 0284 004C     		.short	19456
 4566 0286 0054     		.short	21504
 4567 0288 005C     		.short	23552
 4568 028a 0040     		.short	16384
 4569 028c 0040     		.short	16384
 4570 028e 0038     		.short	14336
 4571 0290 0000     		.short	0
 4572 0292 0000     		.short	0
ARM GAS  /var/folders/0b/4qn_4lxx65nfvy4wf60ckd5w0000gn/T//ccsm00Fs.s 			page 81


 4573 0294 0010     		.short	4096
 4574 0296 0028     		.short	10240
 4575 0298 0028     		.short	10240
 4576 029a 0028     		.short	10240
 4577 029c 0028     		.short	10240
 4578 029e 007C     		.short	31744
 4579 02a0 0044     		.short	17408
 4580 02a2 0044     		.short	17408
 4581 02a4 0000     		.short	0
 4582 02a6 0000     		.short	0
 4583 02a8 0078     		.short	30720
 4584 02aa 0044     		.short	17408
 4585 02ac 0044     		.short	17408
 4586 02ae 0078     		.short	30720
 4587 02b0 0044     		.short	17408
 4588 02b2 0044     		.short	17408
 4589 02b4 0044     		.short	17408
 4590 02b6 0078     		.short	30720
 4591 02b8 0000     		.short	0
 4592 02ba 0000     		.short	0
 4593 02bc 0038     		.short	14336
 4594 02be 0044     		.short	17408
 4595 02c0 0040     		.short	16384
 4596 02c2 0040     		.short	16384
 4597 02c4 0040     		.short	16384
 4598 02c6 0040     		.short	16384
 4599 02c8 0044     		.short	17408
 4600 02ca 0038     		.short	14336
 4601 02cc 0000     		.short	0
 4602 02ce 0000     		.short	0
 4603 02d0 0070     		.short	28672
 4604 02d2 0048     		.short	18432
 4605 02d4 0044     		.short	17408
 4606 02d6 0044     		.short	17408
 4607 02d8 0044     		.short	17408
 4608 02da 0044     		.short	17408
 4609 02dc 0048     		.short	18432
 4610 02de 0070     		.short	28672
 4611 02e0 0000     		.short	0
 4612 02e2 0000     		.short	0
 4613 02e4 007C     		.short	31744
 4614 02e6 0040     		.short	16384
 4615 02e8 0040     		.short	16384
 4616 02ea 007C     		.short	31744
 4617 02ec 0040     		.short	16384
 4618 02ee 0040     		.short	16384
 4619 02f0 0040     		.short	16384
 4620 02f2 007C     		.short	31744
 4621 02f4 0000     		.short	0
 4622 02f6 0000     		.short	0
 4623 02f8 007C     		.short	31744
 4624 02fa 0040     		.short	16384
 4625 02fc 0040     		.short	16384
 4626 02fe 0078     		.short	30720
 4627 0300 0040     		.short	16384
 4628 0302 0040     		.short	16384
 4629 0304 0040     		.short	16384
ARM GAS  /var/folders/0b/4qn_4lxx65nfvy4wf60ckd5w0000gn/T//ccsm00Fs.s 			page 82


 4630 0306 0040     		.short	16384
 4631 0308 0000     		.short	0
 4632 030a 0000     		.short	0
 4633 030c 0038     		.short	14336
 4634 030e 0044     		.short	17408
 4635 0310 0040     		.short	16384
 4636 0312 0040     		.short	16384
 4637 0314 005C     		.short	23552
 4638 0316 0044     		.short	17408
 4639 0318 0044     		.short	17408
 4640 031a 0038     		.short	14336
 4641 031c 0000     		.short	0
 4642 031e 0000     		.short	0
 4643 0320 0044     		.short	17408
 4644 0322 0044     		.short	17408
 4645 0324 0044     		.short	17408
 4646 0326 007C     		.short	31744
 4647 0328 0044     		.short	17408
 4648 032a 0044     		.short	17408
 4649 032c 0044     		.short	17408
 4650 032e 0044     		.short	17408
 4651 0330 0000     		.short	0
 4652 0332 0000     		.short	0
 4653 0334 0038     		.short	14336
 4654 0336 0010     		.short	4096
 4655 0338 0010     		.short	4096
 4656 033a 0010     		.short	4096
 4657 033c 0010     		.short	4096
 4658 033e 0010     		.short	4096
 4659 0340 0010     		.short	4096
 4660 0342 0038     		.short	14336
 4661 0344 0000     		.short	0
 4662 0346 0000     		.short	0
 4663 0348 0004     		.short	1024
 4664 034a 0004     		.short	1024
 4665 034c 0004     		.short	1024
 4666 034e 0004     		.short	1024
 4667 0350 0004     		.short	1024
 4668 0352 0004     		.short	1024
 4669 0354 0044     		.short	17408
 4670 0356 0038     		.short	14336
 4671 0358 0000     		.short	0
 4672 035a 0000     		.short	0
 4673 035c 0044     		.short	17408
 4674 035e 0048     		.short	18432
 4675 0360 0050     		.short	20480
 4676 0362 0060     		.short	24576
 4677 0364 0050     		.short	20480
 4678 0366 0048     		.short	18432
 4679 0368 0048     		.short	18432
 4680 036a 0044     		.short	17408
 4681 036c 0000     		.short	0
 4682 036e 0000     		.short	0
 4683 0370 0040     		.short	16384
 4684 0372 0040     		.short	16384
 4685 0374 0040     		.short	16384
 4686 0376 0040     		.short	16384
ARM GAS  /var/folders/0b/4qn_4lxx65nfvy4wf60ckd5w0000gn/T//ccsm00Fs.s 			page 83


 4687 0378 0040     		.short	16384
 4688 037a 0040     		.short	16384
 4689 037c 0040     		.short	16384
 4690 037e 007C     		.short	31744
 4691 0380 0000     		.short	0
 4692 0382 0000     		.short	0
 4693 0384 0044     		.short	17408
 4694 0386 006C     		.short	27648
 4695 0388 006C     		.short	27648
 4696 038a 0054     		.short	21504
 4697 038c 0044     		.short	17408
 4698 038e 0044     		.short	17408
 4699 0390 0044     		.short	17408
 4700 0392 0044     		.short	17408
 4701 0394 0000     		.short	0
 4702 0396 0000     		.short	0
 4703 0398 0044     		.short	17408
 4704 039a 0064     		.short	25600
 4705 039c 0064     		.short	25600
 4706 039e 0054     		.short	21504
 4707 03a0 0054     		.short	21504
 4708 03a2 004C     		.short	19456
 4709 03a4 004C     		.short	19456
 4710 03a6 0044     		.short	17408
 4711 03a8 0000     		.short	0
 4712 03aa 0000     		.short	0
 4713 03ac 0038     		.short	14336
 4714 03ae 0044     		.short	17408
 4715 03b0 0044     		.short	17408
 4716 03b2 0044     		.short	17408
 4717 03b4 0044     		.short	17408
 4718 03b6 0044     		.short	17408
 4719 03b8 0044     		.short	17408
 4720 03ba 0038     		.short	14336
 4721 03bc 0000     		.short	0
 4722 03be 0000     		.short	0
 4723 03c0 0078     		.short	30720
 4724 03c2 0044     		.short	17408
 4725 03c4 0044     		.short	17408
 4726 03c6 0044     		.short	17408
 4727 03c8 0078     		.short	30720
 4728 03ca 0040     		.short	16384
 4729 03cc 0040     		.short	16384
 4730 03ce 0040     		.short	16384
 4731 03d0 0000     		.short	0
 4732 03d2 0000     		.short	0
 4733 03d4 0038     		.short	14336
 4734 03d6 0044     		.short	17408
 4735 03d8 0044     		.short	17408
 4736 03da 0044     		.short	17408
 4737 03dc 0044     		.short	17408
 4738 03de 0044     		.short	17408
 4739 03e0 0054     		.short	21504
 4740 03e2 0038     		.short	14336
 4741 03e4 0004     		.short	1024
 4742 03e6 0000     		.short	0
 4743 03e8 0078     		.short	30720
ARM GAS  /var/folders/0b/4qn_4lxx65nfvy4wf60ckd5w0000gn/T//ccsm00Fs.s 			page 84


 4744 03ea 0044     		.short	17408
 4745 03ec 0044     		.short	17408
 4746 03ee 0044     		.short	17408
 4747 03f0 0078     		.short	30720
 4748 03f2 0048     		.short	18432
 4749 03f4 0048     		.short	18432
 4750 03f6 0044     		.short	17408
 4751 03f8 0000     		.short	0
 4752 03fa 0000     		.short	0
 4753 03fc 0038     		.short	14336
 4754 03fe 0044     		.short	17408
 4755 0400 0040     		.short	16384
 4756 0402 0030     		.short	12288
 4757 0404 0008     		.short	2048
 4758 0406 0004     		.short	1024
 4759 0408 0044     		.short	17408
 4760 040a 0038     		.short	14336
 4761 040c 0000     		.short	0
 4762 040e 0000     		.short	0
 4763 0410 007C     		.short	31744
 4764 0412 0010     		.short	4096
 4765 0414 0010     		.short	4096
 4766 0416 0010     		.short	4096
 4767 0418 0010     		.short	4096
 4768 041a 0010     		.short	4096
 4769 041c 0010     		.short	4096
 4770 041e 0010     		.short	4096
 4771 0420 0000     		.short	0
 4772 0422 0000     		.short	0
 4773 0424 0044     		.short	17408
 4774 0426 0044     		.short	17408
 4775 0428 0044     		.short	17408
 4776 042a 0044     		.short	17408
 4777 042c 0044     		.short	17408
 4778 042e 0044     		.short	17408
 4779 0430 0044     		.short	17408
 4780 0432 0038     		.short	14336
 4781 0434 0000     		.short	0
 4782 0436 0000     		.short	0
 4783 0438 0044     		.short	17408
 4784 043a 0044     		.short	17408
 4785 043c 0044     		.short	17408
 4786 043e 0028     		.short	10240
 4787 0440 0028     		.short	10240
 4788 0442 0028     		.short	10240
 4789 0444 0010     		.short	4096
 4790 0446 0010     		.short	4096
 4791 0448 0000     		.short	0
 4792 044a 0000     		.short	0
 4793 044c 0044     		.short	17408
 4794 044e 0044     		.short	17408
 4795 0450 0054     		.short	21504
 4796 0452 0054     		.short	21504
 4797 0454 0054     		.short	21504
 4798 0456 006C     		.short	27648
 4799 0458 0028     		.short	10240
 4800 045a 0028     		.short	10240
ARM GAS  /var/folders/0b/4qn_4lxx65nfvy4wf60ckd5w0000gn/T//ccsm00Fs.s 			page 85


 4801 045c 0000     		.short	0
 4802 045e 0000     		.short	0
 4803 0460 0044     		.short	17408
 4804 0462 0028     		.short	10240
 4805 0464 0028     		.short	10240
 4806 0466 0010     		.short	4096
 4807 0468 0010     		.short	4096
 4808 046a 0028     		.short	10240
 4809 046c 0028     		.short	10240
 4810 046e 0044     		.short	17408
 4811 0470 0000     		.short	0
 4812 0472 0000     		.short	0
 4813 0474 0044     		.short	17408
 4814 0476 0044     		.short	17408
 4815 0478 0028     		.short	10240
 4816 047a 0028     		.short	10240
 4817 047c 0010     		.short	4096
 4818 047e 0010     		.short	4096
 4819 0480 0010     		.short	4096
 4820 0482 0010     		.short	4096
 4821 0484 0000     		.short	0
 4822 0486 0000     		.short	0
 4823 0488 007C     		.short	31744
 4824 048a 0004     		.short	1024
 4825 048c 0008     		.short	2048
 4826 048e 0010     		.short	4096
 4827 0490 0010     		.short	4096
 4828 0492 0020     		.short	8192
 4829 0494 0040     		.short	16384
 4830 0496 007C     		.short	31744
 4831 0498 0000     		.short	0
 4832 049a 0000     		.short	0
 4833 049c 0018     		.short	6144
 4834 049e 0010     		.short	4096
 4835 04a0 0010     		.short	4096
 4836 04a2 0010     		.short	4096
 4837 04a4 0010     		.short	4096
 4838 04a6 0010     		.short	4096
 4839 04a8 0010     		.short	4096
 4840 04aa 0010     		.short	4096
 4841 04ac 0010     		.short	4096
 4842 04ae 0018     		.short	6144
 4843 04b0 0020     		.short	8192
 4844 04b2 0020     		.short	8192
 4845 04b4 0010     		.short	4096
 4846 04b6 0010     		.short	4096
 4847 04b8 0010     		.short	4096
 4848 04ba 0010     		.short	4096
 4849 04bc 0008     		.short	2048
 4850 04be 0008     		.short	2048
 4851 04c0 0000     		.short	0
 4852 04c2 0000     		.short	0
 4853 04c4 0030     		.short	12288
 4854 04c6 0010     		.short	4096
 4855 04c8 0010     		.short	4096
 4856 04ca 0010     		.short	4096
 4857 04cc 0010     		.short	4096
ARM GAS  /var/folders/0b/4qn_4lxx65nfvy4wf60ckd5w0000gn/T//ccsm00Fs.s 			page 86


 4858 04ce 0010     		.short	4096
 4859 04d0 0010     		.short	4096
 4860 04d2 0010     		.short	4096
 4861 04d4 0010     		.short	4096
 4862 04d6 0030     		.short	12288
 4863 04d8 0010     		.short	4096
 4864 04da 0028     		.short	10240
 4865 04dc 0028     		.short	10240
 4866 04de 0044     		.short	17408
 4867 04e0 0000     		.short	0
 4868 04e2 0000     		.short	0
 4869 04e4 0000     		.short	0
 4870 04e6 0000     		.short	0
 4871 04e8 0000     		.short	0
 4872 04ea 0000     		.short	0
 4873 04ec 0000     		.short	0
 4874 04ee 0000     		.short	0
 4875 04f0 0000     		.short	0
 4876 04f2 0000     		.short	0
 4877 04f4 0000     		.short	0
 4878 04f6 0000     		.short	0
 4879 04f8 0000     		.short	0
 4880 04fa 0000     		.short	0
 4881 04fc 0000     		.short	0
 4882 04fe 00FE     		.short	-512
 4883 0500 0020     		.short	8192
 4884 0502 0010     		.short	4096
 4885 0504 0000     		.short	0
 4886 0506 0000     		.short	0
 4887 0508 0000     		.short	0
 4888 050a 0000     		.short	0
 4889 050c 0000     		.short	0
 4890 050e 0000     		.short	0
 4891 0510 0000     		.short	0
 4892 0512 0000     		.short	0
 4893 0514 0000     		.short	0
 4894 0516 0000     		.short	0
 4895 0518 0038     		.short	14336
 4896 051a 0044     		.short	17408
 4897 051c 003C     		.short	15360
 4898 051e 0044     		.short	17408
 4899 0520 004C     		.short	19456
 4900 0522 0034     		.short	13312
 4901 0524 0000     		.short	0
 4902 0526 0000     		.short	0
 4903 0528 0040     		.short	16384
 4904 052a 0040     		.short	16384
 4905 052c 0058     		.short	22528
 4906 052e 0064     		.short	25600
 4907 0530 0044     		.short	17408
 4908 0532 0044     		.short	17408
 4909 0534 0064     		.short	25600
 4910 0536 0058     		.short	22528
 4911 0538 0000     		.short	0
 4912 053a 0000     		.short	0
 4913 053c 0000     		.short	0
 4914 053e 0000     		.short	0
ARM GAS  /var/folders/0b/4qn_4lxx65nfvy4wf60ckd5w0000gn/T//ccsm00Fs.s 			page 87


 4915 0540 0038     		.short	14336
 4916 0542 0044     		.short	17408
 4917 0544 0040     		.short	16384
 4918 0546 0040     		.short	16384
 4919 0548 0044     		.short	17408
 4920 054a 0038     		.short	14336
 4921 054c 0000     		.short	0
 4922 054e 0000     		.short	0
 4923 0550 0004     		.short	1024
 4924 0552 0004     		.short	1024
 4925 0554 0034     		.short	13312
 4926 0556 004C     		.short	19456
 4927 0558 0044     		.short	17408
 4928 055a 0044     		.short	17408
 4929 055c 004C     		.short	19456
 4930 055e 0034     		.short	13312
 4931 0560 0000     		.short	0
 4932 0562 0000     		.short	0
 4933 0564 0000     		.short	0
 4934 0566 0000     		.short	0
 4935 0568 0038     		.short	14336
 4936 056a 0044     		.short	17408
 4937 056c 007C     		.short	31744
 4938 056e 0040     		.short	16384
 4939 0570 0044     		.short	17408
 4940 0572 0038     		.short	14336
 4941 0574 0000     		.short	0
 4942 0576 0000     		.short	0
 4943 0578 000C     		.short	3072
 4944 057a 0010     		.short	4096
 4945 057c 007C     		.short	31744
 4946 057e 0010     		.short	4096
 4947 0580 0010     		.short	4096
 4948 0582 0010     		.short	4096
 4949 0584 0010     		.short	4096
 4950 0586 0010     		.short	4096
 4951 0588 0000     		.short	0
 4952 058a 0000     		.short	0
 4953 058c 0000     		.short	0
 4954 058e 0000     		.short	0
 4955 0590 0034     		.short	13312
 4956 0592 004C     		.short	19456
 4957 0594 0044     		.short	17408
 4958 0596 0044     		.short	17408
 4959 0598 004C     		.short	19456
 4960 059a 0034     		.short	13312
 4961 059c 0004     		.short	1024
 4962 059e 0078     		.short	30720
 4963 05a0 0040     		.short	16384
 4964 05a2 0040     		.short	16384
 4965 05a4 0058     		.short	22528
 4966 05a6 0064     		.short	25600
 4967 05a8 0044     		.short	17408
 4968 05aa 0044     		.short	17408
 4969 05ac 0044     		.short	17408
 4970 05ae 0044     		.short	17408
 4971 05b0 0000     		.short	0
ARM GAS  /var/folders/0b/4qn_4lxx65nfvy4wf60ckd5w0000gn/T//ccsm00Fs.s 			page 88


 4972 05b2 0000     		.short	0
 4973 05b4 0010     		.short	4096
 4974 05b6 0000     		.short	0
 4975 05b8 0070     		.short	28672
 4976 05ba 0010     		.short	4096
 4977 05bc 0010     		.short	4096
 4978 05be 0010     		.short	4096
 4979 05c0 0010     		.short	4096
 4980 05c2 0010     		.short	4096
 4981 05c4 0000     		.short	0
 4982 05c6 0000     		.short	0
 4983 05c8 0010     		.short	4096
 4984 05ca 0000     		.short	0
 4985 05cc 0070     		.short	28672
 4986 05ce 0010     		.short	4096
 4987 05d0 0010     		.short	4096
 4988 05d2 0010     		.short	4096
 4989 05d4 0010     		.short	4096
 4990 05d6 0010     		.short	4096
 4991 05d8 0010     		.short	4096
 4992 05da 00E0     		.short	-8192
 4993 05dc 0040     		.short	16384
 4994 05de 0040     		.short	16384
 4995 05e0 0048     		.short	18432
 4996 05e2 0050     		.short	20480
 4997 05e4 0060     		.short	24576
 4998 05e6 0050     		.short	20480
 4999 05e8 0048     		.short	18432
 5000 05ea 0044     		.short	17408
 5001 05ec 0000     		.short	0
 5002 05ee 0000     		.short	0
 5003 05f0 0070     		.short	28672
 5004 05f2 0010     		.short	4096
 5005 05f4 0010     		.short	4096
 5006 05f6 0010     		.short	4096
 5007 05f8 0010     		.short	4096
 5008 05fa 0010     		.short	4096
 5009 05fc 0010     		.short	4096
 5010 05fe 0010     		.short	4096
 5011 0600 0000     		.short	0
 5012 0602 0000     		.short	0
 5013 0604 0000     		.short	0
 5014 0606 0000     		.short	0
 5015 0608 0078     		.short	30720
 5016 060a 0054     		.short	21504
 5017 060c 0054     		.short	21504
 5018 060e 0054     		.short	21504
 5019 0610 0054     		.short	21504
 5020 0612 0054     		.short	21504
 5021 0614 0000     		.short	0
 5022 0616 0000     		.short	0
 5023 0618 0000     		.short	0
 5024 061a 0000     		.short	0
 5025 061c 0058     		.short	22528
 5026 061e 0064     		.short	25600
 5027 0620 0044     		.short	17408
 5028 0622 0044     		.short	17408
ARM GAS  /var/folders/0b/4qn_4lxx65nfvy4wf60ckd5w0000gn/T//ccsm00Fs.s 			page 89


 5029 0624 0044     		.short	17408
 5030 0626 0044     		.short	17408
 5031 0628 0000     		.short	0
 5032 062a 0000     		.short	0
 5033 062c 0000     		.short	0
 5034 062e 0000     		.short	0
 5035 0630 0038     		.short	14336
 5036 0632 0044     		.short	17408
 5037 0634 0044     		.short	17408
 5038 0636 0044     		.short	17408
 5039 0638 0044     		.short	17408
 5040 063a 0038     		.short	14336
 5041 063c 0000     		.short	0
 5042 063e 0000     		.short	0
 5043 0640 0000     		.short	0
 5044 0642 0000     		.short	0
 5045 0644 0058     		.short	22528
 5046 0646 0064     		.short	25600
 5047 0648 0044     		.short	17408
 5048 064a 0044     		.short	17408
 5049 064c 0064     		.short	25600
 5050 064e 0058     		.short	22528
 5051 0650 0040     		.short	16384
 5052 0652 0040     		.short	16384
 5053 0654 0000     		.short	0
 5054 0656 0000     		.short	0
 5055 0658 0034     		.short	13312
 5056 065a 004C     		.short	19456
 5057 065c 0044     		.short	17408
 5058 065e 0044     		.short	17408
 5059 0660 004C     		.short	19456
 5060 0662 0034     		.short	13312
 5061 0664 0004     		.short	1024
 5062 0666 0004     		.short	1024
 5063 0668 0000     		.short	0
 5064 066a 0000     		.short	0
 5065 066c 0058     		.short	22528
 5066 066e 0064     		.short	25600
 5067 0670 0040     		.short	16384
 5068 0672 0040     		.short	16384
 5069 0674 0040     		.short	16384
 5070 0676 0040     		.short	16384
 5071 0678 0000     		.short	0
 5072 067a 0000     		.short	0
 5073 067c 0000     		.short	0
 5074 067e 0000     		.short	0
 5075 0680 0038     		.short	14336
 5076 0682 0044     		.short	17408
 5077 0684 0030     		.short	12288
 5078 0686 0008     		.short	2048
 5079 0688 0044     		.short	17408
 5080 068a 0038     		.short	14336
 5081 068c 0000     		.short	0
 5082 068e 0000     		.short	0
 5083 0690 0020     		.short	8192
 5084 0692 0020     		.short	8192
 5085 0694 0078     		.short	30720
ARM GAS  /var/folders/0b/4qn_4lxx65nfvy4wf60ckd5w0000gn/T//ccsm00Fs.s 			page 90


 5086 0696 0020     		.short	8192
 5087 0698 0020     		.short	8192
 5088 069a 0020     		.short	8192
 5089 069c 0020     		.short	8192
 5090 069e 0018     		.short	6144
 5091 06a0 0000     		.short	0
 5092 06a2 0000     		.short	0
 5093 06a4 0000     		.short	0
 5094 06a6 0000     		.short	0
 5095 06a8 0044     		.short	17408
 5096 06aa 0044     		.short	17408
 5097 06ac 0044     		.short	17408
 5098 06ae 0044     		.short	17408
 5099 06b0 004C     		.short	19456
 5100 06b2 0034     		.short	13312
 5101 06b4 0000     		.short	0
 5102 06b6 0000     		.short	0
 5103 06b8 0000     		.short	0
 5104 06ba 0000     		.short	0
 5105 06bc 0044     		.short	17408
 5106 06be 0044     		.short	17408
 5107 06c0 0028     		.short	10240
 5108 06c2 0028     		.short	10240
 5109 06c4 0028     		.short	10240
 5110 06c6 0010     		.short	4096
 5111 06c8 0000     		.short	0
 5112 06ca 0000     		.short	0
 5113 06cc 0000     		.short	0
 5114 06ce 0000     		.short	0
 5115 06d0 0054     		.short	21504
 5116 06d2 0054     		.short	21504
 5117 06d4 0054     		.short	21504
 5118 06d6 006C     		.short	27648
 5119 06d8 0028     		.short	10240
 5120 06da 0028     		.short	10240
 5121 06dc 0000     		.short	0
 5122 06de 0000     		.short	0
 5123 06e0 0000     		.short	0
 5124 06e2 0000     		.short	0
 5125 06e4 0044     		.short	17408
 5126 06e6 0028     		.short	10240
 5127 06e8 0010     		.short	4096
 5128 06ea 0010     		.short	4096
 5129 06ec 0028     		.short	10240
 5130 06ee 0044     		.short	17408
 5131 06f0 0000     		.short	0
 5132 06f2 0000     		.short	0
 5133 06f4 0000     		.short	0
 5134 06f6 0000     		.short	0
 5135 06f8 0044     		.short	17408
 5136 06fa 0044     		.short	17408
 5137 06fc 0028     		.short	10240
 5138 06fe 0028     		.short	10240
 5139 0700 0010     		.short	4096
 5140 0702 0010     		.short	4096
 5141 0704 0010     		.short	4096
 5142 0706 0060     		.short	24576
ARM GAS  /var/folders/0b/4qn_4lxx65nfvy4wf60ckd5w0000gn/T//ccsm00Fs.s 			page 91


 5143 0708 0000     		.short	0
 5144 070a 0000     		.short	0
 5145 070c 007C     		.short	31744
 5146 070e 0008     		.short	2048
 5147 0710 0010     		.short	4096
 5148 0712 0020     		.short	8192
 5149 0714 0040     		.short	16384
 5150 0716 007C     		.short	31744
 5151 0718 0000     		.short	0
 5152 071a 0000     		.short	0
 5153 071c 0018     		.short	6144
 5154 071e 0010     		.short	4096
 5155 0720 0010     		.short	4096
 5156 0722 0010     		.short	4096
 5157 0724 0020     		.short	8192
 5158 0726 0020     		.short	8192
 5159 0728 0010     		.short	4096
 5160 072a 0010     		.short	4096
 5161 072c 0010     		.short	4096
 5162 072e 0018     		.short	6144
 5163 0730 0010     		.short	4096
 5164 0732 0010     		.short	4096
 5165 0734 0010     		.short	4096
 5166 0736 0010     		.short	4096
 5167 0738 0010     		.short	4096
 5168 073a 0010     		.short	4096
 5169 073c 0010     		.short	4096
 5170 073e 0010     		.short	4096
 5171 0740 0010     		.short	4096
 5172 0742 0010     		.short	4096
 5173 0744 0030     		.short	12288
 5174 0746 0010     		.short	4096
 5175 0748 0010     		.short	4096
 5176 074a 0010     		.short	4096
 5177 074c 0008     		.short	2048
 5178 074e 0008     		.short	2048
 5179 0750 0010     		.short	4096
 5180 0752 0010     		.short	4096
 5181 0754 0010     		.short	4096
 5182 0756 0030     		.short	12288
 5183 0758 0000     		.short	0
 5184 075a 0000     		.short	0
 5185 075c 0000     		.short	0
 5186 075e 0074     		.short	29696
 5187 0760 004C     		.short	19456
 5188 0762 0000     		.short	0
 5189 0764 0000     		.short	0
 5190 0766 0000     		.short	0
 5191 0768 0000     		.short	0
 5192 076a 0000     		.short	0
 5193              		.text
 5194              	.Letext0:
 5195              		.file 1 "/Library/DaisyToolchain/0.2.0/arm/arm-none-eabi/include/machine/_default_types.h"
 5196              		.file 2 "/Library/DaisyToolchain/0.2.0/arm/arm-none-eabi/include/sys/_stdint.h"
 5197              		.file 3 "adafruit_tft/fonts.h"
 5198              		.file 4 "adafruit_tft/fonts.c"
ARM GAS  /var/folders/0b/4qn_4lxx65nfvy4wf60ckd5w0000gn/T//ccsm00Fs.s 			page 92


DEFINED SYMBOLS
                            *ABS*:0000000000000000 fonts.c
/var/folders/0b/4qn_4lxx65nfvy4wf60ckd5w0000gn/T//ccsm00Fs.s:34     .data.Adafruit_TFT_Font_16x26:0000000000000000 Adafruit_TFT_Font_16x26
/var/folders/0b/4qn_4lxx65nfvy4wf60ckd5w0000gn/T//ccsm00Fs.s:25     .data.Adafruit_TFT_Font_11x18:0000000000000000 Adafruit_TFT_Font_11x18
/var/folders/0b/4qn_4lxx65nfvy4wf60ckd5w0000gn/T//ccsm00Fs.s:43     .data.Adafruit_TFT_Font_7x10:0000000000000000 Adafruit_TFT_Font_7x10
/var/folders/0b/4qn_4lxx65nfvy4wf60ckd5w0000gn/T//ccsm00Fs.s:22     .data.Adafruit_TFT_Font_11x18:0000000000000000 $d
/var/folders/0b/4qn_4lxx65nfvy4wf60ckd5w0000gn/T//ccsm00Fs.s:52     .rodata.Font11x18:0000000000000000 Font11x18
/var/folders/0b/4qn_4lxx65nfvy4wf60ckd5w0000gn/T//ccsm00Fs.s:31     .data.Adafruit_TFT_Font_16x26:0000000000000000 $d
/var/folders/0b/4qn_4lxx65nfvy4wf60ckd5w0000gn/T//ccsm00Fs.s:1767   .rodata.Font16x26:0000000000000000 Font16x26
/var/folders/0b/4qn_4lxx65nfvy4wf60ckd5w0000gn/T//ccsm00Fs.s:40     .data.Adafruit_TFT_Font_7x10:0000000000000000 $d
/var/folders/0b/4qn_4lxx65nfvy4wf60ckd5w0000gn/T//ccsm00Fs.s:4242   .rodata.Font7x10:0000000000000000 Font7x10
/var/folders/0b/4qn_4lxx65nfvy4wf60ckd5w0000gn/T//ccsm00Fs.s:49     .rodata.Font11x18:0000000000000000 $d
/var/folders/0b/4qn_4lxx65nfvy4wf60ckd5w0000gn/T//ccsm00Fs.s:1764   .rodata.Font16x26:0000000000000000 $d
/var/folders/0b/4qn_4lxx65nfvy4wf60ckd5w0000gn/T//ccsm00Fs.s:4239   .rodata.Font7x10:0000000000000000 $d

NO UNDEFINED SYMBOLS
