:020000040800F2
:100000000000022059090008550900089D3D00081C
:1000100055090008550900085509000800000000AE
:10002000000000000000000000000000550900086A
:10003000550900080000000055090008213D00088E
:100040005509000855090008550900085509000818
:100050005509000855090008550900085509000808
:10006000550900085509000855090008612C0008C9
:100070006D2C000855090008792C0008852C000813
:100080009DD000088D210008550900085509000879
:1000900055090008550900085509000855090008C8
:1000A00055090008550900085509000855090008B8
:1000B000C9C40008D5C40008E1C40008C121000873
:1000C00055090008CD210008550900088D360008A3
:1000D00099360008D1CE0008FDCE000831CF0008C7
:1000E00055090008550900080000000055090008DE
:1000F0005509000855090008550900085509000868
:100100005509000855090008EDC40008A536000887
:1001100065CF000899CF0008550900085509000867
:100120005509000855090008C9360008FD360008C1
:10013000D1D00008550900085509000855090008E4
:1001400000000000000000000000000000000000AF
:10015000550900085509000855090008CDCF0008C9
:10016000D921000855090008313D0008553D000817
:1001700055090008793D000855090008550900088F
:10018000550900085509000801D0000835D00008BD
:10019000B1360008BD3600085509000855090008A9
:1001A00055090008550900085509000855090008B7
:1001B000812900085509000855090008550900085B
:1001C0005509000855090008550900085509000897
:1001D0005509000855090008550900085509000887
:1001E0005509000855090008550900085509000877
:1001F0005509000855090008550900085509000867
:100200005509000855090008550900085509000856
:100210005509000855090008550900085509000846
:10022000550900085509000855090008000000009C
:10023000550900085509000800000000550900088C
:100240005509000855090008550900085509000816
:100250005509000855090008550900085509000806
:1002600055090008550900085509000855090008F6
:10027000550900085509000869D000080000000071
:10028000550900085509000855090008000000003C
:08029000000000005509000800
:1002980010B5054C237833B9044B13B10448AFF3B8
:1002A80000800123237010BDE0030024000000003B
:1002B80018FD000808B5034B1BB103490348AFF309
:1002C800008008BD00000000E403002418FD0008B9
:1002D80081F0004102E000BF83F0004330B54FEAEF
:1002E80041044FEA430594EA050F08BF90EA020F5C
:1002F8001FBF54EA000C55EA020C7FEA645C7FEAEF
:10030800655C00F0E2804FEA5454D4EB5555B8BF11
:100318006D420CDD2C4480EA020281EA030382EA82
:10032800000083EA010180EA020281EA0303362D14
:1003380088BF30BD11F0004F4FEA01314FF4801CE7
:100348004CEA113102D0404261EB410113F0004FF9
:100358004FEA03334CEA133302D0524263EB4303B0
:1003680094EA050F00F0A780A4F10104D5F1200E4E
:100378000DDB02FA0EFC22FA05F2801841F10001A9
:1003880003FA0EF2801843FA05F359410EE0A5F17D
:1003980020050EF1200E012A03FA0EFC28BF4CF0AE
:1003A800020C43FA05F3C01851EBE37101F0004564
:1003B80007D54FF0000EDCF1000C7EEB00006EEB71
:1003C8000101B1F5801F1BD3B1F5001F0CD34908FB
:1003D8005FEA30004FEA3C0C04F101044FEA445252
:1003E80012F5800F80F09A80BCF1004F08BF5FEAD9
:1003F800500C50F1000041EB045141EA050130BDB9
:100408005FEA4C0C404141EB0101013C28BFB1F5CA
:10041800801FE9D291F0000F04BF01460020B1FA15
:1004280081F308BF2033A3F10B03B3F120020CDAE8
:100438000C3208DD02F1140CC2F10C0201FA0CF0C6
:1004480021FA02F10CE002F11402D8BFC2F1200C2B
:1004580001FA02F120FA0CFCDCBF41EA0C019040E1
:10046800E41AA2BF01EB0451294330BD6FEA04042A
:100478001F3C1CDA0C340EDC04F11404C4F1200215
:1004880020FA04F001FA02F340EA030021FA04F327
:1004980045EA030130BDC4F10C04C4F1200220FA7E
:1004A80002F001FA04F340EA0300294630BD21FABC
:1004B80004F0294630BD94F0000F83F4801306BF82
:1004C80081F480110134013D4EE77FEA645C18BF76
:1004D8007FEA655C29D094EA050F08BF90EA020F0D
:1004E80005D054EA000C04BF1946104630BD91EA05
:1004F800030F1EBF0021002030BD5FEA545C05D108
:100508004000494128BF41F0004130BD14F5800446
:100518003CBF01F5801130BD01F0004545F0FE41BA
:1005280041F470014FF0000030BD7FEA645C1ABFEF
:10053800194610467FEA655C1CBF0B46024650EA26
:10054800013406BF52EA033591EA030F41F4002152
:1005580030BD00BF90F0000F04BF0021704730B5D8
:100568004FF4806404F132044FF000054FF00001AD
:1005780050E700BF90F0000F04BF0021704730B56E
:100588004FF4806404F1320410F0004548BF404243
:100598004FF000013EE700BF42004FEAE2014FEA98
:1005A80031014FEA02701FBF12F07F4393F07F4F73
:1005B80081F06051704732F07F4208BF704793F076
:1005C8007F4F04BF41F40021704730B54FF4607489
:1005D80001F0004521F000411CE700BF50EA01028C
:1005E80008BF704730B54FF000050AE050EA010235
:1005F80008BF704730B511F0004502D5404261EBA5
:1006080041014FF4806404F132045FEA915C3FF4E5
:10061800D8AE4FF003025FEADC0C18BF03325FEA82
:10062800DC0C18BF033202EBDC02C2F1200300FA33
:1006380003FC20FA02F001FA03FE40EA0E0021FA58
:1006480002F11444BDE600BF53B94AB9002908BFF6
:1006580000281CBF4FF0FF314FF0FF3000F074B995
:10066800ADF1080C6DE904CE00F006F8DDF804E001
:10067800DDE9022304B070472DE9F047089D0446E0
:100688008E46002B4DD18A42944669D9B2FA82F23D
:1006980052B101FA02F3C2F1200120FA01F10CFA79
:1006A80002FC41EA030E94404FEA1C48210CBEFBB1
:1006B800F8F61FFA8CF708FB16E341EA034306FB3A
:1006C80007F199420AD91CEB030306F1FF3080F0C9
:1006D8001F81994240F21C81023E63445B1AA4B216
:1006E800B3FBF8F008FB103344EA034400FB07F7B8
:1006F800A7420AD91CEB040400F1FF3380F00A81F9
:10070800A74240F207816444023840EA0640E41BED
:1007180000261DB1D4400023C5E900433146BDE899
:10072800F0878B4209D9002D00F0EF800026C5E93B
:10073800000130463146BDE8F087B3FA83F6002E53
:100748004AD18B4202D3824200F2F980841A61EBCB
:10075800030301209E46002DE0D0C5E9004EDDE7E9
:1007680002B9FFDEB2FA82F2002A40F09280A1EBD1
:100778000C014FEA1C471FFA8CFE0126200CB1FB26
:10078800F7F307FB131140EA01410EFB03F088421F
:1007980008D91CEB010103F1FF3802D2884200F2AC
:1007A800CB804346091AA4B2B1FBF7F007FB10113E
:1007B80044EA01440EFB00FEA64508D91CEB0404DC
:1007C80000F1FF3102D2A64500F2BB800846A4EB37
:1007D8000E0440EA03409CE7C6F12007B34022FA22
:1007E80007FC4CEA030C20FA07F401FA06F31C4351
:1007F800F9404FEA1C4900FA06F3B1FBF9F8200C5E
:100808001FFA8CFE09FB181140EA014108FB0EF0A3
:10081800884202FA06F20BD91CEB010108F1FF3AF3
:1008280080F08880884240F28580A8F102086144FF
:10083800091AA4B2B1FBF9F009FB101144EA01410D
:1008480000FB0EFE8E4508D91CEB010100F1FF34B8
:100858006CD28E456AD90238614440EA0840A0FB50
:100868000294A1EB0E01A142C846A64656D353D026
:100878005DB1B3EB080261EB0E0101FA07F722FA4A
:1008880006F3F1401F43C5E9007100263146BDE873
:10089800F087C2F12003D8400CFA02FC21FA03F3D6
:1008A800914001434FEA1C471FFA8CFEB3FBF7F057
:1008B80007FB10360B0C43EA064300FB0EF69E427C
:1008C80004FA02F408D91CEB030300F1FF382FD215
:1008D8009E422DD9023863449B1B89B2B3FBF7F6BD
:1008E80007FB163341EA034106FB0EF38B4208D996
:1008F8001CEB010106F1FF3816D28B4214D9023ED7
:100908006144C91A46EA004638E72E46284605E7F4
:100918000646E3E61846F8E64B45A9D2B9EB0208C5
:1009280064EB0C0E0138A3E74646EAE7204694E755
:100938004046D1E7D0467BE7023B614432E7304688
:1009480009E76444023842E7704700BFFEE700BF8A
:100958000B480C4A904203D0121A0B490EF0F2FFD2
:100968000A480B4A904203D0121A00210EF0F8FFF1
:1009780003F066FC0EF0C2FF00F062F8FEE700BF6D
:1009880000000024E003002448FD0008E0030024E0
:10099800A8300024704700BF10B5124982B0002467
:1009A8000122114823460968009401F0BFF80F4955
:1009B8002346012209680E48009401F0B7F80D4952
:1009C8002346012209680C48009401F0AFF80B494E
:1009D8002346224609680A48009401F0A7F802B0A5
:1009E80010BD00BFE0F9000810040024E4F9000875
:1009F80024040024E8F90008FC030024ECF90008AA
:100A0800380400240B4908200B4A002348619088C9
:100A1800B2F800C00B6148800848A1F800C0C1E9DD
:100A28000233C1E90633C1E9083313898B8003F027
:100A380007B800BFA404002478F90008CC040024F7
:100A48002DE9F04100214E482DED028BFAB000F05F
:100A58001BFDFFF7D7FFFFF79FFF00F095F900F0A8
:100A680099F900F08BF94FF6FF7000F03FFC00F0A9
:100A78008BF94FF47A71424800F046FC00F07EF999
:100A8800002000F033FC00F07FF94FF47A713C4805
:100A980000F03AFC0DF5F3710DF10603A02223F8DE
:100AA800022F9942FAD1B7EE008ADFED368A00F0BC
:100AB80065F90DF106079FED330A002507E007EEFB
:100AC800105AB8EEC70A20EE270A0EF0FDFDDFED3A
:100AD8002E7A40F23D1E37F802CFAEB220EE270A3A
:100AE8000122ACF102014FF000080523304620EE48
:100AF800080A154489B2BDEEC00A10EE104AA034A7
:100B08007445A8BF7446022CB8BF0224A4B2A445F9
:100B180024D0CDF8008000F0D9FBA11E30461F225A
:100B280089B200F0ABFB611E304640F2FF7289B219
:100B380000F0A4FB214630464FF6FF7200F09EFB02
:100B4800611C304640F2FF7289B200F097FBA11C8D
:100B58001F22304689B200F091FB3C80F02DDFED7A
:100B68000B7AACD1F7EE007A9FED090A78EEA78AE6
:100B780028EE800A0EF0ACFCB0EE408A99E700BF80
:100B88004C0400240000000000005C42920A863DEC
:100B9800295C8F3D38B517480024174A1749046067
:100BA80044610462C4630EF08DFC4FF60B71144A65
:100BB8001448154B154DC2E90014C2E90244144A01
:100BC8002C60C2E90014C2E90244124AC0E90014C8
:100BD800C2E90014C0E90244C2E902440820022222
:100BE8000D495A62102258610C60C3E906440B4B48
:100BF8001A7438BD4C040024000000249D09000824
:100C08001004002424040024A4040024CC04002498
:100C1800FC03002438040024A00400248C040024CD
:100C28002DE9F0432A2783B0DFF8B88015468DF800
:100C3800047006462A4F0C4640460021994601F0AA
:100C480067F86423012201A9384602F081FF8DF874
:100C580005608DF80750360A2D0A404601218DF8A7
:100C680004608DF8065001F053F8042264233846D6
:100C78000DEB020102F06CFF2B23404600218DF89A
:100C8800043001F045F8012201A96423384602F036
:100C98005FFF8DF805404FEA19234046240A0121D9
:100CA8008DF806308DF804408DF8079001F030F883
:100CB8000422642338460DEB020102F049FF2C237D
:100CC800404600218DF8043001F022F86423012207
:100CD80001A9384602F03CFF03B0BDE8F08300BF2D
:100CE800CC0400241004002470B51E468318BDF8F7
:100CF8001040F02B37DC1546013A024492B28B19AA
:100D0800B3F5A07F29DC731E0B449BB2FFF788FF65
:100D180017494FEA142CE0B201F5807481F800C03D
:100D2800023101F8010C8C42F8D106FB05F40121CF
:100D3800104800F0EDFF64000ED0B4F5807F254622
:100D48004FF064030A4928BF4FF480750A482A46C1
:100D580002F0FEFE641BF0D170BDC1F5A07640F232
:100D68003F13B6B2D2E7C0F1F005EF22ADB2C6E745
:100D7800D004002410040024CC04002400210148DD
:100D880000F0C6BFFC0300240121014800F0C0BFE9
:100D9800FC0300242DE9F04FDFF800A485B0F94DDD
:100DA8000021DFF8FC935046012400F0B1FF2846EB
:100DB8000021F54E00F0ACFF4846052100F0A4FAEA
:100DC80021462846F14D00F0A3FF304600218DF85A
:100DD800004000F09DFF2246642369462846DFF85C
:100DE800C48302F0B5FE48464FF47A71002700F03C
:100DF8008BFACB23304600218DF8003000F088FFB5
:100E0800224664236946284602F0A2FE4FF0360BBC
:100E180098E8030008F11008009030468DF8041097
:100E2800214600F075FF052269466423284602F032
:100E38008FFECF23394630468DF8003000F068FF2A
:100E4800224669466423284602F082FE58F8083C88
:100E580021463046ADF800301B0C8DF8023000F00A
:100E680057FF032269466423284602F071FEE823EF
:100E7800394630468DF8003000F04AFF2246694670
:100E88006423284602F064FE58F8043C21463046A4
:100E9800ADF800301B0C8DF8023000F039FF03224A
:100EA80069466423284602F053FEEA233946304651
:100EB8008DF8003000F02CFF22466423694628464E
:100EC80002F046FE21463046ADF8007000F020FFE3
:100ED800022269466423284602F03AFEED23394689
:100EE80030468DF8003000F013FF2246694664232F
:100EF800284602F02DFEA64B21463046009300F00E
:100F080007FF042269466423284602F021FEF723DE
:100F1800394630468DF8003000F0FAFE2246694620
:100F28006423284602F014FE2023214630468DF81B
:100F3800003000F0EDFE224669466423284602F0A0
:100F480007FEC023394630468DF8003000F0E0FE39
:100F5800224669466423284602F0FAFD23232146E7
:100F680030468DF8003000F0D3FE224669466423EF
:100F7800284602F0EDFDC123394630468DF8003091
:100F880000F0C6FE224669466423284602F0E0FDCA
:100F98001023214630468DF8003000F0B9FE224675
:100FA80069466423284602F0D3FDC52339463046F6
:100FB8008DF8003000F0ACFE2246694664232846CE
:100FC80002F0C6FD42F63E0321463046ADF8003039
:100FD80000F09EFE022269466423284602F0B8FD0E
:100FE800C723394630468DF8003000F091FE22467E
:100FF80069466423284602F0ABFD86232146304625
:101008008DF8003000F084FE2246642369462846A5
:1010180002F09EFD394630468DF800B000F078FEAB
:10102800224669466423284602F092FD4FF04803A1
:10103800214630468DF8003000F06AFE22466946A7
:101048006423284602F084FD3A23394630468DF859
:10105800003000F05DFE224669466423284602F00F
:1010680077FD5523214630468DF8003000F050FEBC
:10107800224669466423284602F06AFDB1233946B0
:1010880030468DF8003000F043FE2246694664235E
:10109800284602F05DFD4FF4C05321463046ADF8B6
:1010A800003000F035FE022269466423284602F02B
:1010B8004FFDB623394630468DF8003000F028FE43
:1010C800224669466423284602F042FD314B2146F8
:1010D80030461B68ADF800301B0C8DF8023000F06C
:1010E80017FE032269466423284602F031FDF223E5
:1010F800394630468DF8003000F00AFE2246642357
:101108006946284602F024FD214630468DF80070D5
:1011180000F0FEFD224669466423284602F018FDC9
:101128002623394630468DF8003000F0F1FD22467E
:1011380064236946284602F00BFD214630468DF8A7
:10114800004000F0E5FD224669466423284602F087
:10115800FFFCE023394630468DF8003000F0D8FD1A
:10116800224669466423284602F0F2FC0A4BEC4604
:101178000FCBACE807002CF8023B1B0C214630468D
:1011880012E000BF2404002410040024CC0400242E
:1011980064031281F0F90008F4F90008FC03002444
:1011A8004C0400248CF900088CF8003000F0B0FDE5
:1011B8000F2269466423284602F0CAFCE123394617
:1011C80030468DF8003000F0A3FD224669466423BE
:1011D800284602F0BDFCEC4698E80F00ACE8070092
:1011E8002CF8023B1B0C214630468CF8003000F0EE
:1011F8008FFD0F2269466423284602F0A9FC1123BB
:10120800394630468DF8003000F082FD22466423CE
:101218006946284602F09CFC4846782100F074F89C
:101228002923394630468DF8003000F071FD2246FA
:1012380064236946284602F08BFC394630468DF80F
:1012480000B000F065FD224669466423284602F096
:101258007FFC4FF04803304621468DF8003000F0FF
:1012680057FD694664232846224602F071FC214650
:10127800504605B0BDE8F04F00F04ABDEF281FD832
:10128800B1F5A07F0B461BD200F1010C013310B55C
:10129800144682B01FFA8CF29BB2FFF7C1FC012101
:1012A800230A08488DF805408DF8043000F030FD19
:1012B8006423022201A9044802F04AFC02B010BDCE
:1012C800704700BF10040024CC040024EF2810B499
:1012D800BDF8044007D8B1F5A07F04D201945DF8A9
:1012E800044BFFF701BD5DF8044B704700214FF434
:1012F800A073F02210B5044682B008460094FFF7A8
:10130800F3FC02B010BD00BF084602F0B3BD00BF39
:1013180010B540F203338EB000244FF60B7240F242
:101328000341ADF8083009A80123ADF81020ADF845
:1013380024202246ADF80C100094029907940C94CE
:10134800CDE90544CDE90A4400F0F0FB04A80123E7
:1013580022460399009400F0E9FB09A800F0CCFCB0
:1013680010B901200EB010BD04A800F0C5FCA042C1
:101378000CBF022020460EB010BD00BF2DE9F04181
:1013880003239AB0012700240646CDE914373B4BC6
:10139800CDE9104340F20453CDE91647ADF8483083
:1013A800FFF7B6FFB842054625D0022845D040F6DB
:1013B8000132334B0DF12C081894ADF82C200B9802
:1013C8001997CDF84A3000F0E3F810A906F13C006F
:1013D80001F05AFC302003224FF07E5341460D9312
:1013E8000E93CDE90B02F26B06F1140000F04CFBF2
:1013F8001AB0BDE8F0811023214A06A906908DF89D
:1014080028300DF12C081F4BCDF84A200793029481
:10141800CDE91804CDE9080402A800F0DFFE08238E
:10142800029A03A94046ADF80C508DF80E40049579
:1014380005930B9400F0ECF8C7E700200121104B4E
:101448000DF12C083A460094CDF84A304FF60B734C
:101458000C94ADF82C302346CDE9180140F6013143
:101468004046ADF818100699CDE90D4400F05EFB32
:101478002146404600F04CFCA7E700BF04020404E4
:10148800040604030704010B2DE9F04704462DED7B
:10149800028B82B000294DD0012140F201120023B5
:1014A8000091ADF804208DF80630364A0127364BF6
:1014B80004F10409354904F12908626040F2027216
:1014C800A36040F60663E16004F1250AA4F825202C
:1014D800A4F82930278284F8277084F82B7002F04A
:1014E80065FE054602F0C8FC6946064650BB4DB38A
:1014F80004F130008DF8067002F0E0FD072D3CD1B4
:1015080004F114052046FFF739FF284600F0F8FAE1
:101518002846B0EE408A00F0EFFAD0ED007AF8EEF7
:10152800677A88EE277A84ED0E7A02B0BDEC028BDA
:10153800BDE8F08740F2011300918DF80610ADF870
:101548000430B2E704F1300002F0B8FD072D11D0E5
:101558004946204601F08CF80EB9002DD0D15046EE
:1015680000F0E0FB404600F0DDFB04F1120000F063
:1015780079F9C5E7002EF2D1C2E74946204601F0C5
:1015880077F8BDE70508050905070506050A0606F3
:1015980010B584B003460124ADF8040003A8ADF8E3
:1015A8000C30ADF80E4000F0BDFB214603A800F05A
:1015B80095FC204602F05EFC002103A800F08EFC9A
:1015C800204602F057FC214603A800F087FC04B02F
:1015D80010BD00BF10B5C2F3002384B00C46017CD7
:1015E8008DF80D2043EA4402FA2402238DF80C20DA
:1015F80003AA009400F088FE18B10124204604B024
:1016080010BD04460A2002F035FC204604B010BD87
:10161800034670B543F8042B044684B007C983E831
:101628000700A37983B91A210B461E22FA252374D1
:101638002046ADF80C20022303AA009500F064FEB2
:1016480028B1012004B070BD1B210B46EDE70A202C
:1016580002F010FC4FF4B85200950223ADF80C20AC
:10166800204603AA217C00F04FFE0028E9D10A2079
:1016780002F000FC41F2027200950223ADF80C2042
:10168800204603AA217C00F03FFE0028D9D10A2079
:1016980002F0F0FB042200950223ADF80C2020464E
:1016A80003AA217C00F030FE0028CAD10A2002F0EB
:1016B800E1FB062200950223ADF80C20204603AA80
:1016C800217C00F021FE0028BBD10A2002F0D2FBC9
:1016D80041F2082200950223ADF80C20204603AA07
:1016E800217C00F011FE0028ABD10A20064602F04A
:1016F800C1FB0095022303AA217C2046ADF80C60AB
:1017080000F002FE00289CD1304602F0B3FB0095A1
:1017180022790C232046002A8DF80C3003AA4FF0BA
:10172800020314BF622142218DF80D10217C00F0C4
:10173800EBFD002885D1304602F09CFB2279D4E9E4
:1017480002310B43DBB20AB943F0400362790AB1B4
:1017580043F020030E22FA258DF80D30204600951F
:1017680002238DF80C2003AA217C00F0CDFD00286F
:101778007FF467AF0A2002F07DFB10220095022358
:10178800ADF80C20204603AA217C00F0BDFD0028FE
:101798007FF457AF0A2002F06DFB12210095022357
:1017A800ADF80C1003AA217C204600F0ADFD0028FE
:1017B8007FF447AF0A2002F05DFB01220921204691
:1017C800FFF708FF003818BF01203BE7F0B51023EA
:1017D80087B0234C012200250126002702A92046B4
:1017E8000195CDE902234FF48052CDE9046708F052
:1017F8000FFB642002F080FF02A94FF480522046BC
:10180800CDE9046702261027CDE9026708F000FB3E
:101818000322102302A92046CDE902230023042233
:10182800CDE904234FF4805208F0F2FA40F2322353
:10183800042202A9019310232046CDE90223019A2C
:10184800012305924FF48052049308F0E1FA40F620
:101858000601204608F0FCFA284607B0F0BD00BF94
:10186800D80500241C4B00221C494FF0400C30B511
:10187800054689B00220596007219A601A6201243E
:10188800DA620A224FF4006EDC6006922022CDE96B
:10189800000104200821CDE9020103201021CDE92F
:1018A800040108206946C3E904024FF4C072181DF8
:1018B800C3E906C24FF48052C3E909E208F07EFA90
:1018C80038B92846FFF782FF003818BF012009B051
:1018D80030BD204609B030BDD40500244041005237
:1018E800614A0021D0B513688EB00A91002B40F0F0
:1018F800B9805E4B01214FF683700C2411600221E0
:10190800D3F8D4200026032742F48052C3F8D42009
:10191800D3F8D42002F480520092009AD3F8E02041
:1019280042F01002C3F8E020D3F8E02002F01002E1
:101938000192019AD3F8E02042F04002C3F8E02077
:10194800D3F8E02002F040020292029AD3F8E02095
:1019580042F00802C3F8E020D3F8E02002F00802C1
:101968000392039AD3F8E02042F48072C3F8E0208F
:10197800D3F8E02002F480720492049AD3F8E020AD
:1019880042F08002C3F8E020D3F8E02002F08002A1
:101998000592059AD3F8E02042F02002C3F8E0202F
:1019A800D3F8E02002F020020692069AD3F8E0204D
:1019B80042F00402C3F8E020D3F8E0300C9403F0BE
:1019C800040307930323079A0B93CDE9080108A999
:1019D800274803F037FF48F23712022308A92548A1
:1019E8000C94CDE90823CDE90A6703F02BFF4CF2EC
:1019F8000372022308A920480C94CDE90823CDE9F5
:101A08000A6703F01FFF40F2FF62022308A91B4880
:101A18000C94CDE90823CDE90A6703F013FF4FF6CC
:101A28000C72022308A916480C94CDE90823CDE9C5
:101A38000A6703F007FF4FF63F02022308A911487F
:101A48000C94CDE90823CDE90A6703F0FBFE2022B8
:101A5800022308A90A480C94CDE90A67CDE90823AE
:101A680003F0F0FE0EB0D0BDD005002400440258AB
:101A78000010025800180258000C025800200258A2
:101A8800001C02580014025830B5184C154685B091
:101A9800046004F1080EEC460FC98EE80F00D4ED7F
:101AA800047AF5EEC07A8CE80F00F1EE10FA1ADD30
:101AB800B7EE006A94ED057A27EE277AC6EE276A14
:101AC80084ED0D7AC4ED0C6A6DB1204640F8185FBC
:101AD80001F0D2F9064903690020064A2162A26290
:101AE800E36005B030BD012005B030BD0C06002410
:101AF800002000300000003000680830704700BF48
:101B08000068183001F0BAB910B4074B4FF07E5195
:101B180030240022032019619C60D8605DF8044BD2
:101B28005961C3E9062270470C06002410B592B02B
:101B3800ADF804100180C9B2149C0B29C460C0E937
:101B480001233FD090F801C0BCF10F0F3AD8022A08
:101B58003FD0032A02D0012A00D000220E92012B86
:101B680002D0022B18BF0023022C0F932CD0032C79
:101B78002AD0012C28D000230A29109327D85C4AA0
:101B880002EB812202610A2914D8DFE801F0A3954B
:101B980087796B5D4F4133250600564BD3F8E0102B
:101BA80041F48061C3F8E010D3F8E03003F48063B7
:101BB8000C930C9B01230DA9104603FA0CF30D930B
:101BC80003F040FE12B010BD0A291094D7D90022A4
:101BD800D8E711220E92C2E7464BD3F8E01041F441
:101BE8000071C3F8E010D3F8E03003F400730B93EE
:101BF8000B9BDFE73F4BD3F8E01041F48071C3F84B
:101C0800E010D3F8E03003F480730A930A9BD1E71D
:101C1800384BD3F8E01041F08001C3F8E010D3F856
:101C2800E03003F080030993099BC3E7314BD3F8F5
:101C3800E01041F04001C3F8E010D3F8E03003F0C1
:101C480040030893089BB5E72A4BD3F8E01041F00E
:101C58002001C3F8E010D3F8E03003F02003079325
:101C6800079BA7E7234BD3F8E01041F01001C3F816
:101C7800E010D3F8E03003F010030693069B99E7D1
:101C88001C4BD3F8E01041F00801C3F8E010D3F87A
:101C9800E03003F008030593059B8BE7154BD3F859
:101CA800E01041F00401C3F8E010D3F8E03003F08D
:101CB80004030493049B7DE70E4BD3F8E01041F036
:101CC8000201C3F8E010D3F8E03003F002030393F5
:101CD800039B6FE7074BD3F8E01041F00101C3F80D
:101CE800E010D3F8E03003F001030293029B61E7B0
:101CF800000002580044025808B5012143780069E1
:101D0800994089B203F0A6FF003818BF012008BD2A
:101D180001230A464178006903FA01F189B203F008
:101D28009FBF00BF8378022B30B504468FB037D0F1
:101D3800032B33D0012B31D000230A93E378012BF6
:101D48002AD0022B28D000230B93002320460C9383
:101D580002F0B0FB0546204602F0B4FB2378099058
:101D6800082B13D8DFE803F01F3245586B7E91A487
:101D78000500594BD3F8E02042F48072C3F8E02004
:101D8800D3F8E03003F480730893089B09A9284628
:101D980003F058FD0FB030BD0B93D6E70A93CDE79B
:101DA80011230A93CAE74C4B09A92846D3F8E02027
:101DB80042F00102C3F8E020D3F8E03003F0010359
:101DC8000093009B03F03EFD0FB030BD424B09A9C4
:101DD8002846D3F8E02042F00202C3F8E020D3F806
:101DE800E03003F002030193019B03F02BFD0FB0D9
:101DF80030BD394B09A92846D3F8E02042F0040247
:101E0800C3F8E020D3F8E03003F004030293029B08
:101E180003F018FD0FB030BD2F4B09A92846D3F8A1
:101E2800E02042F00802C3F8E020D3F8E03003F0E5
:101E380008030393039B03F005FD0FB030BD264B49
:101E480009A92846D3F8E02042F01002C3F8E020A0
:101E5800D3F8E03003F010030493049B03F0F2FC82
:101E68000FB030BD1C4B09A92846D3F8E02042F03A
:101E78002002C3F8E020D3F8E03003F020030593F4
:101E8800059B03F0DFFC0FB030BD134B09A92846B2
:101E9800D3F8E02042F04002C3F8E020D3F8E03065
:101EA80003F040030693069B03F0CCFC0FB030BD53
:101EB800094B09A92846D3F8E02042F08002C3F86C
:101EC800E020D3F8E03003F080030793079B03F08A
:101ED800B9FC0FB030BD00BF0044025870B50646CB
:101EE8000D4602F0E7FA0446304602F0EBFA2A1EE5
:101EF8000146204618BF0122BDE8704003F0B0BE7D
:101F08000023122270B586B0CDE90223049303683A
:101F1800032B01D804230593061D841D304602F0C7
:101F2800C9FA0546304602F0CDFA034601A928460B
:101F3800019303F087FC204602F0BCFA03462046D2
:101F48001C4602F0BFFA01A903462046019303F09C
:101F580079FC06B070BD00BF634A0368934210B5B0
:101F68008CB028D0614A934258D0614A934200F01D
:101F78009480604A934201D00CB010BD5E4C5F481B
:101F8800D4F8E03043F00203C4F8E030D4F8E0308D
:101F980003F002030A930A9BFFF7B2FFD4F8F43068
:101FA80043F08003C4F8F430D4F8F43003F080032D
:101FB8000B930B9BE0E7504C5148D4F8E03043F0CA
:101FC8000203C4F8E030D4F8E03003F002030193D0
:101FD800019BFFF795FFD4F8E83000221F2043F457
:101FE80000131146C4F8E830D4F8E83003F40013BD
:101FF8000293029BD4F8D83043F00103C4F8D830D8
:10200800D4F8D83003F001030393039B02F09EFB3E
:102018001F200CB0BDE8104002F0D6BB364C394842
:10202800D4F8E03043F08003C4F8E030D4F8E0306E
:1020380003F080030493049BD4F8E03043F00203D8
:10204800C4F8E030D4F8E03003F002030593059BB0
:10205800FFF756FFD4F8E8300022212043F480032C
:102068001146C4F8E830D4F8E83003F48003069346
:10207800069BD4F8D83043F00103C4F8D830D4F81C
:10208800D83003F001030793079B02F05FFB212080
:102098000CB0BDE8104002F097BB1B48FFF730FFBB
:1020A800154B00224820D3F8E840114644F40004B8
:1020B800C3F8E840D3F8E84004F400040894089C06
:1020C800D3F8D84044F00104C3F8D840D3F8D83046
:1020D80003F001030993099B02F038FB48200CB078
:1020E800BDE8104002F070BB0054004000580040AA
:1020F800005C0040001C005800440258D00800242E
:102108004806002420070024F80700242DE9F0439E
:102118001A4B87B000254FF010099E46EC46184B25
:10212800FF22E04667461A700EF118060EF13004D9
:10213800CDE90055CDE90255ADF80090BCE80F0097
:10214800CDE90455AEE80F009CE803000095ADF812
:1021580000908EE80300B8E80F000FC69CE8030063
:102168000095ADF8009086E803000FCF0FC49CE8F7
:10217800030084E8030007B0BDE8F08304000024EE
:102188004406002410B5EFF3108472B6084B1A7891
:10219800120602D504B962B610BD1B78D8220548CC
:1021A8005BB202FB0300143002F0FAFFF2E700BF53
:1021B8004406002448060024014804F0E9BB00BF97
:1021C800D4060024014804F0E3BB00BFAC07002498
:1021D800014804F0DDBB00BF840800242DE9F0436A
:1021E8000F68D8243F4D85B007FB04F4032F05EB97
:1021F8000403036040DCCB680E46012B3CD84DD06D
:102208004FF0D808B646DFF8FC9008FB0758BEE840
:102218000F00C446ACE80F00DEF800300DF1100ED8
:10222800CCF80030D8F808C099E80F000EE90F0084
:102238000EEB8703BCF1010F53F8103CC8F88C3043
:1022480031D0BCF1020F42D0BCF1000F35D0317C47
:102258008C34D823002201202C4403FB0753490067
:10226800C3E92602C3F894102046C3E92822C3E92B
:102278002A2204F07FF918B1012005B0BDE8F083E7
:102288000146204604F090FB0028F5D1014620467F
:1022980004F0B4FB003818BF0120EEE70B7C103BBC
:1022A800672BADD9E8E701F07FFF0F4B98420CBFD1
:1022B8000E4B0F4BC8F89030C9E701F075FF0A4B79
:1022C80098420CBF0B4B0C4BC8F89030BFE701F09D
:1022D8006BFF054B98420CBF084B094BC8F8903070
:1022E800B5E700BF48060024000E27072D0FB030C1
:1022F8003211D0205F4390608A62E030200BA0103A
:102308001A098010ACF900082DE9F041D0F80080D6
:1023180082B00D4617461E4608F18C04204604F08C
:102328003FFB2028FAD1D8F80C3073B96D0020464D
:10233800089C33463A46A9B2009404F071F9003873
:1023480018BF012002B0BDE8F081089B324639462B
:10235800204604F039FAF2E7044B10221A7483F885
:10236800E82083F8C02183F89822704748060024A3
:1023780030B5002395B04FF48071062204460B93C4
:1023880006921393CDE90C13CDE90E33CDE9113341
:1023980001F00CFF07282BD004F1100541F2883218
:1023A80006A9284605F03CF928B10123184684F807
:1023B8005C3015B030BD0222022306A92846CDE9BB
:1023C800002310220123CDE9022300224FF48003C9
:1023D800CDE9042305224FF0807306926A460F93D5
:1023E80041F2883305F088FA0028DED115B030BDF7
:1023F8000323012084F85C3015B030BD00000000D4
:1024080070B50023A4B04FF080724FF48075044675
:10241800ADF806300D93CDE910320122CDE90E5307
:10242800CDE91223CDE91433002943D0F02300F17C
:10243800100508AEADF80630C02341F288323146A7
:102448002846089305F0ECF828B10123184684F8CB
:102458005C3024B070BD41F288320DF10601284687
:1024680005F048F903460028EFD105224FF48071A2
:102478001E93284616924FF080721B9321931F9249
:1024880002AA9FED1F7BCDE91C13CDE922338DED08
:10249800027B9FED1D7B41F2883316A98DED047BED
:1024A8009FED1B7B8DED067B05F026FA0028CCD12D
:1024B80024B070BD00F1100508AE612341F28832E6
:1024C80031462846089305F0ABF80028BDD141F203
:1024D80088320DF10601284605F08AF90028B4D1A2
:1024E800BDF80630204623F0780343F04003ADF8EA
:1024F8000630FFF73DFF00289ED0A6E7AFF3008027
:1025080000000000010000001000000001000000B1
:1025180000000000000040002DE9F04F00234FF4B8
:10252800807501264FF0807804462DED028BABB004
:102538008DF8073013932193299314950E96CDF8AF
:102548005C80CDE91533CDE91863CDE91A33CDE9BF
:102558002253CDE92433CDE9273306231C9301F018
:1025680025FE072808D004F1100741F288321CA97B
:10257800384605F055F840B10123184684F85C3018
:102588002BB0BDEC028BBDE8F08F4FF0020A4FF084
:10259800020B4FF0050941F2883308AA1CA93846F6
:1025A800CDF89480CDF870909FED2D8BCDE908ABD8
:1025B8004FF0000A4FF4800B8DED0A8BCDE90CAB80
:1025C80005F09AF90028D7D141F2883238460EA989
:1025D80005F026F80028CFD1402341F288320DF1CA
:1025E800070138468DF8073005F084F80028C3D174
:1025F80041F288330EA902AA3846CDF83890CDF8B2
:102608005C809FED197B8DED048BCDE906AB8DEDDC
:10261800027B05F071F903460028ADD1CDF8709022
:102628004FF00109CDF894804FF00008219308AAD3
:1026380029931CA938462295CDE92333CDE92733C0
:1026480041F288338DED0A8BCDE90CABCDE90889D1
:1026580005F052F9002893D0304684F85C608FE783
:1026680010000000010000004000000040000000D1
:102678002DE9F043624CA3B00D46046001F096FDCD
:10268800072800F0A980286823466968AA6807C354
:102698001E46AB8926F8043B3046257B677B04F051
:1026A800A1FFE0B9574B012D4FF00108E06123610C
:1026B80014BF4FF480134FF40003C4E9058893FA5C
:1026C800A3F3B3FA83F34FF48079013BC4F8249061
:1026D800C4E90B003046236204F018FF38B1012228
:1026E800134684F85C20184623B0BDE8F0836623BF
:1026F8000B90139041F2883206A90693CDE90C900D
:10270800CDE90E00CDE91100304604F089FF00281C
:10271800E5D1992341F2883206A93046069304F0A0
:102728007FFF0028DBD105231C9019906A4614937B
:102738004FF08073219014A91D9341F288339FEDC7
:102748002A7BCDE91A90CDE91F008DED007B9FED26
:10275800287B30468DED027B9FED277B8DED047B3A
:1027680005F0CAF80028BAD129462046FFF748FEE6
:102778000028B4D12046FFF7CFFE03460028AED18B
:10278800002FB0D1189330460027002606AA14A9B6
:10279800CDF86890CDE91F33EB2314934FF44063D1
:1027A8001B934FF4005317934FF440431C93A023FB
:1027B8001693062319934FF0805321934FF04073DB
:1027C800CDE906671D9305F00FF9034600288AD066
:1027D800434684F85C8086E701230322184684F880
:1027E8005C2023B0BDE8F083000000000100000079
:1027F8001000000001000000000000000000400080
:10280800A8090024005000522DE9F04F8FB0414B29
:102818000024026800AF9A427C63C7E90944C7E90B
:102828000B4403D03C37BD46BDE8F08F3A4B40F629
:1028380009213A48EB46D3F8D42007F11C0607F1E2
:10284800220A4FF0020942F480424FF00308C3F80D
:10285800D420D3F8D42002F48042BA60BA68D3F8FE
:10286800E02042F04002C3F8E020D3F8E02002F074
:102878004002FA60FA68D3F8E02042F02002C3F878
:10288800E020D3F8E02002F020023A613A69D3F858
:10289800E02042F01002C3F8E020D3F8E02002F074
:1028A80010027A617A69D3F8E02042F00202C3F894
:1028B800E020D3F8E030F86103F002033984BB610B
:1028C800174B7B60BB697B6853F8040F7B6001F092
:1028D800F1FD7B680546186801F0F4FD16F8013B28
:1028E800786207F124012846C7F830807B63C7E97E
:1028F8000A9402F0A7FF5645E5D100225C20114654
:1029080001F024FF5C2001F05FFF3C37DD46BD4647
:10291800BDE8F08F00500052004402580A0A090925
:10292800040A0024114B02689A4200D07047104AEA
:1029380070B5D2F8D4300F4C23F4804304F1180654
:10294800C2F8D43054F8040F01F0B4FD05462068ED
:1029580001F0B8FD0146284603F0B4F8B442F1D1BD
:102968005C20BDE8704001F03DBF00BF0050005240
:1029780000440258040A0024014805F0C1B800BF09
:10298800B8090024084B1A1D981D03F1080110B45A
:102998009C1C9A6603F10A02C3E91834C3E91B01B7
:1029A8005DF8044B5A677047A809002438B50368D6
:1029B80071B9026A00F1280500F5AC74012A0CBF50
:1029C800002140218BBB1D4B5722C0F858310DE028
:1029D800426A00F1C00500F5E874012A0CBF002125
:1029E8004021EBB1164B5A22C0F8D03100232046C3
:1029F800C4E901214FF480524FF48061636262613F
:102A08004FF48042C4E903314FF48073C4E90623CC
:102A18004FF40033236202F04BF858B1FFBEFEE7D3
:102A2800084B5822C0F8D031E0E7074B5922C0F8CC
:102A38005831DBE7C5E92044A56338BD10000240E2
:102A48007000024028000240580002402DE9F0437F
:102A5800821D05468BB0031D05F10A010830CDE93A
:102A6800052305F10C02AB69CDE907010992002B9A
:102A78003DD0EB69B3FA83F84FEA581801230222D4
:102A880005AE0AAF4FF006090393CDE9012356F8C6
:102A9800044B2B792278934216D02B68F3B1012B83
:102AA80002D1F2B10A230493204601F00BFD03463C
:102AB8002046009301F0FEFC694602F0C3FEBE42C8
:102AC800E5D10BB0BDE8F083697963789942E4D128
:102AD800B8F1000FF3D02B68002BE0D1CDF810909F
:102AE800E2E76378022B14BF0A230823DBE74FF0E1
:102AF8000108C3E7534A0368934230B505468BB0D3
:102B080055D02032934252D04F4A934204D02032BB
:102B1800934201D00BB030BD4C4C4D48D4F8E03056
:102B280043F00103C4F8E030D4F8E03003F00103C7
:102B38000593059BD4F8E03043F00803C4F8E0306F
:102B4800D4F8E03003F008030693069BD4F8E0308D
:102B580043F04003C4F8E030D4F8E03003F0400319
:102B68000793079BD4F8F03043F40003C4F8F0301F
:102B7800D4F8F03003F400030893089BFFF766FFCE
:102B8800D4F8D830296843F001032F4A3048C4F8F4
:102B9800D830891AD4F8D83018BF012103F00103BE
:102BA8000993099B0BB0BDE83040FFF7FFBE274CE7
:102BB8002848D4F8E03043F00103C4F8E030D4F8F2
:102BC800E03003F001030093009BD4F8E03043F0B9
:102BD8001003C4F8E030D4F8E03003F01003019398
:102BE800019BD4F8E03043F04003C4F8E030D4F857
:102BF800E03003F040030293029BD4F8F03043F432
:102C08008003C4F8F030D4F8F03003F48003039361
:102C1800039BFFF71BFFD4F8D830296843F0010362
:102C2800084A0C48C4F8D830891AD4F8D83018BFE4
:102C3800012103F001030493049B0BB0BDE830406D
:102C4800FFF7B4BE04580140045C01400044025838
:102C58007C0C0024200A0024014802F0A1BA00BF1D
:102C6800780B0024014802F09BBA00BFF00B002447
:102C7800014802F095BA00BFD40D0024014802F0C3
:102C88008FBA00BF4C0E00242DE9F04F0C684FF4AA
:102C98001776754F87B004FB06F6012C07EB060A7A
:102CA800C0F800A000F3A0800D468E464FF0000843
:102CB800D44669A3D3E9002369A1D1E90001CDE98C
:102CC800022306ABCAF8508203EB8403CDE9040162
:102CD80053F810BC53F8083CCAE992880193BEE83F
:102CE8000F00ACE80F00BEE80F00ACE80F00019B36
:102CF8009EE80300CAF828B0CAF8C0308CE8030080
:102D08002B69042B0CD8DFE803F0737D879103004F
:102D18004FF41773554A03FB04739A64C3F8E02011
:102D2800AA692B6A002A43D0002B4FF4177308BFF7
:102D3800022203FB047318BF0322DA6201221A631A
:102D4800EA696B6A002A40D1191E4FF4177318BF3D
:102D5800012103FB0473C3E931126B69022B05D807
:102D6800434A12F80380434A52F823904FF41773EA
:102D780006F128004246494603FB04740023384400
:102D880063646363E365C4F8DC30C4F8CC30C4F82A
:102D9800F430C4E90F33C4E91533C4E93533C4E961
:102DA8003B33022306F04EFF002849D0FFBEFEE762
:102DB800191E4FF4177318BF012103FB0473C3E9ED
:102DC8000B12EA696B6A002ABED0002B4FF4177306
:102DD80008BF022203FB047318BF0322C3F8C420F0
:102DE8000122C3F8C820B8E7012007B0BDE8F08F7A
:102DF8004FF417734FF4FA5203FB04739A64C3F841
:102E0800E0208DE74FF417734FF47A5203FB0473F5
:102E18009A64C3F8E02083E74FF417734FF4FA423B
:102E280003FB04739A64C3F8E02079E74FF417733F
:102E38004BF6803203FB04739A64C3F8E0206FE713
:102E480006F1C000022342464946384406F0FAFE1D
:102E58000028CAD0FFBEFEE704580140045C0140C8
:102E680024580140245C0140200A00240077010016
:102E780004FA000808FA00080068704703681B692C
:102E8800042B05D8044A02EB830393ED000A70472C
:102E98009FED020A704700BF14FA000800803B4704
:102EA80070B5002304464FF4806204214FF4403586
:102EB8003448C4F83821C4F8D410C4F83431C4F8FC
:102EC8004C113149C4F8B000C4F82811C4E92F32B4
:102ED800C4E93133C4E93335C4E93733C4E94F337E
:102EE800C4E95135C4E95533A2680323C4F8D8307E
:102EF800C4F85031042A0AD8DFE802F01F262D341E
:102F0800030055225623C4F8B420C4F82C310022FB
:102F1800402304F1B005C4F8B8202846C4F830317D
:102F280001F0C6FD08B1FFBEFEE704F59476304611
:102F380001F0BEFDE8B1FFBEFEE725222623C4F856
:102F4800B420C4F82C31E2E727222823C4F8B4209F
:102F5800C4F82C31DBE73D223E23C4F8B420C4F882
:102F68002C31D4E753225423C4F8B420C4F82C31AC
:102F7800CDE704F12803C4E92865C4F8E830C4F8AB
:102F8800603170BD40040240580402402DE9F04F02
:102F9800814683B00E4617461D4600F12804204698
:102FA80007F08CFE01288246F9D14846FFF778FFE2
:102FB8008046002835D1EFF31083019372B6DFF80D
:102FC80088B00C9B99F90820DFF880A0DFF8809082
:102FD800CBF800300D9B89F80020CAF800300DB1FD
:102FE8001846A847BAB23146204607F0DDF930B98D
:102FF800019B03B962B6404603B0BDE8F08F0023D9
:10300800CBF80030CAF80030FF2389F800300C9B59
:103018008BB101210D9888469847019B002BEAD176
:10302800E8E70C9B53B1D0460D9851469847404667
:1030380003B0BDE8F08F4FF00108D9E7D04640460D
:1030480003B0BDE8F08F00BFF81800240019002471
:10305800FC1800242DE9F04F814683B00E46174630
:103068001D4600F12804204607F028FE0128824664
:10307800F9D14846FFF714FF8046002835D1EFF311
:103088001083019372B6DFF888B00C9B99F9082079
:10309800DFF880A0DFF88090CBF800300D9B89F82E
:1030A8000020CAF800300DB11846A847BAB2314618
:1030B800204607F03DFB30B9019B03B962B6404694
:1030C80003B0BDE8F08F0023CBF80030CAF8003019
:1030D800FF2389F800300C9B8BB101210D9888469D
:1030E8009847019B002BEAD1E8E70C9B53B1D046E7
:1030F8000D9851469847404603B0BDE8F08F4FF011
:103108000108D9E7D046404603B0BDE8F08F00BFBC
:10311800F818002400190024FC1800242DE9F04FA9
:10312800814683B00F461646984600F1280420468B
:1031380007F0C4FD0128FAD182464846FFF7B0FEE1
:103148000546002838D1EFF31083019372B699F938
:103158000830DFF88890DFF888B089F800300D9BD8
:10316800DFF880A0CBF800300E9BCAF800300C9B2B
:103178000BB10E9898471FFA88F33A463146204615
:1031880007F0CAF930B9019B03B962B6284603B003
:10319800BDE8F08F0023CBF80030CAF80030FF23D9
:1031A80089F800300D9B8BB101210E980D46984788
:1031B800019B002BEAD1E8E70D9B4BB155460E98D1
:1031C80051469847284603B0BDE8F08F0125DAE755
:1031D8005546284603B0BDE8F08F00BFFC18002410
:1031E800F8180024001900242DE9F043002387B0C3
:1031F8000222044605690493CDE90223D0E90212AC
:103208008E00FAB1022D7AD02178B5FA85F54FF003
:103218000108276A0B294FEA551521D1A2780B2AF4
:1032280002D0B8F1000F38D123790B2B01D0002D33
:103238006CD1A37917B10B2B40F09980002007B00F
:10324800BDE8F08335F002032178276A0CBF4FF000
:1032580001084FF00008023D18BF01250B29DDD0F9
:103268007D4B94F801C053F8262010780B2802D023
:10327800884200F0AD80D378D01C994202D10B2B44
:1032880040F0BD809379901D8B4202D10B2B40F00A
:10329800BC80012007B0BDE8F083711C6E4BE0785C
:1032A80053F8213019780B2902D08A4200F0B580F2
:1032B800D97803F1030C0B2902D08A4200F0BB80B5
:1032C800997903F1060C0B29E3D08A42E1D1DB7925
:1032D8008342DED1634604F102099B784846059390
:1032E80001F0E8F88046484601F0ECF801A90190A1
:1032F800404602F0A7FA23790B2B98D199E7017879
:10330800076A0B2940F0868001258DE7B11C524AD7
:10331800607952F8212011780B2902D08B4200F0F5
:103328008180D178D51C0B2902D08B4200F08D808A
:103338009179951D8B42ACD10B29AAD0D3798342C0
:10334800A7D12A46251D93782846059301F0B2F89F
:10335800034628461D4601F0B5F801A90190284604
:1033680002F070FAA379002F7FF465AF66E7F11CCD
:10337800394AE07952F8212011780B2901D08B4283
:103388005FD0D178D51C0B2901D08B424FD09179D1
:10339800951D8B427FF47DAF0B293FF47AAFD3792B
:1033A80083427FF476AF2A46A51D93782846059375
:1033B80001F080F80446284601F084F8034601A984
:1033C8002046019302F03EFA002007B0BDE8F083E2
:1033D800537863457FF44FAF93782046059301F007
:1033E80069F88146204601F06DF801A90190484628
:1033F80002F028FAA2780B2A7FF413AF14E71379A6
:1034080063457FF43FAF0246E6E7D37963457FF42F
:1034180040AFF8E79846012522E7597881427FF4C2
:1034280047AF58E7517881427FF47BAF8AE711793B
:103438008142ACD1B7E7197981427FF441AF634645
:1034480049E7517881429CD1AEE7117981427FF4F6
:103458006FAF2A4676E700BF50FA0008654A03684E
:10346800934200F0B980A2F57842934200F0B6800A
:1034780002F58062934200F0B38002F578429342ED
:1034880000F0B08002F5E052934200F0AD805A4A55
:10349800934240F0AB8005234FF4D071574A01FBAB
:1034A80003F310B5D418D05C86B001F013F8A078F7
:1034B80001F010F8207901F00DF8A07901F00AF870
:1034C800A368052B11D8DFE803F0192F455B7103BA
:1034D8004B4BD3F8F42042F02002C3F8F420D3F881
:1034E800F43003F020030593059B2046FFF77CFE8C
:1034F800012801D006B010BDFFBEFEE7404B0022F8
:103508002320D3F8F01041F48051C3F8F01011468D
:10351800D3F8F03003F480530093009B01F016F9C0
:10352800232001F051F9E0E7354B00222420D3F89D
:10353800E81041F48041C3F8E8101146D3F8E830A8
:1035480003F480430193019B01F000F9242001F06A
:103558003BF9CAE72A4B00223320D3F8E81041F49C
:103568000041C3F8E8101146D3F8E83003F40043EB
:103578000293029B01F0EAF8332001F025F9B4E741
:103588001F4B00225420D3F8F01041F40051C3F827
:10359800F0101146D3F8F03003F400530393039B63
:1035A80001F0D4F8542001F00FF99EE7144B0022E3
:1035B8005520D3F8F01041F48011C3F8F0101146EB
:1035C800D3F8F03003F480130493049B01F0BEF8A1
:1035D800552001F0F9F888E700235DE701235BE750
:1035E800022359E7032357E7042355E700231B78F1
:1035F800FFDE00BF0030014000140058D80E002440
:10360800004402582DE9F043002289B01B4B0121E8
:103618000DF1040C9E461A4B0791E146E0466746B9
:103628000EF11C060EF138050EF15404CDE9012205
:10363800CDE90322CDE90522FF221A70BCE80F006C
:10364800AEE80F009CE807008EE80700B9E80F0015
:103658000FC69CE8070086E80700B8E80F000FC50A
:103668009CE8070085E807000FCF0FC49CE8070017
:1036780084E8070009B0BDE8F08300BF0C0100240E
:10368800FC180024014807F0EDB900BF000F002422
:10369800014807F0E7B900BFA0100024014807F06F
:1036A800E1B900BF40120024014807F0DBB900BFB0
:1036B800E0130024014807F0D5B900BF80150024A5
:1036C80010B5EFF3108472B6084B1A78120602D5BB
:1036D80004B962B610BD1B784FF4D07204485BB2CF
:1036E80002FB0300B03001F05BFDF1E7FC18002499
:1036F800D80E002410B5EFF3108472B6094B1A786F
:10370800120602D504B962B610BD1B784FF4D07208
:1037180005485BB202FB030000F5947001F040FD20
:10372800F0E700BFFC180024D80E00242DE9F04172
:1037380084B0EFF3108772B6284AFF21284C13682B
:10374800217023B100211160264A10689847237818
:103758001B061CD5DFF894800025234E44462168BB
:1037680079B162686AB1A369012B22D0A3B96369F0
:103778003046019323690093E3682289FFF76AFCC6
:1037880018B301351C3406F5D076042DE7D107B9F6
:1037980062B604B0BDE8F081D4E90430CDE9013067
:1037A800E068238900903046FFF7B8FC0028E8D18C
:1037B8000BE0D4E904301146CDE900303046E36827
:1037C8002289FFF7E3FB0028DBD1C5EBC50508EB31
:1037D800850348F825005860D9E700BFF818002489
:1037E800FC18002400190024D80E00240C01002421
:1037F8002DE9F04184B0EFF3108772B6284AFF2113
:10380800284C1368217023B100211160264A1068E2
:10381800984723781B061CD5DFF894800025234E93
:103828004446216879B162686AB1A369012B22D044
:10383800A3B963693046019323690093E368228939
:10384800FFF708FC18B301351C3406F5D076042DB3
:10385800E7D107B962B604B0BDE8F081D4E9043015
:10386800CDE90130E068238900903046FFF756FC27
:103878000028E8D10BE0D4E904301146CDE9003046
:103888003046E3682289FFF781FB0028DBD1C5EBCE
:10389800C50508EB850348F825005860D9E700BF3F
:1038A800F8180024FC18002400190024D80E00245D
:1038B8000C0100242DE9F04184B0EFF3108772B6B3
:1038C800284AFF21284C1368217023B10021116078
:1038D800264A1068984723781B061CD5DFF8948081
:1038E8000025234E4446216879B162686AB1A3690C
:1038F800012B22D0A3B96369304601932369009351
:10390800E3682289FFF7A6FB18B301351C3406F5D6
:10391800D076042DE7D107B962B604B0BDE8F081CE
:10392800D4E90430CDE90130E068238900903046BD
:10393800FFF7F4FB0028E8D10BE0D4E90430114686
:10394800CDE900303046E3682289FFF71FFB0028E5
:10395800DBD1C5EBC50508EB850348F825005860A1
:10396800D9E700BFF8180024FC1800240019002427
:10397800D80E00240C0100242DE9F04184B0EFF3A7
:10398800108772B606F0D8FA284A294CFF21136826
:1039980021702BB1002111600121264A1068984737
:1039A80023781B061CD5DFF894800025224E444658
:1039B800216879B162686AB1A369012B22D0A3B9E1
:1039C80063693046019323690093E3682289FFF70E
:1039D80041FB18B301351C3406F5D076042DE7D128
:1039E80007B962B604B0BDE8F081D4E90430CDE986
:1039F8000130E068238900903046FFF78FFB0028EC
:103A0800E8D10BE0D4E904301146CDE90030304666
:103A1800E3682289FFF7BAFA0028DBD1C5EBC505B0
:103A280008EB850348F825005860D9E7F818002402
:103A3800FC18002400190024D80E00240C010024CE
:103A48002DE9F0418F684FF4D0743E4E8C4607FB49
:103A580004F4052F06EB04050560AE46BCE80F002C
:103A6800AEE80F00BCE80F00AEE80F009CE80300CA
:103A78008EE8030004D8EB68002B60D0012B02D03D
:103A88000120BDE8F08100214FF4D07303FB0763E8
:103A98001A69032AF4D8D3F814C0ACF104001C281E
:103AA800EED89B691BB1012BEAD14FF000734FF49C
:103AB800D07000FB0760C06918B10128E0D14FF051
:103AC80080704FF4D07505FB0765D5F820E0BEF18E
:103AD800020FD5D8D5F82480B8F1070FD0D85204F2
:103AE800E962C5E90E300CF1FF332A6304F12800BE
:103AF8006B634FEA087330446B640023C5E91233E3
:103B0800C5E91433C5E91833C5E91A33C5E91C33C7
:103B1800AB67C5F880300C4B53F82E200B4B2A644A
:103B28004FF0804253F82730EA65AB624FF000430C
:103B3800EB6706F001FA0028A3D0FFBEFEE74FF4BA
:103B48008001A1E7D80E002440FA000828FA0008EE
:103B5800006892B208B5283006F09CFA003818BF01
:103B6800012008BD30B4544B002108220220534CD8
:103B7800D9615862C3F8BC11C3F8C401C3F85C1317
:103B8800C3F86403C3F8F424C3F8F814C3F8FC14A6
:103B9800C3F80405C3F89426C3F89816C3F89C160E
:103BA800C3F8A406C3F83428C3F83818C3F83C1877
:103BB800C3F84408424D4348C3E90521C3E96D21D0
:103BC800C3E9D5212288A3783F49EA80CA800B72CD
:103BD8003E492B72CA800B722168A0F803204371FA
:103BE800C28003723A4C3B48E2802372A0F803205B
:103BF800394C4371C28003723848E2802372A0F8BE
:103C08000320374C4371C2800372080C2180A070D6
:103C1800A4F803206371E2802372324C324D218074
:103C2800A070A4F803206371E28023722F4CEA800D
:103C380021802B72A070A4F803206371E2802372A4
:103C48002B4C2180A070A4F803206371E2802372BA
:103C5800284C2180A070A4F803206371E2802372AD
:103C6800254C2180A070A4F803206371E2802372A0
:103C7800224C2180A070A4F803206371E280237293
:103C88001F4C21801F49A070A4F803201E486371AF
:103C9800E2802372A1F803201C4C4B71CA800B727E
:103CA8001B49E2802372C2800372A1F803204B7182
:103CB800CA800B7230BC7047D80E00244CFA00083A
:103CC80094000024B8000024880000244C0000243C
:103CD800A0000024DC000024C400002464000024A8
:103CE800C8180024B0180024D0000024BC180024F0
:103CF80098180024EC180024D4180024E018002494
:103D0800A418002400010024F4000024E800002482
:103D180070000024704700BF08B500F0DBFCBDE868
:103D2800084000F0DBBD00BF064808B503680BB1CA
:103D380001F09AFF044803681BB1BDE8084002F08F
:103D480089BE08BD101D002408190024064808B5BE
:103D580003680BB101F088FF044803681BB1BDE894
:103D6800084002F077BE08BD101D00240819002481
:103D7800064808B503680BB101F076FF04480368EC
:103D88001BB1BDE8084002F065BE08BD101D002447
:103D980008190024364BDA6A520062D59A6A9A6A80
:103DA8009A6A9B6A180600D500BE314B9B6A990631
:103DB80000D500BE2E4B9B6ADA0600D500BE2C4B00
:103DC8009B6A1B0700D500BE294B9B6A980700D544
:103DD80000BE274B9B6AD90700D500BE244B9B6ABF
:103DE8001A0400D500BE224B9B6A9B0400D500BE76
:103DF8001F4B9B6AD80400D500BE1D4B9B6A190552
:103E080000D500BE1A4B9B6A5A0500D500BE184B58
:103E18009B6A9B0500D500BE154B9B6AD80500D54B
:103E280000BE134B9B6A990100D500BE104B9B6ADC
:103E3800DA0100D500BE0E4B9B6A1B0300D500BEFD
:103E48000B4B9B6A580300D500BE094B9B6A99032C
:103E580000D500BE064B9B6ADA0306D400BE00BE3E
:103E6800FEE7DB6A9B07FAD5F8E700BEF6E700BF76
:103E780000ED00E000F040BC0A4B9B6803F178437A
:103E8800B3F5003F0BD3084B986848B198680128F0
:103E980006D09868022803D09B6803207047012049
:103EA800704700BF00ED00E0000080382DE9F041C8
:103EB800CEB004464C2200210AA80BF051FD202266
:103EC800002102A80BF04CFDBC2200211EA80BF01B
:103ED80047FD022003F032FA2368012B4FF000035C
:103EE80054D0534A02250193C820D16A514B21F07E
:103EF8000101D162D26A02F0010201929A6942F488
:103F080040429A619B6903F440430193019B494AEB
:103F180093699B04FCD548490224002201268B6A38
:103F280004274FF0080823F0030323438B6205237B
:103F380016900AA818934FF4803310961794199482
:103F48001597CDF86880CDE91B222122CDE91344CD
:103F5800CDE90A2303F0DCFE00B1FEE73F2203238C
:103F6800294602A8CDE9022300220823CDE904232B
:103F780040224023CDE9062340234FF48062CDE957
:103F8800082304F0F3F90346B8B1FEE7294A0425EB
:103F98000093F0209169264B41F440419161926968
:103FA80002F440420092DA6A42F00102DA62DB6A05
:103FB80003F001030093009BA9E720224FF48051EE
:103FC80025934FF440152B9280222D931EA83093F1
:103FD800269135914FF48071249234920C223394B7
:103FE800439140F2271120921022CDF884802A971D
:103FF8001F96CDE92E34CDE93B334FF48033CDE91C
:1040080022463193002446930623CDE93E45279363
:104018004FF48063094C2C931E94CDE9281204F0C8
:1040280001FC00B1FEE703F0AFF94EB0BDE8F08146
:104038000004005800480258004402580F130F03A8
:1040480070B584B0012400F0F7FB4FF480764FF090
:104058004052194B68460025ADF800400396CDE95B
:10406800012300F007FC19224FF0404368468DF801
:10407800082001938DF80F40ADF80D608DF80140D0
:104088008DF80A5000F0F6FB02230B2268468DF8E3
:104098000F508DF801304FF062538DF808200193CE
:1040A800ADF80D408DF80A4000F0E4FB042000F064
:1040B800D1FB04B070BD00BF0E00010330B50D4642
:1040C800044685B0D1E9000184E8030000F0D2FA83
:1040D800AB79A3B309F078F9FEF718F8FFF792FA6D
:1040E80008F074FE2B798BBB6B799BB1BFF34F8FB4
:1040F800BFF36F8F2A4B0022C3F85022BFF34F8FB4
:10410800BFF36F8F5A6942F400325A61BFF34F8F81
:10411800BFF36F8F4FF0FF3200230024002569465C
:10412800204802928DF80C30CDE9004508F0E0F9FE
:104138001C4808F045FA08F093F805B030BD204651
:10414800FFF7B4FE2046FFF77BFFC3E7144C0023BC
:10415800C4F88430BFF34F8FD4F8801043F6E07E64
:10416800C1F34E3CC1F3C9014FEA4C1C0CEA0E00E6
:104178000B4640EA8372013BC4F860225A1CF8D10E
:10418800ACF1200C1CF1200FF0D1BFF34F8F636905
:1041980043F480336361BFF34F8FBFF36F8FA3E79F
:1041A80000ED00E00419002404F010BA1C4B9B68D1
:1041B80003F17842B2F5003F25D3B3F5803F20D311
:1041C80003F16042B2F5003F1FD303F15C42B2F540
:1041D800002F1CD303F17042B2F5902F19D303F1CD
:1041E8004842B2F5803F16D303F18042B2F1806FA6
:1041F80013D303F1E043B3F5000F2CBF08200720C9
:104208007047012070470020704702207047032044
:10421800704704207047052070470620704700BF8C
:1042280000ED00E003480023034A044903600BF053
:1042380049B900BF04190024000000241D3D0008EE
:1042480010B4204C0022204B83B0D4F888101F48AB
:1042580041F47001C4F8881019681D4C41F001013F
:1042680019601A61196808401A4918609A61DA6178
:104278001A629A62DA621A635A639A63DA631A6490
:104288005A64186820F4802018601A66D3F8DC2075
:1042980042F06042C3F8DC20D3F8DC300193019B84
:1042A80023681940B1F1005F03D20B4B0122C3F818
:1042B8000821044B4FF000629A6003B05DF8044B8C
:1042C800704700BF00ED00E0004402587FEDF6EAB9
:1042D8000010005C0000FFFF0080005100F57171C4
:1042E800D0F8040407F0A4BBC1EBC10300EB8303BF
:1042F800D0F80404D3F8082207F0C8BBC1EBC10307
:1043080000EB8303D0F804049A6C07F0FDBB00BFF0
:10431800D0F8040407F09CBCC16810B5044619B174
:10432800022900D0FEE70121D4F8040407F07AFC42
:10433800D4F80404BDE8104007F04CBC10B504469E
:10434800D0F8040407F072FC2268D2F8003E43F06B
:104358000103C2F8003E236A23B1034A136943F0FC
:104368000603136110BD00BF00ED00E0D0F804049F
:1043780007F066BCD0F8040407F07ABCD0F804044F
:1043880007F074BCD0F8040407F074BCD0F8040437
:1043980007F072BC9446D0F898021A4608B56346EE
:1043A80002F0BCFE032802D8024B185C08BD0220AC
:1043B80008BD00BFC0FA0008D0F8980208B502F09E
:1043C8003BFF032802D8024B185C08BD022008BD39
:1043D800C0FA0008D0F8980208B502F071FF032867
:1043E80002D8024B185C08BD022008BDC0FA0008BC
:1043F8000A06D0F8983206D4C1EBC10103EB81015B
:1044080091F8FE01704701F07F01C1EBC10103EB98
:10441800810191F83E007047D0F8980208B502F083
:1044280067FE032802D8024B185C08BD022008BDAD
:10443800C0FA0008D0F8980208B502F0D5FE0328A3
:1044480002D8024B185C08BD022008BDC0FA00085B
:10445800D0F8980208B502F09FFE032802D8024B54
:10446800185C08BD022008BDC0FA0008D0F8C002D8
:1044780007F0B0BED0F8C00207F0C4BED0F8C00242
:1044880007F0CCBE704700BFD0F8C00207F0B2BE3C
:10449800D0F8C00207F0B2BED0F8D00308B501F0DA
:1044A800A3FF032802D8024B185C08BD022008BDF0
:1044B800C4FA0008024B027853F82200704700BF84
:1044C800E8FA0008024B427833F81200704700BF40
:1044D800C8FA00088CB00A2814D8DFE800F01523C1
:1044E800313F4D5B6977859306004D4BD3F8E0204B
:1044F80042F48062C3F8E020D3F8E03003F480632C
:104508000B930B9B0CB07047454BD3F8E02042F05F
:104518000102C3F8E020D3F8E03003F0010301936F
:10452800019BEFE73E4BD3F8E02042F00202C3F8CC
:10453800E020D3F8E03003F002030293029BE1E7A6
:10454800374BD3F8E02042F00402C3F8E020D3F858
:10455800E03003F004030393039BD3E7304BD3F815
:10456800E02042F00802C3F8E020D3F8E03003F07E
:1045780008030493049BC5E7294BD3F8E02042F0D5
:104588001002C3F8E020D3F8E03003F010030593DD
:10459800059BB7E7224BD3F8E02042F02002C3F88E
:1045A800E020D3F8E03003F020030693069BA9E748
:1045B8001B4BD3F8E02042F04002C3F8E020D3F8C8
:1045C800E03003F040030793079B9BE7144BD3F8B5
:1045D800E02042F08002C3F8E020D3F8E03003F096
:1045E80080030893089B8DE70D4BD3F8E02042F435
:1045F8008072C3F8E020D3F8E03003F480730993A5
:10460800099B7FE7064BD3F8E02042F40072C3F819
:10461800E020D3F8E03003F400730A930A9B71E7B3
:1046280000440258704700BF0F4B1B780BB901209C
:10463800704710B504464FF47A700C4AB0FBF3F398
:104648001068B0FBF3F000F0E1F80F2C00D808B1C7
:10465800012010BD002221464FF0FF3000F076F80F
:10466800034B00201C6010BD840100247C01002441
:104678008801002438B50320124D00F055F8124C7B
:1046880003F0D4FD114A12499369C3F30323CB5CA9
:1046980003F01F0320FA03F30E202B60926902F047
:1046A8000F028A5C02F01F02D3402360FFF7BCFFB1
:1046B80010B10124204638BD0446FFF7B3FF204659
:1046C80038BD00BF7C01002480010024004402584A
:1046D800B0FA0008034A044B11681B780B441360B6
:1046E800704700BFD41F002484010024014B1868C0
:1046F800704700BFD41F002438B50446FFF7F6FF03
:104708000546631C02D0044B1B781C44FFF7EEFFE0
:10471800431BA342FAD338BD84010024014B186817
:10472800000C70470010005C06494FF6FF0C0002B1
:10473800054BCA6800F4E06002EA0C021043034328
:10474800CB60704700ED00E00000FA051B4BDB680A
:10475800C3F3022300B5C3F1070E03F1040CBEF145
:10476800040F28BF4FF0040EBCF1060F1AD9033B03
:104778004FF0FF3C0CFA03FC22EA0C024FF0FF3C1E
:1047880000280CFA0EFC21EA0C0101FA03F141EAB7
:1047980002010ADB09010A4BC9B2034483F800137A
:1047A8005DF804FB00221346E8E700F00F0009015A
:1047B800044BC9B2034419765DF804FB00ED00E030
:1047C80000E100E0FCEC00E0002807DB00F01F013E
:1047D80001234009024A8B4042F82030704700BF4D
:1047E80000E100E000280DDB4309012200F01F0072
:1047F8000549203302FA00F041F82300BFF34F8F38
:10480800BFF36F8F704700BF00E100E0431EB3F1B4
:10481800807F0CD24FF0E022002006494FF0F00CC8
:104828005361072381F823C0906113617047012009
:10483800704700BF00ED00E0BFF35F8F044B00211D
:104848005A6A22F480325A62C3F89410704700BF43
:1048580000ED00E0064B40F00100C3F894005A6AEE
:1048680042F480325A62BFF34F8FBFF36F8F7047A5
:1048780000ED00E0174A4378C2F89830017821B378
:10488800436800B5C2F89C30C37A90F80CC01B0688
:1048980090F80FE043EA0C7390F80AC00B43817B51
:1048A80043EACC4390F80DC043EA8C4390F809C022
:1048B80043EA4143017A43EA0E4343EA0C2343EABD
:1048C8004103C2F8A0305DF804FBC2F89C10C2F89E
:1048D800A010704700ED00E0704700BF08B5FFF773
:1048E800FBFF08BD0268344B344930B4344D354CB5
:1048F800AA4218BF9A420CBF012300238A4208BF6C
:1049080043F001033031A24208BF43F001033034C1
:104918008A4208BF43F001033031A24208BF43F086
:10492800010330348A4208BF43F0010301F55C718A
:10493800A24208BF43F0010304F55C748A4208BF31
:1049480043F001033031A24208BF43F00103303481
:104958008A4208BF43F001033031A24208BF43F046
:10496800010330348A4208BF43F001033031A242C8
:1049780008BF43F001038A4208BF43F0010313B99B
:10498800114B9A4213D1D3B21049114C103BA1FBE1
:1049980003515F2B0F4BC1F3021103EA0203615C61
:1049A80088BF0433C1658365184630BC704722F060
:1049B800FF038365F8E700BF100002404000024093
:1049C8002800024058000240B8040240ABAAAAAA34
:1049D80018FB000800FCFFFF0368294A294930B486
:1049E800294D2A4CAB4218BF93420CBF012200222A
:1049F8008B4208BF42F001022831A34208BF42F0AF
:104A0800010228348B4208BF42F001022831A34238
:104A180008BF42F001028B4208BF42F0010212B9FE
:104A28001B4A934213D1DBB21A4C1B4A0121083BA3
:104A38001A4DA4FB0343456602EB1312C3F3041398
:104A4800920001FA03F30266836630BC7047DAB25B
:104A58001349144C1944103AA829A4FB02234FEA1D
:104A6800131300D80833104A03F01F0501210F4C17
:104A78001A44A9404466920081660266E5E700BFD1
:104A880008540258305402581C54025844540258CE
:104A980094540258CDCCCCCC0096001680580258BD
:104AA800F0FBFDBFABAAAAAA008200108008024052
:104AB80070B50446FFF71AFE002C00F0C680236884
:104AC8000546954A934248D01832934245D0303231
:104AD80092498B4218BF934201F130010CBF012269
:104AE80000228B4208BF42F0010218318B4208BFF6
:104AF80042F0010218318B4208BF42F0010218311E
:104B08008B4208BF42F0010201F556718B4208BF83
:104B180042F0010218318B4208BF42F001021831FD
:104B28008B4208BF42F0010218318B4208BF42F0A5
:104B3800010218318B4208BF42F0010218318B4242
:104B480008BF42F0010218318B4208BF42F001024F
:104B58001AB9734A934240F0F5800222002184F882
:104B6800352084F834101A6822F001021A6005E032
:104B7800FFF7BCFD431B052B40D823681A68D107F3
:104B8800F6D4D4E9022521692A43A0691D680A439D
:104B980061690A43E16902430A4362492940256A77
:104BA8002A430A43616A04292FD01A605A6922F0FD
:104BB8000702114359612046FFF794FEE26D3F2337
:104BC80002F01F02934083602046FFF705FFA368A9
:104BD800802B3CD06368A06EDAB2013BD4E918514F
:104BE800072B2A60486026D90023C4E91B33636772
:104BF80000200123606584F8353070BD202203232E
:104C08000120626584F8353070BDD4E90B51294321
:104C18000A431A605969A26A21F00701114341F059
:104C28000401002DC6D000284FD1012A6ED032F0E1
:104C38000202BFD151E0501E072810D9626FD4E993
:104C48001B31002018604A60D2E7012070BD0023A4
:104C5800A16ED4E91802636003605160C4E721685B
:104C6800314B324DA94218BF994205F114050CBFCA
:104C780001230023A94208BF43F001031435A942C8
:104C880008BF43F001031435A94208BF43F00103EC
:104C98001435A94208BF43F001031435A94208BFDF
:104CA80043F001033BB9224B994204D0214B2249DE
:104CB80013449B0003E0214B214913449B0001222C
:104CC8008240C4E91B316267BBE7B0F5005F0ED0D4
:104CD800022A05D9032A7FF46DAFEA017FF56AAF8E
:104CE800012340221846626584F8353070BD032AD6
:104CF8003FF660AF01A050F822F000BFE94C000871
:104D0800E34C0008E94C0008154D0008B5F1C07FD8
:104D18007FF450AFE4E700BF1000024040000240BB
:104D2800B80402403F8010FE085402581C54025830
:104D3800945402583F820010400902403F960016E2
:104D480040590258324A33483349834218BF934284
:104D580000F128000CBF012200228B4208BF42F05C
:104D680001022831834208BF42F0010228308B42F9
:104D780008BF42F001022831834208BF42F0010215
:104D88008B4208BF42F0010212B9244A934238D13B
:104D980002220021224D84F8341084F835201A6844
:104DA8001540A268402A2AD0802A0CBF4FF48040C0
:104DB8000846266AD4E90312D20842EAD102616998
:104DC80042EAD102A16942EAD102E16942EAD1028A
:104DD800144942EA161219442A4302431248A0FB16
:104DE800010120461A600B099B00E365FFF77AFD75
:104DF800E26D012302F01F0293404360E4E61020B5
:104E0800D7E7402203230120626584F8353070BD5E
:104E1800085402581C5402583054025894540258EA
:104E28000F00FEFFF8ABFDA7CDCCCCCC002800F0DE
:104E3800BC80844690F83400012800F0B880012036
:104E48002DE9F0419CF835408CF83400844208D0B4
:104E580000224FF400638CF83420CCF85430BDE8BD
:104E6800F0810220DCF800507A4C8CF835000020E4
:104E7800794ECCF854007948854218BFA54200F114
:104E880018000CBF01240024854208BF44F0010427
:104E98001830854208BF44F001041830854208BF25
:104EA80044F001041830854208BF44F0010400F5BD
:104EB8005670854208BF44F001041830854208BF87
:104EC80044F001041830854208BF44F0010418304A
:104ED800854208BF44F001041830854208BF44F0F9
:104EE80001041830854208BF44F001041830854297
:104EF80008BF44F001041830854208BF44F001049B
:104F0800A0F59560B54218BF8542DCF86C600CBF0F
:104F18000120002054EA0008286820F001002860D9
:104F2800DCF86400DCF86840DCF85870446040D075
:104F380016B1DCE91C044460DCF85C004FF03F0E5D
:104F480000F01F000EFA00F0B860286820F48020F6
:104F580028606B60DCF80830402B23D0A960EA6039
:104F68002B6823F01E0343F016032B60DCF8403057
:104F78001BB12B6843F008032B60DCF860301A681B
:104F8800D20303D51A6842F480721A601EB13368DE
:104F980043F4807333602B68002043F001032B60D7
:104FA800BDE8F081AA60E960DAE7012070470220D5
:104FB800704716B1DCE91C0444602948DFF8A8E012
:104FC800754518BF85420EF1140E0CBF0120002054
:104FD800754508BF40F001000EF1140E754508BF75
:104FE80040F001000EF1140E754508BF40F00100B5
:104FF8000EF1140E754508BF40F001000EF1140EB5
:10500800754508BF40F0010010B9164885420ED119
:10501800DCF85C0000F01F0E012000FA0EF078604A
:105028006B60DCF80830402B10D0A960EA602B6870
:1050380023F00E0343F00A032B60DCF84030002B0A
:105048009BD02B6843F004032B6096E7AA60E960C5
:10505800EDE700BF4000024028000240580002402F
:1050680008540258945402581C54025800285FD01F
:1050780038B590F835200346022A55D10168444ACC
:10508800914248D01832914245D03032414C424882
:10509800A14218BF914204F148040CBF012200222A
:1050A800814208BF42F001023030A14208BF42F0FD
:1050B80001023034814208BF42F0010200F55C7001
:1050C800A14208BF42F0010204F55C74814208BFA6
:1050D80042F001023030A14208BF42F001023034F0
:1050E800814208BF42F001023030A14208BF42F0BD
:1050F80001023034814208BF42F001023030A1423F
:1051080008BF42F00102814208BF42F0010212B911
:10511800224A91420ED10422002083F835200B68E0
:1051280023F001030B6038BD802201205A6538BD89
:10513800012070470A681C6E22F00E02D86D9D6D22
:105148000A6000F01F000A6822F001020A600122CA
:105158002168824021F4807121606A60DA6ED3E9A7
:105168001910486032B11168D3E91C0421F4807128
:1051780011604460002401211A6D83F8344083F8DB
:1051880035101AB118469047204638BD104638BD2C
:10519800100002404000024070000240B804024083
:1051A8002DE9F04300229C4B83B09C4E1D6881463C
:1051B800019203689A4A846D934218BFB3422768E4
:1051C80008BF0126216818BF002645D01832954827
:1051D800834218BF934200F118000CBF012200223D
:1051E800834208BF42F001021830834208BF42F0F0
:1051F80001021830834208BF42F00102183083428E
:1052080008BF42F0010200F55670834208BF42F021
:1052180001021830834208BF42F00102183083426D
:1052280008BF42F001021830834208BF42F0010271
:105238001830834208BF42F001021830834208BF89
:1052480042F001021830834208BF42F001021AB945
:10525800754A934240F05082D9F85C10082201F058
:105268001F0C02FA0CF2174240F0888127FA0CF260
:10527800D2070CD55A69100609D5012202FA0CF298
:10528800A260D9F8542042F00202C9F854204FF025
:10529800040E0EFA0CF038425BD0002E4FD1634A50
:1052A800DFF88081434518BF934208F118080CBF06
:1052B80001220022434508BF42F0010208F1180804
:1052C800434508BF42F0010208F11808434508BFEA
:1052D80042F0010208F11808434508BF42F00102F4
:1052E80008F55678434508BF42F0010208F118084E
:1052F800434508BF42F0010208F11808434508BFBA
:1053080042F0010208F11808434508BF42F00102C3
:1053180008F11808434508BF42F0010208F11808CF
:10532800434508BF42F0010208F11808434508BF89
:1053380042F001021AB93C4A934240F019821A68B5
:10534800920706D5A060D9F8542042F00402C9F8A3
:105358005420102202FA0CFC1CEA070F6CD0002E15
:1053680045D1324A2F4EB34218BF934206F1180670
:105378000CBF01220022B34208BF42F001021836D6
:10538800B34208BF42F001021836B34208BF42F0E8
:1053980001021836B34208BF42F0010206F55676FC
:1053A800B34208BF42F001021836B34208BF42F0C8
:1053B80001021836B34208BF42F001021836B34260
:1053C80008BF42F001021836B34208BF42F001029A
:1053D8001836B34208BF42F001021836B34208BF7C
:1053E80042F001021AB9104A934240F0C9811A6882
:1053F800100721D5C4F808C01A68560300F14C817B
:105408001A68D20503D41A6822F008021A60D9F87B
:1054180040308BB10CE000BF7C010024100002403A
:105428002800024058000240B804024040000240F0
:1054380048469847D9F85C1001F01F0120268E4095
:105448003E4268D0D9F80020A54BA64FBA4218BFF3
:105458009A4207F118070CBF01230023BA4208BF7C
:1054680043F001031837BA4208BF43F00103183765
:10547800BA4208BF43F001031837BA4208BF43F0E5
:1054880001031837BA4208BF43F001031837BA427C
:1054980008BF43F0010307F55677BA4208BF43F047
:1054A80001031837BA4208BF43F001031837BA425C
:1054B80008BF43F001031837BA4208BF43F001039D
:1054C8001837BA4208BF43F001031837BA4208BF79
:1054D80043F001031837BA4208BF43F001031BB970
:1054E800814B9A4240F062811368DB0613D5A660AF
:1054F80099F83530042B136800F0AE8013F4802F30
:10550800136800F0D3801C0340F1DE80D9F83C30EA
:105518000BB148469847D9F85430002B00F0B980B1
:10552800D9F85430D8071FD5D9F80020042189F8B4
:105538003510136823F0010313606C4BA3FB05358A
:10554800AD0A02E01368D90704D5019B0133AB42C9
:105558000193F7D9002389F834301368DB074CBF6F
:105568000323012389F83530D9F84C30002B00F09B
:105578009080484603B0BDE8F043184718684007D4
:105588000AD5186820F004001860A260D9F85420E1
:1055980042F00102C9F8542027FA0CF2D2077FF52D
:1055A80076AE534A5348834218BF934200F1300005
:1055B8000CBF01220022834208BF42F001021830CA
:1055C800834208BF42F001021830834208BF42F00C
:1055D80001021830834208BF42F0010200F55670FC
:1055E800834208BF42F001021830834208BF42F0EC
:1055F80001021830834208BF42F00102183083428A
:1056080008BF42F001021830834208BF42F001028D
:105618001830834208BF42F001021830834208BFA5
:1056280042F001021830834208BF42F00102002A0A
:105638007FF420AE002E7FF41DAE1A68042202FA11
:105648000CF23A4240F09480102202FA0CFC17EA5D
:105658000C0F3FF4F1AE84E623F016031360536990
:1056680023F080035361D9F840309BB3136823F0CB
:10567800080313603F230025012203FA01F1D9F83A
:105688005030A16089F8345089F83520002B7FF418
:1056980070AF03B0BDE8F0831B6818037FF5B7AEA1
:1056A800D9F84830002B7FF4C3AEC5E613F48073F5
:1056B8007FF42CAF116821F010011160012289F8E4
:1056C800343089F8352021E7D9F84430002B7FF4AD
:1056D80020AF20E7D9F84830002BC7D1CAE700BF70
:1056E8001000024028000240B8040240B5814E1B59
:1056F80058000240400002404E4A4F4DAB4218BF8E
:10570800934205F114050CBF01220022AB4208BFE9
:1057180042F001021435AB4208BF42F001021435D1
:10572800AB4208BF42F001021435AB4208BF42F059
:1057380001021435AB4208BF42F0010212B93F4AD8
:105748009342A6D1D9F85C5004261A6805F01F05C3
:10575800AE400E4219D0570717D5100466604BD5D6
:10576800D1034FD4D9F84830002B7FF402AF90E72B
:105778001A68102202FA0CFC17EA0C0F3FF45CAE10
:105788001A6852077FF558AE34E60226AE400E423C
:1057980011D097070FD56660140439D5D00343D4C8
:1057A800D9F84430002B7FF4E4AE72E713689F0702
:1057B8007FF5B1AE9BE60826AE400E423FF469AFD6
:1057C80011077FF566AF1A68002122F00E021A60F1
:1057D8000123D9F84C2003FA05F56560C9F854305F
:1057E80089F8341089F83530002A3FF452AF48461A
:1057F80003B0BDE8F0431047920603D41A6822F0BC
:1058080004021A60D9F84030002B7FF4B2AE40E7AA
:1058180012F0200208D11968012421F00A01196048
:1058280089F8342089F83540D9F83C30002B7FF4CA
:10583800A0AE2EE7085402581C540258945402583B
:10584800406D70472DE9F04F0D6883B0002D00F0D2
:10585800D5800023DFF8688201229A4012EA050CFD
:1058680000F0C7804E6826F01009B9F1020F40F029
:10587800C88003F007044FEAD30E4FF00F0A4FEA2F
:10588800840900EB8E0E0AFA09FADEF8204024EAB1
:105898000A0A0C6904FA09F406F0030944EA0A043E
:1058A800CEF820404FEA430E0324D0F800A009FAAE
:1058B8000EF904FA0EF42AEA040AE44349EA0A094A
:1058C800C0F80090D0F808A0CF6804EA0A0A07FADE
:1058D8000EF949EA0A09C0F80890C6F30019D0F889
:1058E80004A009FA03F92AEA020249EA020242601C
:1058F800C268F70004EA02048A6802FA0EF242EA71
:105908000402C26075D5644C23F0030E03F003094A
:10591800D4F8F420C6444FEA890942F00202C4F8D8
:10592800F420D4F8F42002F002020192019A0F2226
:10593800DEF8084002FA09F224EA0202574CA042B3
:1059480025D004F58064A0427BD0554CA0427ED07F
:10595800544CA0426FD0544CA04200F08480534C69
:10596800A04200F08680524CA04276D0514CA04212
:1059780000F08580504CA04200F087804F4CA04238
:105988000CBF09240A2404FA09F942EA0902CEF8EC
:1059980008204FF0B0426FEA0C0EF403D2F88020D2
:1059A8004FF0B04454BF0EEA02024CEA0202C4F8B7
:1059B8008020B203D4F884404FF0B04254BF0EEABE
:1059C80004044CEA0404F702C2F8844014684FF057
:1059D800B04254BF0EEA04044CEA04041460B40252
:1059E80052684FF0B04454BF0EEA02024CEA020279
:1059F8006260013335FA03F27FF42EAF03B0BDE8DD
:105A0800F08F4FEA430E0324D0F800B006F0030AE3
:105A180004FA0EF409F1FF390AFA0EFA2BEA040B1C
:105A2800B9F1010F6FEA04044AEA0B0AC0F800A0B2
:105A38003FF65EAF46E7032404FA09F942EA090291
:105A4800A5E7012404FA09F942EA09029FE70224BA
:105A580004FA09F942EA090299E7062404FA09F95D
:105A680042EA090293E7042404FA09F942EA09021E
:105A78008DE7052404FA09F942EA090287E70724B1
:105A880004FA09F942EA090281E7082404FA09F943
:105A980042EA09027BE700BF0044025800000258AE
:105AA80000080258000C025800100258001402584E
:105AB80000180258001C02580020025800240258FE
:105AC80000040058002900F0A88000232DE9F04FB9
:105AD800DFF8689183B0DFF86881DFF868A1DFF844
:105AE80068B14FF0010E0EFA03F212EA010C6FD002
:105AF80023F0030503F003040F2640454D444FEA05
:105B0800C404AF6806FA04F607EA0607019721D02D
:105B1800504566D0584567D0434FB8426ED0434F82
:105B2800B84270D0424FB84263D0424FB84256D0C4
:105B3800414FB84272D0DFF814E1704568D0DFF801
:105B480010E1704514BF4FF00A0E4FF0090E0EFA1F
:105B580004F400E00024019FA74219D1AC6824EAAC
:105B680006064FF0B044AE60D4F8805025EA0C0524
:105B7800C4F88050D4F8845025EA0C05C4F8845041
:105B8800256825EA0C052560656825EA0C05656029
:105B980003255C0003F007070F2605FA04F40568DF
:105BA800BF00254306FA07F70560DD0800EB850509
:105BB8002E6A26EA07062E62856825EA04058560AE
:105BC800456825EA02024260C26822EA0404C46009
:105BD800013331FA03F284D103B0BDE8F08F4FF0FE
:105BE800060E0EFA04F4B6E74FF0020E0EFA04F4AD
:105BF800B1E74FF0050E0EFA04F4ACE74FF0030ED0
:105C08000EFA04F4A7E74FF0040E0EFA04F4A2E724
:105C18004FF0080E0EFA04F49DE770474FF0070E98
:105C28000EFA04F497E700BF000C0258001002585F
:105C38000014025800180258001C025800040058AA
:105C480000000258000402580008025800200258B8
:105C5800002402580369194214BF0120002070472C
:105C680002B90904816170472DE9F04F056885B0D4
:105C78000446284605F082FC012802D005B0BDE89C
:105C8800F08F206805F02AFC0028F7D0206805F07E
:105C980025FC10F4001F206802D04FF40013436164
:105CA80005F01CFC10F4801F206802D04FF480130C
:105CB800436105F013FC10F0806F206802D04FF0AC
:105CC8008063436105F00AFC10F0020F20682FD1B1
:105CD80005F004FC870000F11381206805F0FEFB45
:105CE800C60100F1CF80206805F0F8FB000700F13D
:105CF800BE80206805F0F2FB10F0007F20681AD102
:105D080005F0ECFBC306B9D52568AB6923F0100391
:105D1800AB612E6AC6F34341C6F30A17022902D1C2
:105D2800002F40F0C681AB6943F01003AB61A5E7D3
:105D380002234361CCE705F08FFCD4F808E08046E5
:105D48002068BEF1000F00F0998005F5A0650026D7
:105D58004FF0280B4FF0020A4AE000F5A0694A010B
:105D680009EB4117BB685B075DD50423BB60FB6883
:105D780043F00203FB60BB68980500F1FD80BB6837
:105D8800DB0740F1CF80236953B101EB81003B6908
:105D980004EBC000C3F3120C836CA3EB0C03C364C5
:105DA8008B004FF0010C4FF0000E581804EBC000A8
:105DB800C0F858E080F85DC0C7F808C090F83FE028
:105DC8001EF0FD0F00F06481BEF1030F00F0408269
:105DD8000B4404EBC30393F8502082F0010283F8CC
:105DE8005020D4F808E0206801362035764545D2A1
:105DF80006F00F0328FA03F3D907F5D52B68F1B29B
:105E08001A04AAD400F5A0624FEA411C02EB41171C
:105E1800BB6813F004090DD00423BB60FB6843F092
:105E28000203FB60E0E7BB689B0640F1B3802023D8
:105E3800BB60A0E7BB6813F0200300F0CA8001EB49
:105E48008103202204EBC303BA6093F83D20012AA2
:105E5800CAD183F83D9083F85CA0FB6843F0020345
:105E6800FB6005F0FDFBD4F808E02068BCE720469D
:105E7800FEF7FCFA2068082343613BE74FF0007304
:105E880043613DE72668D6F840340293D6F840349B
:105E98000393039B23F02E030393029B980707D5D4
:105EA800029BD90700F16381039B43F0020303932C
:105EB800029B1A0718D5039B43F008030393029B20
:105EC8005B0740F15C81A169022900F09A81E368CF
:105ED800012B03D14EF66022C6F804242046FEF7B3
:105EE800D3FA2046FEF7C6FA2068029B9F0603D520
:105EF800039B43F020030393039BC6F84034F3E667
:105F0800D5F84034204623F02E03C5F84034FEF778
:105F1800B5FA0121206805F07DFB20684FF0005399
:105F28004361DBE6BB68980740F18E80FB6801EBB4
:105F3800810C23F0020304EBCC0CFB608B009CF873
:105F48005D00012800F0B280052800F0AF80062827
:105F580000F0A381082800F0A081032800F0DC816C
:105F68009CF85C000246C7F808A02046FEF78AFAAB
:105F7800D4F808E0206837E7FB68206843F002039C
:105F8800FB6005F06DFB4FF400732068BB60D4F82C
:105F980008E029E7BB681B0700F1BB80BB685B050D
:105FA8007FF5E9AEFB68019243F002030091FB60C4
:105FB80005F056FB00991020019A01EB8103B860A7
:105FC800082004EBC30383F85D004FF48063BB60D3
:105FD800D1E6D7F8089019F0400F40F0B180BB68BF
:105FE80013F4007340F02F81D7F8089019F0010FCF
:105FF80040F03F81BB6813F0080340F06881D7F890
:10600800089019F0100F00F0C98001EB810204EB31
:10601800C2029365032382F85D3092F83D303BB9A4
:106028000BFB014393F83C2012B9012283F83D2071
:10603800FB6843F00203FB6005F012FB10232068A5
:10604800BB60D4F808E0CFE6BB6813F0800340F0EB
:10605800E380BA68D20640F1D08001EB810004EBFE
:10606800C00090F83F20032A00F04B8112F0FD0297
:10607800E4D123698265002BE0D10BFB01430322A5
:1060880083F85D20FB68206843F00203FB60D3E7D8
:10609800FA68206842F0020201930091FA6005F064
:1060A800DFFA1022DDE90013BA6091E68CF85C0093
:1060B80058E706F00F0606EB860804EBC808D8F880
:1060C800441000293FF42FAE284605F5A0653A464E
:1060D80005F082F9D8F8443005EB46123B441169C3
:1060E800D8F84C20C8F8443073013A44C8F84C201A
:1060F800BC4A0A405AB1EA5822F0804242F00042B3
:10610800EA5098F8503083F0010388F85030256839
:1061180009E6FB684FF0050C019243F00203009179
:10612800FB6001EB810304EBC30383F85DC010231C
:10613800BB600823BB6005F093FADDE900121AE69C
:1061480001EB810204EBC2029365042382F85D30FF
:10615800012382F83D30FB6843F00203FB6005F041
:106168007FFA40232068BB60D4F808E03CE6B369B6
:10617800204623F00053B361FEF77CF994E62046ED
:10618800FEF786F9D6F84034206823F02E03C6F8C7
:106198004034836943F000538361A6E6BB681B065D
:1061A80000F1C880BB685B0500F1D780BB689B071E
:1061B8007FF51AAEFB680BFB014023F00203FB607E
:1061C80090F85D30012B00F0E180032B00F0DB80BC
:1061D800042B00F0D880052B00F0FC80062B00F083
:1061E800E480082B00F0E1800BFB01432046C7F850
:1061F80008A093F85C20FEF745F9D4F808E0206879
:10620800F2E5029B206803F4C023B3F5802F18BF82
:10621800012105F0FFF961E6FB6801EB810243F01B
:10622800020304EBC202FB60936D013393650623FE
:1062380082F85D30206805F013FA80232068BB607F
:10624800D4F808E0D0E5FB6843F00203FB6098E669
:1062580052F80970019347F00057009142F809700D
:10626800624680F85CC02046FEF70CF9DDE90013B1
:10627800AEE5FA6801EB810942F0020204EBC909B4
:10628800C9F85830FA6005F0EBF90123BB6089F8CA
:106298005D30D4F808E02068A6E503EB010C04EBB8
:1062A800CC0CDCF858000130032825D8CCF858006D
:1062B80002200B4404EBC30383F85C0052F8093056
:1062C80023F0804343F0004342F809304AE60823AC
:1062D8000091BB60FB6843F00203FB6005F0C0F966
:1062E8000099052201EB810104EBC10383F85D20CD
:1062F800D4F808E0206877E50020CCF8580004209E
:10630800D7E7FA680BFB014042F002028365206878
:10631800FA6005F0A5F991E60BFB0143022083F82A
:106328005CA052F8093023F0804343F0004342F860
:10633800093017E6FB68009143F00203FB6005F0A3
:106348008FF9009906230BFB014181F85D3080230A
:106358002068BB60D4F808E046E5FB68009143F08C
:106368000203FB6005F07CF910230099BB604FF431
:1063780080630BFB0141BB60082381F85D30D4F8D2
:1063880008E0206830E580F85CA02DE780F85C30F4
:1063980090F83F30023B012B3FF626AF90F8513082
:1063A80083F0010380F851301EE70BFB0140836D39
:1063B8000133032B11D8836502230BFB014080F8BE
:1063C8005C3052F80C3023F0804343F0004342F82D
:1063D8000C3009E780F85C3006E700238365042366
:1063E800EBE700BF0000F81F90F8B832012B0CD083
:1063F800012310B50446006884F8B83205F090F916
:106408000023184684F8B83210BD0220704700BF38
:10641800F8B505460E461746701C2C682CD1A369A2
:10642800990727D4A369DA06F9D5A3699A06FCD592
:1064380020231022E261E361A3699F0701D50023AD
:10644800A362A369DE0703D4A36943F00103A36130
:10645800636800221B4820210340012063606B6CA5
:1064680085F8402043F004036B6485F8411085F8F3
:106478004220F8BD0020F8BDA3699B07FAD4A369A0
:10648800D9061BD4FEF732F9C01BB04201D8002E42
:10649800C2D16B6C2021002201200B4385F84020DB
:1064A8006B6485F8411085F84220F8BDFEF71EF9A7
:1064B800C01B8642EDD3002EEBD02C68A3699B0647
:1064C800F4D5B5E700E800FEF8B505460E461746D0
:1064D8002C68A3699B0649D4A369DA0626D5731CE0
:1064E80038D1A3699E06FCD520231022E261E3611E
:1064F800A369990701D50023A362A369DA0703D426
:10650800A36943F00103A3616368002218482021AE
:106518000340012063606B6C85F8402043F004035E
:106528006B6485F8411085F84220F8BDFEF7DEF867
:10653800C01BB04201D8002ECAD16B6C20210022AA
:1065480001200B4385F840206B6485F8411085F8DD
:106558004220F8BDA3699806C6D4FEF7C7F8C01B49
:106568008642EAD3002EE8D02C68B8E70020F8BDB0
:1065780000E800FE00284ED010B590F841300446DF
:1065880003F0FF02002B41D023682421626884F8BD
:106598004110196822F07062E06821F001010128B9
:1065A80019601A619A6822F400429A60A26829D098
:1065B80042F4044202289A6002D14FF400625A6001
:1065C80058684FF0200C1549226901435960D96871
:1065D80021F40041D960D4E90501024342EA0122CD
:1065E800D4E90710DA6000220143104619601968DF
:1065F80041F001011960626484F841C0226384F8A3
:10660800422010BD42F400429A60D9E780F8402049
:10661800FBF7A2FCB8E70120704700BF008000022A
:106628002DE9F047984690F84130089E202B40F01D
:10663800878090F840300446012B00F081800123C8
:106648008946174680F84030FEF750F8054604E0C2
:10665800FEF74CF8401B192875D82368986910F480
:106668000040F5D1212267626063C9F3090784F805
:106678004120102284F842206064A4F82A80628DA8
:1066880092B2FF2A6DD8628D494892B2D1B2228562
:106698005A6802403A4342EA014246491143596066
:1066A800DFF81C814FF0FF0ADFF81891638D2A4646
:1066B800314620469BB2002B30D0FFF7A9FE0028B8
:1066C80073D1606A216810F8012B238D8A62628D6C
:1066D800013B6062013A9BB292B223856285628D6A
:1066E80092B2002BE2D1002AE0D0701C43D18B6912
:1066F8001A06FCD5638D9BB2FF2B48D94B682A46F6
:10670800A4F828A0204603EA08033B4343EA090308
:106718004B603146638D9BB2002BCED1FFF7D4FE80
:10672800002842D123682021234DD9615A682A4084
:106738005A6084F8411084F8400084F8420000E070
:106748000220BDE8F087636C2021002201200B4362
:1067580084F84020636484F8411084F84220BDE83E
:10676800F0875A6812490A4014493A431143FF22F4
:106778002285596094E78B691B06BBD4FDF7B6FFE9
:10678800401B8642DFD3002EDDD02168ADE7638D44
:106798009BB2DAB223854B6803EA080343EA024353
:1067A8003B4343F000734B6080E70120BDE8F0876E
:1067B800009800FC0020008200E800FE0020FF8115
:1067C800009C00FC0000FF012DE9F0471F4690F8EF
:1067D8004130202B40F08E8004460D46002900F001
:1067E8008380B2FA82F916464FEA5919002A7BD0FB
:1067F8005FFA83FA90F84030012B7BD0012380F8B0
:106808004030FDF773FF212365628046256884F8D0
:10681800413084F842A0C4F8449066856B68C4F897
:10682800349023F400436B607B1C66D1AE69360755
:10683800FCD50823EB61E368022B06D0AE69F603AA
:1068480028D4AE69F603F9D524E0AB691907FCD55D
:106858000823EB617B1CF1D0AB69DD031AD4FDF78B
:1068680045FFA0EB0800874253D3002F51D025687D
:10687800F0E7424639462046FFF7CAFD00285BD1BB
:10688800636A226813F8011B9162658D6362013D9A
:10689800ADB26585638D9BB2002BEAD1424639467D
:1068A8002046FFF711FE00284DD02268536843F4B4
:1068B80000435360636C042B54D10023636420238A
:1068C800D361781C41D193691904FCD45168002321
:1068D800202041F40041516084F84100184684F8B2
:1068E800423084F8403003E04FF4007301206364C1
:1068F800BDE8F0870220BDE8F087AB69180733D4FC
:10690800FDF7F4FEA0EB0800874202D30FB125681B
:106918008AE7636C202000212268034384F8401032
:10692800636484F84100012084F84210536843F4FA
:1069380000435360BDE8F08722680120536843F4A0
:1069480000435360D4E72268B9E793691B04BDD5B7
:10695800FDF7CCFEA0EB08008742DAD3002FD8D091
:106968002268AEE70120C3E70823EB61E368022B46
:106978007FF470AF08E0FDF7B9FEA0EB080087428E
:10698800C7D3002FC5D02568AB691A07F3D55FE7D1
:106998000268436B9169126803B11847704700BFDA
:1069A80090F84100704700BF90F84120202A23D179
:1069B8005FFA82FC90F840200346012A1CD0026846
:1069C800242000B583F841004FF0000E106820F035
:1069D80001001060106820F48050106010680143B6
:1069E80070461160116841F00101116083F841C0DF
:1069F80083F840E05DF804FB0220704790F84120DE
:106A0800202A22D1034600B55FFA82FE90F8402082
:106A1800012A1CD0026824204FF0000C83F84100A2
:106A2800106820F001001060106820F4706040EADF
:106A3800012160461160116841F00101116083F87D
:106A480041E083F840C05DF804FB02207047022053
:106A58005DF804FB2DE9F04F076889B00446384615
:106A680004F08CFD10B109B0BDE8F08F82462068B3
:106A780004F034FD0028F6D0206804F02FFD10F053
:106A8800020F206803D0436903F00203436104F056
:106A980025FD10F4002B206840F0508104F01EFD05
:106AA80010F4802F206840F0EB8004F017FD0028D8
:106AB80074DB206804F012FD000564D4206804F03B
:106AC8000DFD020114D52268536903F00063536178
:106AD80094F8F433002B40F095810121204684F886
:106AE800F413536DC3F38303C4F8F83300F024FCA4
:106AF800206804F0F3FCC3047BD4206804F0EEFCA7
:106B080010F4005F20685DD104F0E8FC10F0100F6D
:106B1800206812D0836923F0100383613D6AC5F3AE
:106B2800434305F00F06022B00F03182062B00F0DC
:106B38007F81836943F01003836104F0CFFC07076A
:106B480000F15781206804F0C9FCC60200F14681B3
:106B5800206804F0C3FC850200F13581206804F048
:106B6800BDFC400000F12681206804F0B7FC410715
:106B78007FF579AF23685D686A0700F129825A6852
:106B88002A435A606FE7D7F80838D90700F11C8202
:106B98002068436903F40063436190E7D7F8043839
:106BA80023F00103C7F8043894F8F433012B00F0FC
:106BB80038812046FDF7DAFB2068436903F000437B
:106BC800436177E704F0DEFC206804F0C3F9256828
:106BD800E06001F0E5FC227B0146284604F01EF93E
:106BE8002046FDF799FB2068436903F4005343618D
:106BF8008AE7D7F804381021206807F5006523F0E4
:106C080001036B6004F08CF96068B0B107F510639C
:106C18004FF67F3199600AF1010A1A6820338245DC
:106C280022F4001243F8202CC3F8E811D3F8E0212D
:106C380022F40012C3F8E021ECD1EB6943F0011310
:106C4800EB61236B002B40F0E1806A6942F22B0371
:106C580013436B612B6943F00B032B61D7F80038A2
:106C680004F57172217C23F4FE632068C7F80038AC
:106C780004F0A4FC2068436903F4805343613DE7B2
:106C880004F044FC80462068B8F1000F00F0E5806D
:106C9800264607F510694FF0000BCDE9037A09E0A5
:106CA8005FEA58080BF1010B06F11C0609F12009EF
:106CB80000F0D58018F0010FF2D05FFA8BF7394653
:106CC80004F040FCC30705461FD50BF00F030399DA
:106CD80001229A40D1F8343823EA0203C1F8343843
:106CE8000123C9F808302369012B03D1D6E9112300
:106CF8001344B36439462046FDF700FB2369012B92
:106D080003D1BBF1000F00F0AC81280702D508239E
:106D1800C9F80830E90602D51023C9F808306A0610
:106D280002D54023C9F80830AB0702D50223C9F8B9
:106D380008302D0600F1C6802068B1E704F0D8FBC2
:106D480005462068002D00F0868007F53066A146CC
:106D58004FF0000B049707E06D080BF1010B06F1EB
:106D6800200609F11C097DD0EB07F5D55FFA8BF1F8
:106D7800039104F0D9FB10F0010F8046039973D1F9
:106D880018F0080F40F0F280206818F0100F01D0BA
:106D98001023B36018F0200F05D02169012900F0F5
:106DA8005A812023B36018F4005FD5D04FF4005304
:106DB800B360D1E72046FDF7E5FA2068436903F0A0
:106DC80080434361D1E620465FFA8BF1FDF7D2FAA2
:106DD8002068436903F400134361C0E620465FFA64
:106DE8008BF1FDF7CBFA2068436903F48013436104
:106DF800AFE62046FDF78CFA2068436903F00803E4
:106E08004361A0E62046FDF799FA71E6D5F884308B
:106E180043F00B03C5F884306B6C43F00B036B64D1
:106E28001CE70021204684F8F41300F085FAC3E635
:106E3800C6EBC606082204F57171384604F0CCFA90
:106E4800C5F30A1304EB86022068D2F814120B4427
:106E5800C2F814326DE6AB4620E6C34625E6DDE906
:106E6800037A22E6049F19E6206801232769B360A4
:106E780000F53063012FD0F840E003EB4B139A681C
:106E880000F0C580984FBE4540F0BD80170440F122
:106E9800B6804FF4004218F0080F9A603FF475AFBF
:106EA800026C986890498A4200F0978020460392C5
:106EB800FDF714FA8D4B039A9A4200F29680082344
:106EC800B36061E7D6E91453D4F800A0AB4250464A
:106ED8003FF6E6AE0AF51062716CCDF81CA002EB25
:106EE8004B120592EA1A8A4228BF0A46059989690F
:106EF800033289B2B1EB920FC0F0A980CDF8189097
:106F0800C146A046059C1AE0736C3A46B16C5046DF
:106F18009D4228BF1D4698F810300093ABB204F08C
:106F280045FAB36CA1692B4489B2B364736D2B44E1
:106F38000335B1EB950F7365C0F08180356D9D42C7
:106F4800A5EB0305E0D84446C846DDF81890D4F808
:106F580000A0079B0122504603F500610BF00F03C8
:106F68009A404B6B23EA02034B6399E62268216936
:106F780002F53063126C012903EB4B13986891D129
:106F88005A498A4229D82046FDF7A8F997E747F6D3
:106F9800F0731D423FF4CDADC6EBC606C5F30A1229
:106FA800384604EB86061546D6F8081204F014FA9B
:106FB800D6F8083220682B44C6F80832D6F81432BE
:106FC8002B44C6F81432B4E52046FDF7B7F9DFE5DF
:106FD8002046FDF7DBF92368D1E5020402D54FF41A
:106FE80000429A602046FDF779F9216901297FF46A
:106FF80066AF04F57172206804F0E0FA5FE7900666
:1070080001D520229A602046FDF76EF9B8E61707E9
:1070180032D536498E4504D9120402D54FF40042C0
:107028009A6020460393FDF759F904F5717201211E
:10703800206804F0C3FA0822039B9A60A0E644463D
:10704800356DC846DDF81890D4F800A050469D422A
:107058003FF626AE7DE704F5717204F0AFFA2068BA
:107068009FE6236D002B7FF450AE04F57172012169
:10707800206804F0A3FA48E6970608D520229A600B
:1070880018F0080F3FF481AE026C986878E712F0A8
:10709800280FF5D1154FBE4505D9120403D54FF475
:1070A80000429A60ECE71B692046D9F80422C3F332
:1070B8001203D31AC9F81432D9F808321344C9F89C
:1070C8000832FDF711F9BBF1000F7FF459AED4F87F
:1070D8001032002B7FF454AE04F571720121206840
:1070E80004F06CFA4CE600BF0A31544F0A30544F92
:1070F80090F8BC23012A0ED0012210B5044600687E
:1071080084F8381084F8BC2304F0D6F90023184614
:1071180084F8BC3310BD0220704700BF10B501F0E1
:107128000F0E0906044627D44FF01C0C0CFB0E0C5E
:107138000CF5FE71CEEBCE0C00EB8C0C00208CF81D
:10714800FD018A604A7881F800E0CB700AB1A1F8A5
:1071580006E0022B01D100230B7194F8BC33012BFC
:1071680018D00123206884F8BC3303F005FF0023FE
:10717800184684F8BC3310BD1C204FF0010C00FBEE
:107188000E4000F13C01CEEBCE0004EB800080F80D
:107198003DC0D6E7022010BD10B501F00F041C2138
:1071A800C4EBC40C01FB040100EB8C0C01F5FE716F
:1071B800CCF810320023CCF808228CF8FC41CCF82B
:1071C80014328CF8FD3103690068012B08BFCCF834
:1071D8000C22DAB21CB904F02FF8002010BD03F01D
:1071E80013FF002010BD00BF10B501F00F041C21D3
:1071F800C4EBC40C01FB040100EB8C0C3C31CCF853
:1072080050300023CCF84820CCF8543001238CF8B7
:107218003C408CF83D3003690068012B08BFCCF86E
:107228004C20DAB21CB904F007F8002010BD03F0B6
:10723800EBFE002010BD00BF38B5436801F00F0514
:107248009D4234D80B0604461DD41C22C1EBC10351
:1072580002FB010100EB8303002201F5FE7183F8B4
:10726800FD2101230D708B7094F8BC239A421CD029
:10727800206884F8BC3304F0BFF8D5B10023184661
:1072880084F8BC3338BD1C21C5EBC503012201FBC2
:10729800050100EB83033C3183F83D2001230D7089
:1072A8008B7094F8BC239A42E2D1022038BD0120A9
:1072B80038BD04F57172217C206804F07FF9DDE7A0
:1072C800426838B501F00F03934232D811F0800FAD
:1072D80004464FF01C01C3EBC30219D101FB034163
:1072E800002004EB8202002501F5FE7182F8FD0101
:1072F8000B708D7094F8BC33012B18D001232068D3
:1073080084F8BC3304F0ACF8284684F8BC5338BD84
:1073180001FB0341012004EB820200253C3182F885
:107328003D000B708D7094F8BC33012BE6D1022020
:1073380038BD012038BD00BF704700BF38B5114BBC
:10734800DA68520704D4DB6803F00703834214D1D8
:107358000C4CE36823F007031843E060FDF7C6F917
:10736800054605E0FDF7C2F9401BB0F57A7F06D85F
:1073780063689B04F6D5002038BD012038BD032082
:1073880038BD00BF00480258024AD36843F08073F2
:10739800D36070470048025870B44D6A15B1B2F115
:1073A800406F3AD18B691BB30C6A002C4CD08E68A5
:1073B8000068C661CE69002E69D02B43134323436E
:1073C800CC6A334323430C6B23434C6B23430C6934
:1073D8002343CC6823430C6823434C69B2F1406FC4
:1073E80043EA8443436165D04B6870BC836170474E
:1073F8000B6ABBB100682B438C68CE69C461002E50
:107408006BD01343CC6A334323430C6B23434C6B3D
:1074180023430C692343CC68DEE78B6A0468013B8D
:107428002361BFE7CB69002B66D1002D42D0CB6A20
:107438000C6B2B43006813434A6923434C6B23436B
:1074480043EA8243436135E0CC6945EA030C002CEA
:1074580032D003684CEA0200B2F1406F40EA0400FF
:10746800CC6A40EA04000C6B40EA04004C6B40EA2A
:107478000400CC6840EA04000C6840EA04004C6947
:1074880040EA8440586115D04A689A6112E045EA9A
:10749800030C0D694CEA0203CA6A23431343D1E97A
:1074A8000C4223430C6813434A692B43234343EAA2
:1074B8008243436170BC7047CC6A4CEA020300689F
:1074C8002343D1E90C4223430C6813434A692343FD
:1074D80043EA824370BC43617047CC6A1343234339
:1074E800D1E90C4223431343D1E90442234343EA3D
:1074F800824370BC436170472B43CD6A0C6B1343C6
:1075080000682B4323434C6B84E700BF70B50446E7
:10751800FDF7ECF8002C54D094F84030012B52D0F1
:107528000123064684F8403094F8413003F0FF0206
:10753800002B34D0A56C2268A1681368013923F4A4
:10754800706343EA0123136001E06B1C31D1936837
:1075580013F02003F9D1E069E16815680143206A56
:107568000143606841EA00611C48284001436069A2
:107578001160A16955680143206941EA0041184832
:1075880028400125014318465160116829431160BC
:10759800636484F84150002384F8403070BD20466D
:1075A80084F84020FBF730F941F288331D46A36484
:1075B800C1E7FDF79BF8801BA84206D82DB12268C9
:1075C800C5E7012070BD022070BD0423012084F8A6
:1075D8004130636C03436364DDE700BF2FFFFF00A6
:1075E800FEF8E0FFC8B110B590F840300446012B12
:1075F80011D00268012380F84030136823F001039A
:107608001360FBF78FF900236364184684F8413050
:1076180084F8403010BD022010BD0120704700BF23
:107628002DE9F04104460E461546FDF75FF894F83B
:107638004030012B3AD0012384F8403094F841308F
:10764800012BDFB206D002270023384684F84030E9
:10765800BDE8F081002380466364022384F841304A
:10766800681C23680ED19A6812F02002FBD13146BB
:107678002046FFF791FE736AE3B10123002784F8DF
:107688004130E1E79A6812F020021ED0FDF72EF88B
:10769800A0EB0800854201D3002DE1D1042384F832
:1076A8004130636C43F001036364CDE70227384639
:1076B800BDE8F081226893689B07FCD5022101236D
:1076C8000027D16084F84130BEE731462046FFF7F5
:1076D80063FE736A43B1D0E7FDF708F8A0EB080032
:1076E8008542DBD3002DD9D0226893689907F3D55A
:1076F800E4E700BF2DE9F843044689461546FCF740
:10770800F5FF94F840302768012B67D0012384F8EF
:10771800403094F84130012B5FFA83F807D04FF0DE
:1077280002080023404684F84030BDE8F88300236F
:107738006364B9F1000F56D01223064684F841302D
:107748003B690133E3623B69C4F824900133A362C7
:107758007B6923F040637B61E36A002B31D06A1CAC
:10776800394611D18B685B07FCD5636A1B7887F8AB
:107778002030E26A636A013A0133E262E26A6362D4
:10778800F2B16A1C2168EDD08B685807EDD4FCF77C
:10779800ADFF801B854201D3002DF2D1042384F86C
:1077A8004130636C43F00103636413E0BB689B07DB
:1077B8000CD4FCF79BFF801B8542EFD3002DEDD046
:1077C8002768691CF2D1BB689A07FCD502234FF0E1
:1077D8000008FB60012384F84130A2E74FF002085B
:1077E8004046BDE8F883636C43F00803636498E798
:1077F8002DE9F843044615468946FCF777FF2768C4
:10780800BA6994F84030012B6CD0012384F84030D9
:1078180094F84130012B5FFA83F807D04FF0020843
:107828000023404684F84030BDE8F88300236364B1
:10783800B9F1000F5BD02223064684F841303B693A
:107848000133A3633B69C4F83090013363637B69F8
:1078580023F0406343F080637B61BA61A36B002B24
:1078680033D0681C394612D18B6813F0060FFBD051
:1078780097F82020236B1A70A26B236B013A01330F
:10788800A263A26B2363FAB1681C2168ECD08B68F1
:1078980013F0060FECD1FCF729FF801B854201D3BA
:1078A800002DF1D1042384F84130636C43F00103C7
:1078B800636413E0BB689B070CD4FCF717FF801BBD
:1078C8008542EFD3002DEDD02768691CF2D1BB6843
:1078D8009A07FCD502234FF00008FB60012384F8C7
:1078E80041309DE74FF002084046BDE8F883636CDD
:1078F80043F00803636493E72DE9F84F04461F46F5
:1079080089469046FCF7F2FE94F84030012B52D09D
:10791800012384F8403094F84130012B5FFA83FB4F
:1079280007D04FF0020B0023584684F84030BDE8DA
:10793800F88F002382466364422384F841307A1C1E
:1079480026682CD1B568AB06FCD4D8F80030494677
:107958002046B362D8F804307362D8F80830F3626E
:107968003268D8F8103022F440021343D8F80C20BB
:1079780043F480033360C9F828204FF00062FFF712
:107988000BFD781C22681BD193681907FCD50821C8
:1079980001234FF0000BD16084F84130C3E7B3688E
:1079A8009D06D2D5FCF7A2FEA0EB0A00874212D3AF
:1079B800002FC4D10FE04FF0020B5846BDE8F88FF6
:1079C80093681B07E3D4FCF791FEA0EB0A008742FB
:1079D80001D3002FD5D1042384F84130636C43F0E0
:1079E800010363649FE700BF2DE9F04704460F4693
:1079F8001646FCF77BFE94F84030012B45D0012356
:107A080084F8403094F84130012B5FFA83F907D0AD
:107A18004FF002090023484684F84030BDE8F0875B
:107A280000238046D4F848A06364822384F8413058
:107A3800BAF1FF3F256814D1AB689A06FCD42B68CD
:107A4800726823F00803082A43EA02032B6021D056
:107A58004FF04062394620464FF00009FFF79CFC82
:107A6800D8E7AB689B06EAD5FCF740FEA0EB080018
:107A7800824502D3BAF1000FDAD1042384F84130E9
:107A8800636C43F001036364C4E74FF0020948469E
:107A9800BDE8F087326810232A63EB602B6843F453
:107AA80080132B60D4E700BF704700BF08B5006C97
:107AB80000238363C36290F84130082B0BD103681D
:107AC8000222DA601A6842F400321A601A6842F038
:107AD80002021A6008BD012380F84130FFF7E4FF75
:107AE80008BD00BF704700BF704700BF704700BFA8
:107AF800704700BF704700BF704700BF704700BFA6
:107B080038B5036804469A68196855070ED54803BE
:107B18000CD594F84120122A75D094F84120222AD5
:107B280000F0A1802046FFF7E5FF38BD950726D570
:107B3800880324D50222DA601A6822F4E0221A6047
:107B480094F84120122A7AD094F84120222A00F091
:107B5800A98094F84120022A00F0D08094F84120AE
:107B6800082AE2D15A690121204622F040625A616E
:107B780084F84110636C3BBBFFF7B4FF38BD1507B1
:107B880025D4D50735D5C80333D50125DD601A6856
:107B980022F470221A60626C42F0020262641A686F
:107BA800520779D51A68E06B22F004021A60574B25
:107BB800836505F09FFC0028B7D0636C204643F02E
:107BC8000403636484F84150FFF76EFF38BD08036F
:107BD800D7D50822DA601A68520206D51A68012138
:107BE80022F410221A6084F841102046FFF784FF1F
:107BF80038BDD00699D5CA0297D510222046DA603A
:107C0800FFF77CFF38BD9A6850078BD518460EE001
:107C1800626A127883F82020E16A20680139626A72
:107C2800E1620132816862624D077FF57BAFE26AEB
:107C3800002AEDD1036823F48023036072E71A68F1
:107C4800510709D51A68E16B22F0040209681A6025
:107C5800CB6823F00103CB600123204684F8413030
:107C6800FFF746FF38BD9A6852077FF55BAF1846A5
:107C78000EE093F82010226B1170A16B2068013977
:107C8800226BA16301328168226349077FF54AAFFD
:107C9800A26B002AEDD1CDE7204684F84150FFF7CA
:107CA80003FF38BD1A6852071DD49A6812F47C5F26
:107CB8000FD111E093F82010226B1170A16B20688E
:107CC8000139226BA16301328168226311F47C5F60
:107CD80002D0A26B002AEDD10123204684F841305E
:107CE800FFF704FF38BD1A68E16B22F00402096847
:107CF8001A60CB6823F00103CB60EDE7012320462F
:107D080084F84130FFF7F0FE38BD00BFB57A0008AF
:107D1800002800F0DE81F8B503680446D80730D59E
:107D28009F490A69896A02F03802102A00F0008126
:107D3800182A00F0F8806368B3F5803F00F02081CE
:107D4800002B00F05E81B3F5A02F954B1A6800F068
:107D58002F8222F480321A601A6822F480221A6074
:107D6800FCF7C4FC8E4E41F28837054605E0FCF767
:107D7800BDFC401BB84200F2428133689A03F6D535
:107D880023689D0700F18580D9062FD5844A136999
:107D9800926A03F03803082B00F0DA80182B00F001
:107DA800D280E3697E4D002B00F065812B6843F09B
:107DB80080032B60FCF79AFC064605E0FCF796FC6E
:107DC800801B022800F21B812B68DB05F6D5FCF727
:107DD800A5FC41F20303984200F20B826B68226A09
:107DE80023F0F84343EA82636B6023681D0716D5C6
:107DF80063696B4D002B00F01C816B6F43F001032E
:107E08006B67FCF773FC064605E0FCF76FFC801B0C
:107E1800022800F2F4806B6F9807F6D523689A065B
:107E280016D5A3695E4D002B00F014812B6843F42E
:107E380080532B60FCF75AFC064605E0FCF756FC1D
:107E4800801B022800F2DB802B689F04F6D523688C
:107E5800590700F19B80636ACBB1514D2A6902F042
:107E68003802182A6DD0022B2B6823F080732B6000
:107E780000F03981FCF73AFC044605E0FCF736FCD3
:107E8800001B022800F2BB802B689B01F6D400205F
:107E9800F8BD434A1369926A13F0380329D1404B5D
:107EA800E2681B68590701D5002A4AD03C4D2B6867
:107EB80023F0190313432B60FCF718FC064605E072
:107EC800FCF714FC801B022800F299802B685B07E2
:107ED800F6D5FCF723FC41F20303226998426B684C
:107EE80000F2F08023F47C3343EA02336B602368AA
:107EF8004AE7182B00F0E280294DE2682B68002A37
:107F080000F0CB8023F0190313432B60FCF7EEFB42
:107F1800064604E0FCF7EAFB801B02286FD82B68B2
:107F28005F07F7D5D5E701F0030102297FF403AF16
:107F38001B4A126891037FF524AF6268002A7FF418
:107F480020AF0120F8BD02F00302012A7FF429AF17
:107F5800134B1B68DA0502D5E369802BF1D1FCF7D6
:107F6800DDFB41F203030E4A9842216A00F2B38016
:107F7800536823F0F84343EA81635360236835E785
:107F8800074A136843F480331360E9E6054D2B680C
:107F980043F480732B60FCF7A9FB064609E000BF99
:107FA8000044025800480258FCF7A0FB801B6428D4
:107FB80025D82B68DA05F7D5A368012B00F02281B4
:107FC800002B00F0FD80052B954B1A6F00F02081E7
:107FD80022F001021A671A6F22F004021A67FCF7EE
:107FE80085FB8F4E41F28837054604E0FCF77EFB9F
:107FF800401BB84203D8336F9B07F7D52BE7032004
:10800800F8BD874D41F288372B6823F480332B6005
:108018002B6823F480232B60FCF768FB064604E0FA
:10802800FCF764FB801BB842E9D82B689B03F7D4A4
:10803800A6E66B6F23F001036B67FCF757FB064658
:1080480004E0FCF753FB801B0228D8D86B6F990714
:10805800F7D4E3E62B6823F480532B60FCF746FB48
:10806800064604E0FCF742FB801B0228C7D82B68B1
:108078009804F7D4EBE62B6823F080032B60FCF719
:1080880035FB064604E0FCF731FB801B0228B6D816
:108098002B68DF05F7D42368A8E623F001032B60DB
:1080A800FCF724FB064604E0FCF720FB801B0228B3
:1080B800A5D82B685807F7D4236865E690077FF49E
:1080C8001BAFECE623F0FE4343EA02636B602368D0
:1080D8005AE601207047D36823F07C5343EA0163D2
:1080E800D360236882E6FCF701FB064604E0FCF750
:1080F800FDFA801B022882D82B689901F7D4A96A57
:10810800484BA26A0B404849454E1343E26A43EA8A
:108118000213AB62D4E90D32013B013A5B0212044F
:108128009BB202F4FE021343226B013AC2F3080227
:108138001343E26B013A120602F0FE4213432B632B
:10814800EB6A23F00103EB626A6BA36C114041EA0E
:10815800C3016963EB6A226C23F00C031343EB62DF
:10816800EB6A626C23F002031343EB62EB6A43F49D
:108178008033EB62EB6A43F40033EB62EB6A43F45F
:108188008023EB62EB6A43F00103EB622B6843F058
:1081980080732B60FCF7AAFA044605E0FCF7A6FA00
:1081A800001B02283FF62BAF33689A01F6D56EE61E
:1081B80042F480221A601A6842F480321A60CFE5CD
:1081C800174D41F288372B6F23F001032B672B6F74
:1081D80023F004032B67FCF789FA064605E0FCF751
:1081E80085FA801BB8423FF60AAF2B6F9807F6D482
:1081F80031E6EB68226A23F07C5343EA0263EB60C2
:108208002368F3E5064A136F43F001031367E6E6B4
:1082180042F004021A671A6F42F001021A67DEE69A
:10822800004402580CFCFFFF0700FFFF474A136990
:1082380003F03803102B04D0182B0DD01BB1444881
:10824800704744487047136899064AD513684248EE
:10825800C3F3C103D8407047936A30B4946AD56AAF
:1082680014F47C7F516BC4F3051038D0C1F3CC01F2
:1082780005F0010503F0030305FB01F1012B07EEEF
:10828800901AB8EEE77A02D0022B2CD093B307EEFF
:10829800900A9FED325AF8EEE77A136BC5EE276A1B
:1082A800DFED2F5AC3F3080307EE903AB7EE006AE2
:1082B800F8EEE77AE7EE257A77EE867A66EEA76A31
:1082C800224B1B6BC3F34623013307EE903AB8EEFB
:1082D800E77AC6EE877AFCEEE77A17EE900A30BCAA
:1082E80070471D48704707EE900A9FED1E5AF8EE3A
:1082F800E77AD2E713689B0620D5146807EE900A40
:108308001549F7EE005A136BC4F3C104F8EEE77A87
:108318009FED135AC3F30803E14006EE903A06EEC8
:10832800101AF8EEE66AB8EEC66AE7EE056A86EE57
:10833800277A76EEA56A66EE876AC1E707EE900AA5
:108348009FED095AF8EEE77AA7E700BF0044025804
:1083580000093D000024F4000090D0030024744A72
:10836800000000390024744B0024744C002800F0ED
:108378000281874A136803F00F038B422DE9F0410D
:1083880004460D460CD2136823F00F030B43136009
:10839800136803F00F038B4202D00120BDE8F0817F
:1083A80023685F070BD57B4920698A6902F0700250
:1083B800904204D98A6922F0700202438A611E073A
:1083C8000BD574496069CA6902F07002904204D9F9
:1083D800CA6922F070020243CA61D8060BD56D49FA
:1083E800A069CA6902F4E062904204D9CA6922F419
:1083F800E0620243CA6199060BD56649E0690A6AD8
:1084080002F07002904204D90A6A22F07002024314
:108418000A629A0740F1A1805E48E168826902F029
:108428000F02914204D9826922F00F020A43826145
:10843800D80730D5574AA168936923F470630B4372
:10844800936161681368022900F09780032900F09E
:108458008E80012900F0978058079ED54D4E41F235
:108468008838336923F007030B433361FCF73EF97F
:10847800074605E0FCF73AF9C01B404500F2818049
:108488003369626803F03803B3EBC20FF2D1236893
:10849800990706D5E1683F48826902F00F028A42CF
:1084A8005FD83B490A6802F00F02AA420AD90A6853
:1084B80022F00F022A430A600A6802F00F02AA4259
:1084C8007FF46BAF5A070BD5324920698A6902F0ED
:1084D8007002904204D28A6922F0700202438A61D3
:1084E8001F070BD52B496069CA6902F070029042D8
:1084F80004D2CA6922F070020243CA61DE060BD5B3
:108508002449A069CA6902F4E062904204D2CA69A7
:1085180022F4E0620243CA619D060BD51D4AE16957
:10852800136A03F07003994204D2136A23F07003AC
:108538000B431362FFF77AFE164A03461648926900
:108548001649C2F30322825C0E2002F01F02D340B8
:10855800BDE8F0410B60FCF767B8DA073FF56AAF92
:108568009FE7826922F00F021143816199E79F0119
:108578003FF574AF11E7012070479B033FF56EAFDD
:108588000BE703200AE7DE053FF568AF05E700BF04
:108598000020005200440258B0FA00087C01002470
:1085A80008B501F095F9064B06499B69064A03F0A0
:1085B8000F03CB5C03F01F03D840106008BD00BF59
:1085C80000440258B0FA00088001002410B501F0F8
:1085D8007FF90949094A8B69094C03F00F03D35CF9
:1085E80003F01F03D8402060CB69C3F30213D35CA8
:1085F80003F01F03D84010BD00440258B0FA000829
:108608008001002410B501F063F90949094A8B6912
:10861800094C03F00F03D35C03F01F03D84020601C
:10862800CB69C3F30223D35C03F01F03D84010BD0A
:1086380000440258B0FA000880010024F8B53A4C0A
:10864800A36A03F00303032B67D0236806460F468B
:1086580023F080632360FCF749F8054604E0FCF743
:1086680045F8431B022B56D823681A01F7D4A36A8E
:10867800326823F47C3343EA0233A362D6E9023238
:10868800013B013A5B0212049BB202F4FE0213435F
:108698007268013AC2F3080213433269013A1206BA
:1086A80002F0FE421343A363E36A726923F0C00336
:1086B8001343E362E26AB36922F020021A431B4BB8
:1086C800E262E26A22F01002E262E16BF2690B40B8
:1086D80043EAC203E363E36A43F01003E362E36A35
:1086E800EFB1012F0CBF43F4801343F40013E3628E
:1086F8000D4C236843F080632360FBF7F7FF0546C2
:1087080004E0FBF7F3FF401B022804D823681B0191
:10871800F7D50020F8BD0320F8BD0120F8BD43F4CB
:108728000023E362E4E700BF004402580700FFFFAC
:10873800F8B53A4CA36A03F00303032B67D0236808
:1087480006460F4623F080532360FBF7CFFF05460C
:1087580004E0FBF7CBFF431B022B56D823689A0093
:10876800F7D4A36A326823F07C7343EA0253A36206
:10877800D6E90232013B013A5B0212049BB202F4D1
:10878800FE0213437268013AC2F3080213433269C6
:10879800013A120602F0FE4213432364E36A726947
:1087A80023F440631343E362E26AB36922F400727C
:1087B8001A431B4BE262E26A22F48072E262616C45
:1087C800F2690B4043EAC2036364E36A43F48073CB
:1087D800E362E36AEFB1012F0CBF43F4000343F0F7
:1087E8008073E3620D4C236843F080532360FBF7EA
:1087F8007DFF054604E0FBF779FF401B022804D8FB
:1088080023689B00F7D50020F8BD0320F8BD0120A0
:10881800F8BD43F48003E362E4E700BF0044025874
:108828000700FFFF2DE9F8430368044613F00066CC
:1088380022D0426EB2F5001F00F0CE8411D8002A73
:1088480000F0F884B2F5801F40F0F1840221043072
:10885800FFF7F4FE0646002E40F08684626E236819
:1088680003E0B2F5401F40F0E284A8480026016DFD
:1088780021F440110A430265DD050AD5626D042A18
:1088880006D8DFE812F0A20493049A04DF02DF029C
:108898000126354698051BD5A26D802A00F05B8419
:1088A80000F2EC80002A00F08B83402A40F0ED8033
:1088B8000021201DFFF7C2FE23680546002D40F069
:1088C80067839249A06D0A6D22F4E07202430A653B
:1088D80059051FD5D4F8A420B2F5800F00F04784BD
:1088E80000F2D680002A00F07183B2F5001F40F034
:1088F800D7800021201DFFF7A1FE23680546002D23
:1089080040F044838149D4F8A4008A6D22F46002BF
:1089180002438A651A051FD5D4F8A820B2F1007F52
:1089280000F02E8400F2BF80002A00F05583B2F1D7
:10893800807F40F0C0800021201DFFF77FFE236864
:108948000546002D40F02A837049D4F8A8008A6DA6
:1089580022F0E06202438A659F0118D5A26C202AA2
:1089680000F0DA8300F2AA803AB1102A40F0A98018
:108978006649CA6A42F40032CA62002D40F059833F
:108988006249A06CCA6C22F030020243CA64D8045F
:108998001DD5E26DB2F5005F00F0FB8300F2948014
:1089A800002A00F01F83B2F5805F40F09580002117
:1089B800201DFFF743FE23680546002D40F0EC829A
:1089C8005249E06D0A6D22F4E04202430A659904B7
:1089D8001AD5226EB2F5003F00F074837FD84AB1F1
:1089E800B2F5803F40F083800121201DFFF726FE6D
:1089F80023680546002D40F01E834449206E0A6D09
:108A080022F4E02202430A655A041BD5D4F8AC20AC
:108A1800B2F1005F00F060836CD842B1B2F1805FC0
:108A280070D10121201DFFF709FE23680546002D9E
:108A380040F003833549D4F8AC008A6D22F0E04257
:108A480002438A651F040DD5E26EB2F1805F00F023
:108A58003183B2F1005F00F00182002A00F0048245
:108A680001263546D8015DD5626C032A00F20A84D6
:108A7800DFE812F0540017034E005400C02A3FF4F8
:108A88001DAFB2F5807F3FF419AF012635461FE7C9
:108A9800B2F5C00F3FF433AFB2F5000F3FF42FAF7C
:108AA8000126354636E7B2F1407F3FF44AAFB2F1CE
:108AB800806F3FF446AF012635464DE7302A3FF434
:108AC8005CAF0126354662E7B2F5405F3FF475AF0B
:108AD800B2F5804F3FF471AF0126354677E722F4AF
:108AE8008031B1F5802F85D0B2F5403F82D0012684
:108AF800354689E722F08051B1F1804F97D0B2F125
:108B0800405F94D0012635469CE700BF00440258D8
:108B18000221201DFFF792FD23680546002D00F075
:108B28006B822E46590200F1F081DF072FD5A26F24
:108B3800282A2AD8DFE812F0D301290029002900C1
:108B480029002900290029006D032900290029008E
:108B58002900290029002900CC0129002900290021
:108B68002900290029002900D3012900290029000A
:108B78002900290029002900D301290029002900FA
:108B88002900290029002900D30101263546980724
:108B980016D5626F052A00F27883DFE812F00D001F
:108BA800300306000D000D000D00012104F1240022
:108BB800FFF7BEFD23680546002D00F025822E46EE
:108BC800590717D5D4F89020052A00F26183DFE809
:108BD80012F00D000C0306000D000D000D00012120
:108BE80004F12400FFF7A4FD23680546002D00F0DA
:108BF80013822E469A061DD5D4F88C20B2F1005F58
:108C080000F0458200F2DC804AB1B2F1805F40F0AA
:108C1800E1800021201DFFF711FD23680546002D86
:108C280040F00582A949D4F88C004A6D22F0E04250
:108C380002434A655F061DD5D4F89820B2F5006F47
:108C480000F0548200F2C9804AB1B2F5806F40F05A
:108C5800CE800021201DFFF7F1FC23680546002D7A
:108C680040F0C8819949D4F898008A6D22F4E052FE
:108C780002438A6518061DD5D4F89C20B2F5804FAA
:108C880000F03F8200F2B6804AB1B2F5005F40F0D2
:108C9800BB800021201DFFF7D1FC23680546002D6D
:108CA80040F0A6818949D4F89C008A6D22F460427C
:108CB80002438A6519070BD5D4F88010B1F5805F97
:108CC80000F03E828148426D22F440520A434265D8
:108CD800DA060BD5D4F89410B1F5807F00F0258220
:108CE8007A48826D22F440720A4382651F030ED5CA
:108CF800D4F8A010B1F5803F00F0D480B1F5003F62
:108D080000F0D780002900F0BA81012635465803C3
:108D18000FD5D4F88420B2F5001F00F0B080B2F56A
:108D2800401F00F0B380B2F5801F00F0A08101263B
:108D38003546D90309D5E26C002A00F08681B2F5E0
:108D4800803F00F02D81012635469A0000F1D2803F
:108D58009F035CD4301E18BF0120DE0206D55B4994
:108D6800256F0A6D22F000422A430A65DD0007D507
:108D78005649D4F8B4500A6922F480422A430A6159
:108D8800990206D55149A56E0A6D22F080722A43D0
:108D98000A655A0009D54D4A116921F4004111614B
:108DA8001169D4F8B85029431161002B06DA474AF3
:108DB800216DD36C23F040530B43D364BDE8F88393
:108DC80022F08051B1F1804F3FF429AFB2F1405FFA
:108DD8003FF425AF012635462CE722F48061B1F532
:108DE800805F3FF43CAFB2F5406F3FF438AF0126E7
:108DF80035463FE722F40051B1F5004F3FF44FAF3D
:108E0800B2F5C04F3FF44BAF0126354652E7E26F4B
:108E1800B2F5807F00F0228106D922F48071B1F585
:108E2800007F03D0012098E7002AFBD1002DF9D15B
:108E3800264D301E696D18BF012021F440710A4388
:108E48006A658AE73546002D40F0A4801F49606DA9
:108E58000A6D22F0070202430A651BE50121201D65
:108E6800FFF7ECFB23680546002D40F0DE8017492C
:108E7800E06E0A6D22F0405202430A65F2E50121D4
:108E880004F12400FFF754FC23680546002D40F048
:108E9800DA800E49D4F884004A6D22F44012024365
:108EA8004A6546E7022104F12400FFF741FC2368E4
:108EB8000546002D40F0C5800449D4F8A0008A6D0D
:108EC80022F4403202438A6521E700BF0044025879
:108ED800012104F12400FFF72BFC23680546002D2F
:108EE80040F0AD80AF49A06F4A6D22F038020243CE
:108EF8004A654CE6022104F12400FFF719FC2368B7
:108F080000283FF425AF012622E7A74F3B6843F42A
:108F180080733B60FBF7EAFB804606E0FBF7E6FB65
:108F2800A0EB0800642800F27E813B68DA05F5D5DD
:108F3800002D40F0A4819B4AD4F8B030116F5940FD
:108F480011F4407F0BD0116F106F21F4407140F481
:108F580080301067106F20F4803010671167B3F508
:108F6800807F00F06E8103F44072B2F5407F00F01C
:108F78007C818C490A6922F47C520A61894AC3F3CC
:108F88000B03116F0B4313672368CEE52E46C1E42C
:108F98002E469DE42E467DE42E4618E52E46DBE45B
:108FA8000221201DFFF74AFB05462368002D53D1F7
:108FB8007C49E06CCA6C22F480320243CA64C4E67D
:108FC8007849CA6A42F40032CA6277E47549CA6AC3
:108FD80042F40032CA6292E47249CA6A42F4003228
:108FE800CA62AEE46F49CA6A42F40032CA62E4E473
:108FF8002E465FE62E463DE66A49606CCA6C22F052
:1090080003020243CA648DE56649606F4A6D22F027
:10901800070202434A65D3E56249D4F890008A6D95
:1090280022F0070202438A65E4E52E461AE52E4639
:1090380000E62E46ABE42E46E6E42E4602E52E4632
:10904800A5E52E4663E62E4673E65649CA6A42F4FB
:109058000032CA62002DABD02E4676E65148C16A6E
:1090680041F40031C162002D7FF4DCAEE0E64D49E9
:10907800CA6A42F40032CA62002DE4D109E7201D11
:10908800FFF7DCFA05462368002DDAD114E7022140
:1090980004F12400FFF74CFB05462368002DC6D1D8
:1090A800C0E54049CA6A42F40032CA62002D7FF422
:1090B80038ADA1E73B49CA6A42F40032CA62002DC2
:1090C800B3D1D4E6012104F12400FFF731FB0546B2
:1090D8002368002DAFD190E4012104F12400FFF7AB
:1090E80027FB05462368002DA7D1A3E4022104F13C
:1090F8002400FFF71DFB05462368002D7FF47AAF97
:10910800B0E5022104F12400FFF712FB05462368AD
:10911800002D7FF46DAFC5E50221201DFFF78EFA03
:1091280005462368002D84D12AE4022104F1240095
:10913800FFF7FEFA236800283FF4D8AD0126D5E5ED
:10914800022104F12400FFF7F3FA236800283FF412
:10915800BFAD0126BCE5002104F12400FFF7E8FAC1
:1091680023680546FFF7AABB2368FFF785BB0021E4
:1091780004F12400FFF7DCFA23680546FFF7BFBBBC
:10918800002104F12400FFF7D3FA23680546FFF70E
:10919800D8BB002104F12400FFF7CAFA236805466A
:1091A8000BE400BF00440258004802580021201D6B
:1091B800FFF744FA2368054645E6002104F1240038
:1091C800FFF7B6FA236805463DE633493546CA6ACD
:1091D80042F40032CA6236E602212430FFF7A8FAC8
:1091E8000646002E3FF43AABBEE70121201DFFF7EB
:1091F80025FA05462368002D7FF4FBAC0CE7012116
:10920800201DFFF71BFA05462368002D7FF4D7AC15
:10921800FAE60121201DFFF711FA05462368002D03
:109228007FF40DAF5EE60326236835467DE401260C
:10923800FFF722BB1848C16A41F40031C162FFF749
:1092480014BBFBF753FADFF85080074641F2883920
:1092580004E0FBF74BFAC01B4845E4D8D8F8703057
:109268009B07F6D5D4F8B0307DE60B480B4A016968
:1092780002EA131221F47C510A4302617EE6236854
:109288002E4652E4012635464CE40126354697E43D
:1092980001263546AEE400BF00440258CFFFFF0068
:1092A80008B5FFF77DF9054B054A1B6AC3F302139E
:1092B800D35C03F01F03D84008BD00BF0044025828
:1092C800B0FA0008584B70B4996A9D6ADE6A15F4C2
:1092D8007C3FC5F30532DC6B5CD0C4F3CC0406F0EC
:1092E800100601F0030106FB04F4012907EE904A79
:1092F800B8EEE77A03D0022975D000294FD007EEDF
:10930800902ADFED4A6AF8EEE77A9B6B86EEA76A49
:109318009FED475AC3F3080306EE903AF7EE005A5A
:10932800F8EEE66AE7EE056A76EEA56A66EE266A64
:109338003D4AB7EE006A936BC3F3462307EE103A33
:10934800B8EEC77A70BC37EE067AC6EE877AFCEEBE
:10935800E77AC0ED007A936BC3F3064307EE103A41
:10936800B8EEC77A37EE067AC6EE877AFCEEE77A69
:10937800C0ED017A936BC3F3066307EE903AF8EEFB
:10938800E77A77EE867A86EEA77ABCEEC77A80ED22
:10939800027A704770BCC0E9002282607047196881
:1093A800890627D51C6807EE902A2249F7EE005A4D
:1093B8009B6BC4F3C102F8EEE77A9FED1D5AC3F325
:1093C8000803D14006EE903A06EE101AF8EEE66A67
:1093D800B8EEC66AE7EE056A86EE277A76EEA56AE3
:1093E80066EE876AA4E707EE902ADFED136AF8EEC7
:1093F800E77A8AE707EE902A9FED105A9B6BB7EE43
:10940800006AF8EEE77ADFED0A5AC3F30803C5EEFF
:10941800276A07EE903AF8EEE77AE7EE257A77EED4
:10942800867A66EEA76A83E7004402580024744AE5
:10943800000000390090D0030024744B0024744CC1
:10944800584B70B4996A9D6ADE6A15F07C7FC5F343
:1094580005525C6C5CD0C4F3CC0406F4807601F051
:10946800030106FB04F4012907EE904AB8EEE77AF7
:1094780003D0022975D000294FD007EE902ADFEDDE
:109488004A6AF8EEE77A1B6C86EEA76A9FED475AA0
:10949800C3F3080306EE903AF7EE005AF8EEE66AD0
:1094A800E7EE056A76EEA56A66EE266A3D4AB7EEED
:1094B800006A136CC3F3462307EE103AB8EEC77A76
:1094C80070BC37EE067AC6EE877AFCEEE77AC0ED16
:1094D800007A136CC3F3064307EE103AB8EEC77A66
:1094E80037EE067AC6EE877AFCEEE77AC0ED017AA7
:1094F800136CC3F3066307EE903AF8EEE77A77EE5B
:10950800867A86EEA77ABCEEC77A80ED027A704733
:1095180070BCC0E90022826070471968890627D5A7
:109528001C6807EE902A2249F7EE005A1B6CC4F318
:10953800C102F8EEE77A9FED1D5AC3F30803D14044
:1095480006EE903A06EE101AF8EEE66AB8EEC66A2B
:10955800E7EE056A86EE277A76EEA56A66EE876AF2
:10956800A4E707EE902ADFED136AF8EEE77A8AE7B8
:1095780007EE902A9FED105A1B6CB7EE006AF8EEC2
:10958800E77ADFED0A5AC3F30803C5EE276A07EE48
:10959800903AF8EEE77AE7EE257A77EE867A66EE85
:1095A800A76A83E7004402580024744A000000397F
:1095B8000090D0030024744B0024744C584B70B4B2
:1095C800996A9D6ADE6A15F47C7FC5F305125C6BA7
:1095D8005CD0C4F3CC0406F0010601F0030106FBDD
:1095E80004F4012907EE904AB8EEE77A03D002297D
:1095F80075D000294FD007EE902ADFED4A6AF8EEC1
:10960800E77A1B6B86EEA76A9FED475AC3F30803F8
:1096180006EE903AF7EE005AF8EEE66AE7EE056ACB
:1096280076EEA56A66EE266A3D4AB7EE006A136BC7
:10963800C3F3462307EE103AB8EEC77A70BC37EE8C
:10964800067AC6EE877AFCEEE77AC0ED007A136BED
:10965800C3F3064307EE103AB8EEC77A37EE067A38
:10966800C6EE877AFCEEE77AC0ED017A136BC3F396
:10967800066307EE903AF8EEE77A77EE867A86EE9A
:10968800A77ABCEEC77A80ED027A704770BCC0E951
:109698000022826070471968890627D51C6807EE82
:1096A800902A2249F7EE005A1B6BC4F3C102F8EE68
:1096B800E77A9FED1D5AC3F30803D14006EE903AAE
:1096C80006EE101AF8EEE66AB8EEC66AE7EE056A24
:1096D80086EE277A76EEA56A66EE876AA4E707EE35
:1096E800902ADFED136AF8EEE77A8AE707EE902A08
:1096F8009FED105A1B6BB7EE006AF8EEE77ADFEDC4
:109708000A5AC3F30803C5EE276A07EE903AF8EE43
:10971800E77AE7EE257A77EE867A66EEA76A83E738
:10972800004402580024744A000000390090D00315
:109738000024744B0024744CB0F5807F00B585B0CC
:1097480048D0B0F5007F11D0B0F5806F00F082806E
:10975800B0F5006F52D0B0F5805F2CD0B0F5002F77
:1097680000F09680002005B05DF804FB534A136DA5
:1097780003F4E073802B59D012D9C02B26D0B3F54F
:10978800807FEFD1D36C13F040535BD0B3F1805F8F
:1097980000F08D80B3F1005F494818BF0020E2E770
:1097A800002B3CD0402BDDD101A8FFF78BFD0198A1
:1097B80005B05DF804FB414A136D03F4E043B3F5CB
:1097C800005F33D029D9B3F5405F58D13D4805B083
:1097D8005DF804FB394B1B6D03F00703042BC1D85C
:1097E80001A252F823F000BF27980008B19700089B
:1097F80035980008D5970008439800082F4A936DBC
:1098080003F0E063B3F1007F10D01DD9B3F1407FBE
:10981800DCD0B3F1806FB5D0A4E7002B34D101A818
:10982800FFF7CCFE029805B05DF804FB01A8FFF72E
:1098380007FE019805B05DF804FB204BDB6C13F0C4
:109848004053A3D120488EE7002BE8D0B3F1807FA6
:10985800AAD087E7194A936D03F46003B3F5800F24
:10986800E4D005D8002BDAD0B3F5001F9CD079E7F7
:10987800B3F5C00FAAD0B3F5000F83D072E7B3F5E4
:10988800804F3FF47FAF6DE7B3F5805F8CD069E719
:109898000A4A936D03F44033B3F5803F09D0B3F51A
:1098A800003F3FF46FAF002B7FF45CAF7CE70748C5
:1098B80059E701A8FFF7C4FD039854E7004402588C
:1098C8000024F4000080BB000090D00300093D0094
:1098D80008B5FEF7ABFC064B06499B69064AC3F37D
:1098E8000323CB5C03F01F03D840106008BD00BF02
:1098F80000440258B0FA00087C010024F8B5016859
:109908000546AC4B99421FD0203399421CD003F531
:109918007873994258D02033994255D003F578731B
:10992800994200F01E812033994200F01A8195F87F
:109938009130A14E03F0FF026BB9284685F89020BC
:10994800F9F7D8F8296806E09C4E95F8913003F0AD
:10995800FF02002BF1D09A4B9A4A1B68A2FB032303
:109968000A681B0B22F480329B000A6023B30C6840
:10997800013B14F48034F9D1022385F89130EB6867
:10998800012B00F01081022B15BF03202320022792
:10999800222715BF4FF0010C4FF0210C0022202286
:1099A800AB68013B042B00F24B81DFE813F0CF00DA
:1099B8001000D6000F00D200D5F89430012043F0F3
:1099C8004003C5F89430F8BD7F4EBEE73A464FF4E1
:1099D80000672B6A3260002B44D0764B994200F026
:1099E8001E817A48081AB0FA80F04009002840F031
:1099F8001681774B994200F00C812033994200F090
:109A08000881744B994200F0FE802033994200F09F
:109A1800FA80714B994200F00881704B994200F02E
:109A28000A81AB6900EB8000B3F5002F4FEA4003D1
:109A380000F0E280AA6A296AB2F1806F0CBF0222A4
:109A4800012201FB02F21202B3FBF2F3644AA2FB09
:109A58000312D20802EB8201A3EB4103092B08BFD2
:109A680001326A626B6833F002032B6D40F0968016
:109A7800012B14BF4FF400740024FAF74FFE696CF1
:109A8800B0F5005FD5E9003242EA0102A96C42EA6A
:109A98000102E96C42EA0102E96A42EA01026969E3
:109AA80042EA010272D3A96918680A43A96A0A43FB
:109AB8004C490140196029690A4319680A43696ACF
:109AC80042EA015248493A4322431A605A68286BCD
:109AD8001140EA690243686B5960024359680A43B6
:109AE80042495A609A6811406A6E9960E96D9868AF
:109AF8000A43296E0A43696D01390A43A96D013980
:109B080042EA012202434FF220009A60D968AA6E05
:109B18000140D960E96ED8680A43696F42EA014298
:109B2800296F013942EA0122224902438B42DA6055
:109B380019D0294A934216D000230122C5F894303F
:109B4800184685F8903085F89120F8BD4FF4806765
:109B58003FE702464FF400673BE762464FF4006771
:109B680037E7234EF1E6736C23F00103736495F82D
:109B78003830012BE0D1D5E90F23013A43EA02132B
:109B88007364736C43F001037364D5E7A9691868BB
:109B98000A43184901401960A96A8DE7012B08BFDB
:109BA8004FF4007469E7132012274FF0110C1022AC
:109BB800F6E600BF04580140005400580058014020
:109BC8007C0100241BECCB95005C0140245801402B
:109BD800045C0140046001400454005824540058B7
:109BE800CDCCCCCC10C005F0F01FFFFF0080F8FFF3
:109BF8000060014010C005F82A6A696D01FB02F295
:109C0800B3FBF2F322E74FF40070FFF795FD2968E4
:109C1800FFE64FF40070FFF78FFD2968F1E64FF477
:109C28008070FFF789FD2968E3E64FF48060FFF74D
:109C380083FD2968F1E64FF40060FFF77DFDF0E64B
:109C48000027C6E6022938B5044635D9C81E0128BA
:109C580030D8002023676064E064E065A0664FF6B2
:109C6800FF706067606830F002000CBF01250025B6
:109C780004294FF4003125650CBF01200D20216611
:109C88004FF48021A0656166032A13D8DFE802F04B
:109C9800474E54362368484A934205D002F1C052D1
:109CA800A2F58232934205D16368012B02D1636C1D
:109CB800002B2FD0012038BD002023676064E064AA
:109CC800A066606830F0020014BF01200020206503
:109CD8004FF48030E0654FF6FF70606713F00100C5
:109CE800E8D14D1E012D29D860664FF4003020665A
:109CF800032ADFD8DFE802F05546362CE0215B0165
:109D08008022A1646365E266FAF708FD94F83830AA
:109D1800012BBFD02046BDE83840FFF7EFBD8021BA
:109D28001B014022A1646365E266EDE780225B01C6
:109D3800A2646365E266E7E7C021E0E720664FF4C6
:109D480080206066032AB5D8DFE802F02B1C0C02DD
:109D58005B08E02080219A01A0645B01E166C4E908
:109D68001523D1E75B08C022802502294FEA83101A
:109D7800A2644FEA4313E5666065A365C4D108236E
:109D8800A366C1E75B08802202294FEA8310A26418
:109D98004FEA4313E266C4E91503B5D11023A3665D
:109DA800B2E75B08802040215A01A0641B01E166EC
:109DB800C4E91523A8E700BF0458014018B338B513
:109DC80090F82C3004460D4603F0FF02B3B121464B
:109DD800022384F82C3051F8040B00F073FF6268FA
:109DE8002946206800F0ACFF084A012100201368CA
:109DF80043F00043136084F82C1038BD80F82D2000
:109E0800F7F76EFDE3E70120704700BF00400052FE
:109E180070B590F82C300446022BD8B204D000F06C
:109E2800FB06012E01D0012070BD02230D462068DB
:109E380084F82C3000F0D0FF2B68022B03D00020D0
:109E480084F82C6070BD0523002084F82C3070BD88
:109E580038B590F82C300446022BD8B205D094F8C7
:109E68002C30012BDDB201D0012038BD022320683F
:109E780084F82C3000F0C4FF002084F82C5038BD42
:109E880003682C495A6910B49C6944F008049C6121
:109E98009C6944F010049C611C6824F001041C6057
:109EA8001C6921401961996821F44041996090F832
:109EB8008110042901D0910630D490F8811003292B
:109EC80001D054061FD4910509D5D0F8841041F06B
:109ED8000101C0F88410996941F400719961D205B3
:109EE80009D5D0F8842042F00802C0F884209A6985
:109EF80042F480729A6100235DF8044BA0F8623046
:109F0800A0F86A307047D0F8841041F00401C0F816
:109F18008410996941F040019961D4E7D0F8841020
:109F280041F08001C0F88410996941F020019961DD
:109F3800C3E700BF90FCFFFF002800F0A480026880
:109F48000021F8B5514B044681629A4216D0A3F518
:109F580078439A4212D003F58063C0689A4200F0B1
:109F68008A800F2808D8E16B00F108034D09DB0847
:109F780005FB0333082B15D90120F8BDE068E16B18
:109F880000F10803414E4D09DB0805FB0333404D42
:109F9800AA4218BFB24203D005F58065AA4201D192
:109FA800102BE9D894F8813003F0FF05002B58D026
:109FB800002702236568A66B84F88130136823F0B4
:109FC80001031360A369B3F1806F3ED03943676B17
:109FD8003B43676A3B4327693B4367693B43276ABF
:109FE8003B43E76C3B43A7683B43A76C3B43A76DE8
:109FF8003B432B433343E669314308439060D360C6
:10A00800B5B9936823F4C05343F40063936093682D
:10A0180023F4C06343F480639360136D23F001035A
:10A02800136500200123C4F8840084F88130F8BD4A
:10A03800136D23F0010313656B02F2D5D368616DCC
:10A0480023F000430B43D360EBE7B5F5800FBDD198
:10A05800002EBBD1D2F800C04CF4805CC2F800C01E
:10A06800B4E7204684F88050F9F7F8F92268A76A1F
:10A07800E16BE0689DE7E16B00F108034D09DB083F
:10A0880005FB03338CE70120704700BF0030014017
:10A09800003800402DE9F8431D4690F88030012B28
:10A0A8007FD0012304468946904680F88030FAF72D
:10A0B8001DFB94F881300646012BDFB26AD1B9F155
:10A0C800000F00F0F880B8FA88F35B09B8F1000FC8
:10A0D80000F0F18003226366A4F8683084F88120D8
:10A0E800C4F88430A4F86280A4F86A302168C4F8FF
:10A0F8005C90A4F86080C4E91C33A368B3F5C02F52
:10A1080003D10B6843F400630B604A68A54B134006
:10A1180043EA08034B600B6843F001030B60636874
:10A12800B3F5800F03D10B6843F400730B60E36849
:10A138000F2B75D8072BB4F862309BB252D9002B7D
:10A1480000F01481CDB9D4E0B4F862309BB2012B91
:10A1580040F2E680E36B002B00F0E280E26D52F8FB
:10A16800043B0B62B4F86230E265023B9BB2A4F890
:10A178006230B4F862309BB203B34B699807E3D4FA
:10A18800FAF7B4FA801B854202D8691C40F0818036
:10A198002168EEE70023022784F880303846BDE8BE
:10A1A800F88302273846BDE8F883FAF79FFA801B40
:10A1B800854202D86A1C40F0E28021684B69190781
:10A1C800F3D52046FFF75CFE0122002384F88120A6
:10A1D800D4F8847084F88030FF1A18BF01273846F5
:10A1E800BDE8F883002B00F0C1804B699B0740F164
:10A1F800B280B4F862309BB2032B7ED9E36B402B5C
:10A208007BD9E36D53F8042B0A62E365B4F8623036
:10A21800043B9BB2A4F86230B4F862309BB2E1E729
:10A22800B4F862309BB2002B00F0A08085B92BE017
:10A23800E36D53F8042B0A62B4F86220E365013A2F
:10A2480092B2A4F86220B4F862309BB2002BB5D069
:10A258004B699A07ECD4FAF749FA801B854201D872
:10A268006B1C16D12168EEE7E26D52F8043B0B62D5
:10A27800B4F86230E265013B9BB2A4F86230B4F8EE
:10A2880062309BB2002B74D04B699D07ECD4FAF76F
:10A298002DFA2046FFF7F4FDD4F88430002101227E
:10A2A80043F48073384684F88010C4F8843084F806
:10A2B8008120BDE8F8830023384684F88030BDE863
:10A2C800F883B4F862309BB2012B5FD9E36B002BA3
:10A2D8005CD0E26D52F8043B0B62B4F86230E26580
:10A2E800023B9BB2A4F86230B4F862309BB2002BF8
:10A2F8003FD04B699A07CAD5E3E7B4F862309BB2FE
:10A30800012B19D9E36BBBB1E36D33F8022B0A8437
:10A31800E365B4F86230023B9BB2A4F862307BE795
:10A32800E26D32F8023B0B84B4F86230E265013B1F
:10A338009BB2A4F862301CE7E36D1B7881F82030EB
:10A34800E36D21680133E365B4F86230013B9BB2E9
:10A35800A4F8623060E7FAF7C9F9801BA84201D374
:10A36800681C96D1002D94D0216855E7002D7FF404
:10A3780025AF4B691B073FF524AFFAF7B7F9D4F8B7
:10A38800843043F02003C4F884301AE7E26D32F8D1
:10A39800023B0B84B4F86230E265013B9BB2A4F83F
:10A3A8006230A1E70000FFFFF8B590F88030012B7C
:10A3B80000F08C8090F88130154601220446DEB208
:10A3C800934280F880206AD1002963D0B5FA85F3DA
:10A3D8005B09002D5ED003224366A0F8683080F840
:10A3E8008120C0F88430A0F86250A0F86A30C165B6
:10A3F800A0F86050C0E91C338368B3F5C02F04D1BE
:10A408000268136843F400631360E368A06F0F2BBE
:10A418004BD98369B3F5804F3CD122683A4B3B4F07
:10A428002032036452F8183CC763394F23F40043C1
:10A43800C7640027076542F8183CB4F862309BB23D
:10A44800FAF7F4FC002844D1A36F324ADB69B3F56C
:10A45800807F2368596802EA010218BF2A435A60BC
:10A468009A68616842F40042B1F5800F9A601A69EF
:10A4780042F448721A611A6842F001021A6003D164
:10A488001A6842F400721A6000231E4684F880306D
:10A498003046F8BD002384F880303046F8BD0023EC
:10A4A800022680F880303046F8BD072B83691AD819
:10A4B800B3F5005F20D0B3F5804FAED1B4F8623069
:10A4C8009BB203339B08A4F86230A6E70226304605
:10A4D800F8BDD4F88430012243F01003C4F8843066
:10A4E80084F88120D9E7B3F5804F05D0B3F5005F34
:10A4F800D0D1B3F5804F90D1B4F862309BB201331C
:10A508005B08A4F8623088E769A90008EDA800088C
:10A5180095A900080000FFFF70B51D4690F880302F
:10A52800012B00F0B9800123044680F8803090F8B0
:10A5380081304068DBB2B0F5800F7DD0012B40F050
:10A548008580002D18BF002A71D000296FD094F89B
:10A558008130042B02D0052384F881300023E16583
:10A568002168C4F88430A4F86250A4F86A50A4F8AA
:10A5780060506266A4F86850C4E91C338B6823F401
:10A5880040438B60E3680F2B65D9E06F8369B3F5AF
:10A59800804F4CD194F88130042B00F08A805E4BB8
:10A5A80003645E4BC3635E4E3031B4F86A30C664F0
:10A5B80000269BB20665FAF739FC00286ED122689E
:10A5C800A16F9368203243F4804342F8183CB4F8F2
:10A5D8006230C1E90F00C1E913009BB20846E16D82
:10A5E800FAF724FC002859D1A36FDB69B3F5807F03
:10A5F800236863D059684B4A0A402A435A609A68CC
:10A60800616842F40042B1F5800F9A601A6942F419
:10A6180058721A611A6842F001021A6003D11A6866
:10A6280042F400721A60002384F8803070BD002361
:10A63800012084F8803070BDA06800287FF47EAFC8
:10A64800042B3FF47EAF012B3FF47BAF00230220A5
:10A6580084F8803070BD072B35D8A36F9B69B3F59C
:10A66800005F50D0B3F5804F06D1B4F862309BB28A
:10A6780003339B08A4F86230E06F8369B3F5005F89
:10A6880039D0B3F5804F85D1B4F86A309BB2033323
:10A698009B08A4F86A307DE7022070BDD4F88430A6
:10A6A800012243F010031046C4F8843084F8812056
:10A6B80070BD1D4B03641D4BC36374E75968194A89
:10A6C8000A405A609BE7E06F8369B3F5005F02D0E8
:10A6D800B3F5804FABD1A66FB669B6F5804F06D1FA
:10A6E800B4F86260B6B201367608A4F86260B3F5D1
:10A6F800804F7FF44FAFB4F86A309BB201335B08E8
:10A70800A4F86A3046E7B4F862309BB201335B08BC
:10A71800A4F86230B0E700BF89A900083DA9000885
:10A7280095A900080000FFFF79A9000815A90008ED
:10A738002DE9F0411546826804460E4622B9436861
:10A74800B3F5800F00F0958094F88030012B00F06D
:10A758009980012384F8803094F88130012BDFB28E
:10A7680069D1002E61D0B5FA85F35B09002D5CD064
:10A778000421B2F5C02F666684F88110A4F86850E9
:10A78800C4F88430A4F86030A4F86A50A4F86230A1
:10A79800C4E91C3304D12268136823F400631360EE
:10A7A800E3680F2B4ED9E06F8369B3F5804F3CD136
:10A7B80021688B6823F480438B603246454EB4F899
:10A7C8006A3030310664444E9BB2C663434EC66459
:10A7D80000260665FAF72AFB002857D1E36F404A9E
:10A7E800DB69B3F5807F2368596802EA010218BF64
:10A7F8002A435A609A68616842F48042B1F5800F32
:10A808009A601A6942F450721A611A6842F0010299
:10A818001A6003D11A6842F400721A6000231F46B6
:10A8280084F880303846BDE8F081002384F8803011
:10A838003846BDE8F0810023022784F88030384686
:10A84800BDE8F081072B2BD82168E06F8B6823F4D3
:10A8580080438B608369B3F5005F32D0B3F5804FD6
:10A86800ABD1B4F86A309BB203339B08A4F86A30C2
:10A87800A3E72B4604250A4680F88150BDE8F0413D
:10A88800FFF74ABE02273846BDE8F081D4F8843085
:10A89800012243F01003C4F8843084F88120C7E70C
:10A8A800E06F8269B2F5804F02D0B2F5005FBCD18B
:10A8B8002168B2F5804F8B6823F480438B607FF466
:10A8C8007CAFB4F86A309BB201335B08A4F86A30F5
:10A8D80073E700BF79A9000815A9000895A9000821
:10A8E8000000FFFF806B08B590F88130072B09D076
:10A8F800836FDB69B3F5807F05D00268136943F085
:10A908000803136108BDF8F711FF08BD806B08B58F
:10A9180090F88130072B09D0C36FDB69B3F5807FCE
:10A9280005D00268136943F00803136108BDF8F7FE
:10A938005FFF08BD806B08B590F88130072B09D000
:10A94800836FDB69B3F5807F05D00268136943F034
:10A958000803136108BDF8F7ADFF08BD704700BFD5
:10A96800806B08B5FFF7FAFF08BD00BF704700BF4E
:10A97800806B08B5FFF7FAFF08BD00BF704700BF3E
:10A98800806B08B5FFF7FAFF08BD00BF10B5846BF0
:10A99800FAF756FF022800D110BD236830495A69DA
:10A9A800986940F008009861986940F01000986133
:10A9B800186820F001001860186901401961996849
:10A9C80021F44041996094F88110042901D091063E
:10A9D8003AD494F88110032901D0500629D491055E
:10A9E80009D5D4F8841041F00101C4F8841099699C
:10A9F80041F400719961D20509D5D4F8842042F058
:10AA08000802C4F884209A6942F480729A6100238B
:10AA180001222046A4F86230A4F86A30D4F88430C1
:10AA280043F01003C4F8843084F88120F8F7A4FFB9
:10AA380010BDD4F8841041F00401C4F88410996959
:10AA480041F040019961CAE7D4F8841041F08001CF
:10AA5800C4F88410996941F020019961B9E700BFF1
:10AA680090FCFFFF036819695A692DE9F04101EA72
:10AA780002059F68044690F8816005F0640CBCF1FB
:10AA8800040F2FD005F04500012834D005F026002A
:10AA9800022800F0DF80280770D59A6917F4404F24
:10AAA800F6B242F008029A619A6942F010029A617D
:10AAB8009A6942F400629A611A6922F008021A61DE
:10AAC80023D0042E00F0DE80A26FD269EAB1032EF3
:10AAD80050D0E26FD269C2B1052E14D12046F8F7E2
:10AAE800E9FE10E0436F9847236F2046984705F02A
:10AAF8004503012B02D1236F2046984705F0260510
:10AB0800022D00F0A780BDE8F0819A6812F4404F4A
:10AB18001FD1B4F86A2092B2DAB1626E0EE01B6BF4
:10AB280042F8043B6266B4F86A30013B9BB2A4F871
:10AB38006A30B4F86A309BB25BB12368E1680F29C8
:10AB4800EDD8072940F292801B8E22F8023B6266FC
:10AB5800E9E72046FFF794F9012384F88130D4F817
:10AB68008430002B7FD1052EB8D0042E00F08F80C2
:10AB7800032EC8D12046F8F7D9FDC4E7100501D542
:10AB88000A077AD415F4587FBDD06E0609D5D4F8D3
:10AB9800842042F00402C4F884209A6942F04002FA
:10ABA8009A61A80509D5D4F8842042F00102C4F8B6
:10ABB80084209A6942F400729A61E90509D5D4F8AB
:10ABC800842042F00802C4F884209A6942F4807212
:10ABD8009A61AA0609D5D4F8842042F08002C4F804
:10ABE80084209A6942F020029A61D4F88420002ACD
:10ABF80089D0196807F44047274A21F00101B7F5C1
:10AC0800404F1960196902EA01021A6127D19A684E
:10AC1800E06F22F440429A6050B1204B0365FAF786
:10AC280025FA28B1D4F8843043F04003C4F88430BE
:10AC3800A06F00283FF467AF184B0365FAF716FAC0
:10AC480000283FF460AFD4F8843043F04003C4F8E0
:10AC5800843058E7636F2046BDE8F0411847012368
:10AC6800204684F88130F8F787FE4CE793F83030B7
:10AC78001370626E0132626655E79A6942F40062A7
:10AC88009A6140E7E26FD269002A3FF43EAF20465E
:10AC9800F8F7AEFD37E700BF94FCFFFFA9AC00084A
:10ACA80008B5806B00230122A0F86A30A0F8623052
:10ACB80080F88120F8F760FE08BD00BF90F8810099
:10ACC800704700BF0B6810B4D3B90468A3F50043FC
:10ACD8004A6823401343D1E9024223431343D1E98D
:10ACE800044223431343D1E9064223431343D1E9E2
:10ACF800084223435DF8044B134303600020704768
:10AD08000268D1E9074322F4F84222434C6A1A4305
:10AD18000A4B2243026042681340D1E901422343AF
:10AD28001343D1E9034223431343D1E905422343A3
:10AD38005DF8044B13434360002070470080FFFF19
:10AD480030B40ABB8368D1E9002403F07043013CA6
:10AD5800013A43EA04131343D1E90224013A013CBE
:10AD680043EA022343EA0432D1E904348969013B06
:10AD7800013C013942EA034343EA045343EA0163CD
:10AD880030BC8360002070478268CC68114B013C5E
:10AD980013404A6943EA0433541E43EA0454D1E990
:10ADA80000258460C3686C1E013A03F0704343EACF
:10ADB80004130C691A438B68013C8969013B01390A
:10ADC80042EA032343EA044343EA016330BCC36015
:10ADD80000207047FF0F0FFF0246D1E9003010B482
:10ADE80003431469D1E9021023435DF8044B013988
:10ADF80043EA4023002043EA41131361704700BF30
:10AE08000246054B002010B4546923405DF8044BFA
:10AE180043EA41015161704701C0FFFF022A82B035
:10AE2800844613D009230193DCF80C30002023F466
:10AE38007053CCF80C30019BDCF80C209B0203F417
:10AE480070531343CCF80C3002B07047224B234A9E
:10AE58000B44934207D9224B224A0B44934205D80C
:10AE68000E230193E0E70F230193DDE71E4B1F4AF2
:10AE78000B44934207D91E4B1E4A0B44934205D2FA
:10AE88000C230193D0E70D230193CDE71A4B1B4AFE
:10AE98000B44934202D80B230193C5E7184B194A78
:10AEA8000B44934202D20A230193BDE7164B174A7B
:10AEB8000B449342B6D3164B164A0B44934202D224
:10AEC80008230193B0E7144B144A0B44934234BF50
:10AED800072306230193A7E7405327FFFF340C00FD
:10AEE800401E1BFF3F420F0000DC0BFF7F4F12008C
:10AEF800808CF9FE20D6130060B6E5FE5FE31600ED
:10AF080000D3CEFE40771B00C05BB3FEC09121008A
:10AF180000CA91FE20753800E05459FEE09C4100BB
:10AF2800890182B000230A4A41F02001019301619E
:10AF380003E0036913F0200307D0019B0133934218
:10AF48000193F6D9032002B07047184602B0704743
:10AF5800400D0300D0F8083882B003F006030193CF
:10AF6800019838B10198022804D0019B062B0CBF28
:10AF780002200F2002B0704730B44B780A78012BBA
:10AF880020D002F00F0C4FF48033D0F81C4800EBAF
:10AF9800421203FA0CF32343C0F81C38D2F8003BE2
:10AFA8001B040CD48B68D2F8004BC3F30A03C8788F
:10AFB8001449234343EA80431943C2F8001B002085
:10AFC80030BC704700F5006402F00F0500EB42103A
:10AFD800AB40E5692B43E361D0F800391C04EED49B
:10AFE8008B68D0F80059C3F30A03CC7805492B4382
:10AFF80043EA844343EA8252114330BCC0F8001943
:10B0080000207047008000102DE9F0414B7891F83E
:10B0180000C0012B51D000EB4C1C844CDCF8105BB9
:10B028000CF530632C401C61814C1D692C401C615F
:10B038004C6984B38D68012A7E4E2C4404F1FF3498
:10B04800B4FBF5F406EAC44EA4B205FB04F41D698A
:10B058004EEA0505C4F312041D611D6944EA05049E
:10B068001C6125D0CB78012B0CD1D0F8083813F40B
:10B07800807FDCF8003B0CBF43F0005343F0805363
:10B08800CCF8003BDCF8003B43F00443CCF8003B31
:10B098000020BDE8F0818C68012A1D69C4F3120400
:10B0A80044EA05041C611C6944F400241C61D9D1DC
:10B0B800CA68002AD6D05A61D4E74D69002D3DD020
:10B0C80000EB4C14594ED1F808E0D4F81089584FC9
:10B0D80008EA0606C4F8106905EB0E06013EB6FB41
:10B0E800FEFED4F810693740524EC4F8107906EACB
:10B0F800CE46D4F810793E43C4F81069C5F3120659
:10B10800D4F810793E43C4F8106904F5106691F834
:10B1180003E0BEF1010F57D0012A72D0D4F80029FC
:10B128000CF00F0C42F0044203FA0CF3C4F80029A7
:10B13800D0F834281343C0F83438A9E700EB4C138F
:10B148003B4E3A4C012AD3F8107906EA0706C3F8B1
:10B158001069D3F8106946F40026C3F81069D3F8CB
:10B16800106904EA060403F51066C3F8104991F85B
:10B1780003E03AD0D3F80049BEF1010F44F004448B
:10B18800C3F8004984D1D0F8083813F4807F3368B5
:10B198000CBF43F0005343F080533360002A7FF420
:10B1A80077AFADB20335AD083FF472AFCB6800EBB3
:10B1B8000C3C03EB85010CF5805C53F8042B8B42A7
:10B1C800CCF80020F9D163E73369012A23F0C043A2
:10B1D8003361336943F00053336117D0D4F8003931
:10B1E80043F00443C4F80039CDE70B6963B9BEF1F5
:10B1F800010F0ED03368002043F004433360BDE8EC
:10B20800F0810B69002BF5D07361F0E70B69002B17
:10B21800FAD1D0F8083813F4807F33680CBF43F0B4
:10B22800005343F080533360E4E700BF0000F8FFA9
:10B23800FFFF07E00000F81FF0B54C780B78012CF1
:10B2480026D000EB4310574CD0F8105B00F5306364
:10B258002C401C61544C1D692C401C614C69A4B9DC
:10B268008C681D69C4F31204012A45F400251D6188
:10B278001D6944EA05041C6149D0D0F8003B43F03D
:10B288000443C0F8003B0020F0BD8C684C61E8E73F
:10B298004C69002C40D000EB4315424FD1F808E030
:10B2A800D5F810C9404E74450CEA070705F5106C2F
:10B2B800C5F81079D5F8107906EA0706C5F81069B7
:10B2C80058D9DCF81040012AC1F814E044F40024ED
:10B2D800CCF81040CEF31204DCF8106044EA0604FF
:10B2E800CCF810403AD0D5F8002942F00442C5F80D
:10B2F8000029BEF1000FC6D003F00F010123D0F8DA
:10B3080034288B401343C0F834380020F0BDCA6895
:10B31800002AB2D05A61B0E700EB4310224B012A51
:10B32800D0F8104900F5106C03EA0403CCF810308B
:10B33800DCF8103043F40023CCF81030194BDCF85B
:10B34800104003EA0403CCF8103007D0D0F80039D5
:10B3580043F00443C0F800390020F0BD0B690BB17D
:10B36800CCF81430DCF80030002043F00443CCF86B
:10B378000030F0BDDCF81060C4F31204012A46F472
:10B388000026CCF81060DCF8106044EA0604CCF81B
:10B398001040E3D0D5F8002942F00442C5F800294E
:10B3A800AAE700BF0000F8FFFFFF07E010B49DF810
:10B3B800044064B903339B0809D0013201EB8303CD
:10B3C80000EB023051F8042B8B420260FAD10020C6
:10B3D8005DF8044B704700BF033292080AD000F5AD
:10B3E800805C01EB8200DCF8003041F8043B8842C5
:10B3F800F9D17047084670474A780B78012A00EB64
:10B4080043100CD0D0F8002B0BB1002A14DAD0F876
:10B41800003B43F40013C0F8003B00207047D0F80D
:10B428000029002A00DB73B9D0F8003943F400136F
:10B43800C0F8003900207047D0F8003B23F0804363
:10B44800C0F8003BE3E7D0F8003923F08043C0F8A8
:10B458000039D0F8003943F40013C0F80039E9E79F
:10B468004A780B78012A00EB431013D0D0F8003B40
:10B4780023F40013C0F8003BCB78023B012B01D921
:10B4880000207047D0F8003B43F08053C0F8003BE1
:10B4980000207047D0F8003923F40013C0F80039B1
:10B4A800CB78023B012BEBD8D0F8003943F080531E
:10B4B800C0F8003900207047034609010020D3F87E
:10B4C800002801F4FE6122F4FE62C3F80028D3F8D4
:10B4D80000281143C3F80018704700BF82B04369C1
:10B4E80001938269019B13400193019802B0704750
:10B4F80082B0D0F818380193D0F81C28019B13406B
:10B5080001930198000C02B0704700BF82B0D0F8D8
:10B5180018380193D0F81C28019B13400193019817
:10B5280080B202B0704700BF00EB411182B0D1F881
:10B53800083B0193D0F81428019B1340019301980C
:10B5480002B0704784B0D0F8103801F00F0C00EB4F
:10B5580041110293D0F834380393039B029A23FADB
:10B568000CF3DB01DBB213430293D1F80839029ADA
:10B5780013400193019804B0704700BF406900F080
:10B5880001007047D0F8001900F500630A4A0A4024
:10B59800C0F800299A6802F00602042A05D1D0F8FA
:10B5A800002942F00302C0F800295A68002042F43A
:10B5B80080725A60704700BF00F8FFFF144B10B448
:10B5C800046C9C421AD800F53060002301290361FD
:10B5D800036943F400230361036943F0180303611B
:10B5E800036943F0C043036104D14261036843F037
:10B5F8008023036000205DF8044B7047D0F8003BBF
:10B6080000F53060002BE0DA00205DF8044B70474D
:10B618000A30544FD0F8002401F00303012900F543
:10B62800806C22F00302C0F80024D0F8002443EA1A
:10B638000203C0F8003409D0022901D00020704765
:10B6480041F270730020CCF8043070474BF6803319
:10B658000020CCF804307047D0F8140480B270474A
:10B6680000EB4111002382B001F5A0620193D1F8EB
:10B67800003513F4802FD1F8003543F08043C1F82A
:10B68800003522D1C36A13F47F0FD1F8003523D1D6
:10B6980023F00043C1F80035D1F8003543F00043EA
:10B6A800C1F80035D1F8003523F40043C1F800355E
:10B6B80002E01368002B13DA019B0133B3F57A7F9C
:10B6C8000193F6D9002002B07047D0F8103413F473
:10B6D8007F0FD1F8003506D043F00043C1F800359C
:10B6E800002002B0704723F00043C1F80035D1F8BC
:10B6F800003543F00043C1F80035D1F8003523F494
:10B708000043C1F8003502E01368002BE8DA019B1A
:10B718000133B3F57A7F0193F6D9002002B0704760
:10B7280030B4002484B04FF48465AA4A00940146DA
:10B73800836823F0010383600394056102E00B69C9
:10B74800980604D5039B013393420393F7D900204D
:10B758001023A04A02900B6102E00B69DB0604D5B6
:10B76800029B013393420293F7D9D1F8003501F5D2
:10B77800A06201F5E0600193019B43F080430193CF
:10B78800019B23F000430193019B23F400430193A1
:10B79800019BC1F80035D1F820350193019B43F096
:10B7A80080430193019B23F000430193019B23F401
:10B7B80000430193019BC1F82035D1F8403501932E
:10B7C800019B43F080430193019B23F000430193C5
:10B7D800019B23F400430193019BC1F84035D1F844
:10B7E80060350193019B43F080430193019B23F053
:10B7F80000430193019B23F400430193019BC1F88B
:10B808006035D1F880350193019B43F08043019363
:10B81800019B23F000430193019B23F40043019310
:10B82800019BC1F88035D1F8A0350193019B43F005
:10B8380080430193019B23F000430193019B23F470
:10B8480000430193019BC1F8A035D1F8C03501939D
:10B85800019B43F080430193019B23F00043019334
:10B86800019B23F400430193019BC1F8C035D1F833
:10B87800E0350193019B43F080430193019B23F042
:10B8880000430193019B23F400430193019BC1F8FA
:10B89800E035D1F800360193019B43F080430193D2
:10B8A800019B23F000430193019B23F40043019380
:10B8B800019BC1F80036D1F820360193019B43F073
:10B8C80080430193019B23F000430193019B23F4E0
:10B8D80000430193019BC1F82036D1F8403601930B
:10B8E800019B43F080430193019B23F000430193A4
:10B8F800019B23F400430193019BC1F84036D1F822
:10B9080060360193019B43F080430193019B23F030
:10B9180000430193019B23F400430193019BC1F869
:10B928006036D1F880360193019B43F08043019340
:10B93800019B23F000430193019B23F400430193EF
:10B94800019BC1F88036D1F8A0360193019B43F0E2
:10B9580080430193019B23F000430193019B23F44F
:10B9680000430193019BC1F8A036D1F8C03601937A
:10B97800019B43F080430193019B23F00043019313
:10B98800019B23F400430193019BC1F8C036D1F811
:10B99800E0360193019B43F080430193019B23F020
:10B9A80000430193019B23F400430193019BC1F8D9
:10B9B800E03613680193019B43F080430193019B98
:10B9C80043F000430193019B23F400430193019B3F
:10B9D800136004E0400D03001368002B05DA009B98
:10B9E8000133B3F57A7F0093F6D920328242E0D151
:10B9F8004FF0FF330020C1F814344B618B6843F0DB
:10BA080001038B6004B030BC704700BF08B5D0F8A4
:10BA18008C321BB11B68984700B908BD022008BDCD
:10BA280008B5D0F88C325B689847002008BD00BF85
:10BA380038B500F520750446284600F07DFB012244
:10BA4800B4F8863294F88012C4E99B2301F01F03EE
:10BA5800934209D0022B13D063B101F08001204634
:10BA6800F8F7AAFC002038BD2946204600F092FAD3
:10BA7800002038BD2946204600F00AF9002038BDCC
:10BA88002946204600F0BAFA002038BD38B50546E8
:10BA980069B91346D0F86C22032A15D0052A0C463A
:10BAA8000ED1C5F86C12F8F787FC204638BDD0F8DF
:10BAB8008C329B6933B190F87422032A02D19847DB
:10BAC800002038BD022038BDD0E9531291420CD96C
:10BAD800891A8A42C0F84C1188BF8AB2194698BFA1
:10BAE80092B200F055FB002038BDD0F88C321B69AB
:10BAF8001BB190F87422032A04D0284600F052FBA8
:10BB0800002038BD9847F8E770B5044661B9D0F809
:10BB18006C32022B15D033F0040337D094F8783206
:10BB2800012B2ED0002070BDD0F88C325B6933B168
:10BB380090F87422032A02D19847002070BD022091
:10BB480070BDD0E908630D469E4223D8C669B6FB8E
:10BB5800F3F203FB12620AB9B34228D9D4F88C3243
:10BB6800DB681BB194F87422032A30D08021204668
:10BB7800F8F722FC204600F021FB94F87832012BDC
:10BB8800D0D10023184684F8783270BD8021F8F7A8
:10BB980013FCC3E7F31A114603629AB200F0EEFAF7
:10BBA8002B462A4629462046F8F752FCB6E7D0F835
:10BBB80070329E42D2D20A4600F0E0FA2B462A465C
:10BBC80029462046C4F87052F8F742FCA6E72046FA
:10BBD8009847CBE770B50022402604460125114658
:10BBE8003346F8F7D7FB3346802100222046C4F8B5
:10BBF8004451C4F85061F8F7CDFB0021D4F89032D5
:10BC0800A561666284F87452C4F86C126160C4F865
:10BC18007C1223B1D4F88C3220465B689847002008
:10BC280070BD00BF03460020197470470346042105
:10BC3800002093F8742283F8741283F875227047F1
:10BC48000346002093F8752283F87422704700BFDA
:10BC580090F87422032A01D00020704708B5D0F864
:10BC68008C32DB6903B19847002008BD002070477B
:10BC78000020704700207047D0F88C22012108B5B9
:10BC880080F87412017953689847002008BD00BFF6
:10BC980030B50B7883B00D46044603F06003202BC3
:10BCA8000DD0402B0BD09BB180212046F8F784FBA8
:10BCB80000212046F8F780FB002003B030BDD4F8FF
:10BCC8008C32294620469B689847002003B030BD37
:10BCD8004B78092BE8D801A252F823F03FBD0008A1
:10BCE8006BBD0008B1BC000889BD0008B1BC0008E4
:10BCF80091BD0008C9BD0008B1BC0008F9BD000825
:10BD08000DBD00088978A24D01292970CCD890F87A
:10BD18007432022B00F01281032B00F00081802185
:10BD2800F8F74AFB00212046F8F746FB2978204619
:10BD3800FFF776FEC0E790F87432013B022BB3D8C8
:10BD4800CB88022BB0D10122D0F87C32C2600BB173
:10BD58000323C360022204F10C01204600F000FA1C
:10BD6800AAE790F87432013B022B9DD84B88012B2F
:10BD7800A2D100232046C4F87C3200F013FA9BE7D6
:10BD88004B88012B98D1F5E78B88002B8CD1CB8879
:10BD9800002B89D14D887F2D86D890F87432032BDB
:10BDA80082D0E9B280F87612F8F736FB204600F028
:10BDB800F9F9002D00F0E080022384F874327BE763
:10BDC8004A88130A013B062B3FF66EAF01A151F8D2
:10BDD80023F000BF8DBE000875BE000863BE0008D2
:10BDE800B1BC0008B1BC00084DBE00081FBE000869
:10BDF800CA88012A7FF458AF90F87432022B00F2F7
:10BE08008780002B3FF450AF0146002341F8083FDC
:10BE180000F0A6F950E7037C002B7FF445AFD0F87B
:10BE28008C320DF106001B6B984707234370BDF851
:10BE38000620002A67D0EB88002B5BD1204600F053
:10BE4800B1F939E7037C002B7FF42EAFD0F88C32A0
:10BE58000DF106005B6B9847E9E7D1B2052900F2BE
:10BE68008F80DFE801F0271F17372F3F037C002B57
:10BE780072D1D0F88C320DF106009B6A98470223E4
:10BE88004370D4E7D0F888320DF10601007C1B68B6
:10BE98009847CCE7D0F888320DF10601007CDB68C2
:10BEA8009847C4E7D0F888320DF10601007C9B68FA
:10BEB8009847BCE7D0F888320DF10601007C5B6832
:10BEC8009847B4E7D0F888320DF10601007C5B6929
:10BED8009847ACE7D0F888320DF10601007C1B6961
:10BEE8009847A4E7D0F888320DF10601007C9B69D9
:10BEF80098479CE79A420146204628BF1A46ADF863
:10BF0800062000F02DF9EB88002B7FF4D5AE95E7DD
:10BF1800032B7FF4C9AE011D00F022F9CCE621B352
:10BF2800416801298AD0C9B2FFF77AFD29782046ED
:10BF38006160FFF76BFD022880D1B5E600293FF468
:10BF48007DAF01210323416080F87432FFF75EFD65
:10BF580002287FF473AFA7E6D0F88C320DF1060003
:10BF6800DB6A98470223437061E70223416080F847
:10BF78007432FFF755FD61E7012384F874329BE6BC
:10BF8800D0F88C320DF106029B6B98474FE700BF43
:10BF9800D81F002438B50B780D46044603F060021C
:10BFA800402A0AD05B0608D58021F8F705FA002157
:10BFB8002046F8F701FA002038BD94F87432013BA6
:10BFC800022B11D82B79012B0ED8D4F88C322946A4
:10BFD80020469B689847EB88002BECD10028EAD1D3
:10BFE800204600F0DFF8E6E780212046F8F7E4F97C
:10BFF80000212046F8F7E0F9002038BD38B50B7865
:10C00800044603F06003202B0CD0402B0AD083B1E8
:10C0180080212046F8F7D0F900212046F8F7CCF91E
:10C02800002038BDD4F88C3220469B689847002001
:10C0380038BD4B788A88012B5FFA82FC37D0032BF6
:10C0480023D0002BE4D190F87432022B4AD0032B72
:10C05800DED10CF00F03120603EB830300EB83031E
:10C0680051D4D3F84431002BD2D00CF07F031425DF
:10C0780005FB030505F5A075002B4FD12B600222A7
:10C088002946204600F06CF8CAE790F87432022B73
:10C098001DD0032BBCD14B882BB91CF07F0F02D0CD
:10C0A800CB88002B43D0204600F07CF8B8E790F806
:10C0B8007432022B0BD0032BAAD14B88002BAFD1A3
:10C0C8001CF07F0FEFD06146F8F784F9EBE71CF01E
:10C0D8007F0F9DD06146F8F76FF980212046F8F769
:10C0E8006BF99DE71CF07F0F92D111064FF000030A
:10C0F8004FF002024CBF00F1140100F5A0710B6073
:10C1080000F02EF88CE79B69002B81D00CF07F03A0
:10C118005D1C05EB850500EB8505ADE7614620460E
:10C12800F8F766F908B10123A8E72860A7E7614690
:10C13800F8F742F9B7E700BF0B7803704B78437004
:10C14800CA788B7803EB022343804A790B7903EB97
:10C1580002238380CA798B7903EB0223C38070475B
:10C1680010B5134602240A460021C0F86C42C0E903
:10C178000733F8F75FF9002010BD00BF8C46002197
:10C1880008B513466246F8F755F9002008BD00BF08
:10C198008C46002108B513466246F8F759F9002085
:10C1A80008BD00BF08B504210023C0F86C121A4668
:10C1B8001946F8F73FF9002008BD00BF08B505216A
:10C1C8000023C0F86C121A461946F8F741F9002006
:10C1D80008BD00BFD0F8C4230132C0F8C4230278D8
:10C1E8000B2A00D07047D0F87C33002BFAD09B691B
:10C1F800184700BF012380F823337047002380F8D5
:10C2080023337047034600220121104683F8201388
:10C2180083F8212383F82223704700BF38B5012310
:10C228000025044680F8213380F8235380F82053F2
:10C23800F8F732F92179204600F006F861792046AE
:10C2480000F002F8284638BD0A2907D800EB81001B
:10C25800D0F88433C3F30E03C0F88433002070474A
:10C268000C4A82B00C4BD2F8DC1041F04001C2F805
:10C27800DC10D2F8DC2002F040020192019A1A6820
:10C2880022F020021A601A6842F004021A6002B012
:10C29800704700BF0044025800180248714A0368FA
:10C2A80011698B4200B587B04BD0916E8B4200F07C
:10C2B800B680D2F8C0108B4200F0B380D2F81811C3
:10C2C8008B4200F0B080B3F1804F1ED0664A934293
:10C2D8000DD0664A934200F0A880654A934200F068
:10C2E800B280644A93421ED007B05DF804FB624BEB
:10C2F800D3F8E82042F00202C3F8E820D3F8E83087
:10C3080003F002030293029BEEE75B4BD3F8E820AD
:10C3180042F00102C3F8E820D3F8E83003F0010343
:10C328000193019BE0E7544BD3F8E82042F0100258
:10C33800C3F8E820D3F8E83003F010030593059B11
:10C34800D2E700205821B3F1804F01FB0022127B75
:10C358001ED045498B4235D044498B4248D0444988
:10C368008B42BED1444BD3F8E81041F00801C3F822
:10C37800E810D3F8E83003F008030493049B002A7C
:10C38800B2D0322000220F21F8F7E0F9322014E071
:10C39800394BD3F8E81041F00101C3F8E810D3F89D
:10C3A800E83003F001030193019B002A9CD01C2074
:10C3B80000220F21F8F7CAF91C2007B05DF804EB3A
:10C3C800F8F702BA2C4BD3F8E81041F00201C3F891
:10C3D800E810D3F8E83003F002030293029B002A26
:10C3E80082D01D2000220F21F8F7B0F91D20E4E7C4
:10C3F800214BD3F8E81041F00401C3F8E810D3F852
:10C40800E83003F004030393039B002A3FF46CAF66
:10C418001E2000220F21F8F799F91E20CDE70120F0
:10C4280090E702208EE703208CE7134BD3F8E8202F
:10C4380042F00402C3F8E820D3F8E83003F004031C
:10C448000393039B50E70C4BD3F8E82042F0080213
:10C45800C3F8E820D3F8E83003F008030493049BFA
:10C4680042E700BFDC1F0024000400400008004031
:10C47800000C004000100040004402580F4B0268B6
:10C4880019698A420BD0996E8A4211D0D3F8C0102C
:10C498008A420FD0D3F818118A420DD07047002174
:10C4A800582202FB01331A6D002AF7D0586D104745
:10C4B8000121F5E70221F3E70321F1E7DC1F00245E
:10C4C800014801F0C3B900BFEC1F0024014801F086
:10C4D800BDB900BF44200024014801F0B7B900BF2E
:10C4E8009C200024014801F0B1B900BFF4200024C9
:10C4F800F0B54FF0580C0F682E4D8DB00CFB07FCB3
:10C50800032F05EB0C06066047DC0B46086834462B
:10C5180049689A6807C41B7B237004AC7268264B71
:10C52800002A4FF00002726118BF1022B2610FCBCF
:10C5380084E80F000CAB03EB870353F8203CB3F1FE
:10C54800804F336124D01D4A934221D030890CF1A9
:10C55800100458230021802203FB07532C44C3E90D
:10C5680007019A62204600F0DBFF034600B1FEE7B0
:10C578004FF4805208A92046099301930892CDE907
:10C588000A33CDE9023301F09BF8034640B1FEE7D8
:10C59800582303FB07539868D9E701200DB0F0BD75
:10C5A80001A920460193039301F008FA0028F5D069
:10C5B800FEE700BFDC1F0024BCF90008000C0040A7
:10C5C800006808B5037B10302BB101F063F8003820
:10C5D80018BF012008BD01F043F8003818BF01203A
:10C5E80008BD00BF0C4B00224FF0FF311A73996051
:10C5F800196683F86420C3F8B81083F8BC20C3F820
:10C60800101183F81421C3E90022C3E91622C3E9F3
:10C618002C22C3E942227047DC1F00241F4BC1684B
:10C628000268F0B5D3F88C5083B00369ADB24D1BE6
:10C63800A2B1AB4212D00446866811D2F018E91AAA
:10C64800CDE9001000F040FF0023DDE90010D4E937
:10C658000062B047E3682561AB421BD003B0F0BD70
:10C66800F018C91ACDE9000100F02EFF0023DDE91A
:10C678000001D4E90072B8473046294600F024FF8B
:10C6880000233046626829462668B047E36825617A
:10C69800AB42E3D10023236103B0F0BD00000240A8
:10C6A8002DE9F84F04460F4690461E4600F1340522
:10C6B800284601F0D1FB2028FAD14FF480630020EE
:10C6C800C4F8D030C4F848314FF44033C4F8CC0033
:10C6D800C4F8E030C4F858314E4BC4F8DC00C4F854
:10C6E800C03003F57A73C4F8E400C4F83831402345
:10C6F800C4F8C800C4F84031E369C4F84401C4F878
:10C708005401C4F85C01C4E93500C4E95300072B9F
:10C718000BD8DFE803F061535A373E454C045123E8
:10C72800C4F8C4305223C4F83C3104F59C79484617
:10C73800F8F7BEF908B1FFBEFEE7C4F8A890C4F840
:10C748007051EFF3108972B6DFF8D0B094F91C304D
:10C75800DFF8CCA08BF800300A9B2F4CCAF80030C9
:10C768000B9B23600EB11846B0471FFA88F2394672
:10C77800284601F05BF9B0BBB9F1000F00D162B6F1
:10C78800BDE8F88F3F23C4F8C4304023C4F83C31D7
:10C79800CBE74123C4F8C4304223C4F83C31C4E792
:10C7A8004723C4F8C4304823C4F83C31BDE74F23BD
:10C7B800C4F8C4305023C4F83C31B6E72B23C4F87E
:10C7C800C4302C23C4F83C31AFE72D23C4F8C4305F
:10C7D8002E23C4F83C31A8E72923C4F8C4302A23FF
:10C7E800C4F83C31A1E7FF238BF800300023CAF8D6
:10C7F800003023600A9B3BB10B9801219847012028
:10C80800B9F1000FBCD1BAE70120B9F1000FB7D1D7
:10C81800B5E700BF8800024074300024703000245F
:10C828006C3000242DE9F84F04460F4690461E460A
:10C8380000F13405284601F00FFB2028FAD14FF407
:10C8480080630020C4F8D030C4F848314FF4403336
:10C85800C4F8CC00C4F8E030C4F858314E4BC4F8E2
:10C86800DC00C4F8C03003F57A73C4F8E400C4F8F7
:10C8780038314023C4F8C800C4F84031E369C4F82B
:10C888004401C4F85401C4F85C01C4E93500C4E9A2
:10C898005300072B0BD8DFE803F061535A373E45A6
:10C8A8004C045123C4F8C4305223C4F83C3104F179
:10C8B800C0094846F8F7FCF808B1FFBEFEE7C4F81F
:10C8C800AC90C4F8F850EFF3108972B6DFF8D0B026
:10C8D80094F91C30DFF8CCA08BF800300A9B2F4C61
:10C8E800CAF800300B9B23600EB11846B0471FFAF8
:10C8F80088F23946284601F0EBF8B0BBB9F1000FD1
:10C9080000D162B6BDE8F88F3F23C4F8C430402395
:10C91800C4F83C31CBE74123C4F8C4304223C4F8FF
:10C928003C31C4E74723C4F8C4304823C4F83C3139
:10C93800BDE74F23C4F8C4305023C4F83C31B6E7F0
:10C948002B23C4F8C4302C23C4F83C31AFE72D2383
:10C95800C4F8C4302E23C4F83C31A8E72923C4F80E
:10C96800C4302A23C4F83C31A1E7FF238BF80030F8
:10C978000023CAF8003023600A9B3BB10B980121C1
:10C9880098470120B9F1000FBCD1BAE70120B9F1ED
:10C99800000FB7D1B5E700BF88000240743000240B
:10C9A800703000246C3000242DE9F0410D4682B02F
:10C9B800EFF3108772B6002948D1FF23254A264C89
:10C9C800237013682BB1002029461060234A106891
:10C9D800984723781B0625D5DFF888800025204E48
:10C9E800444605E001351C3406F5D876092D19D0E2
:10C9F800A369012B1BD0002BF4D1216830460029F4
:10CA0800F0D06369019323690093E3682289FFF7F3
:10CA180009FF0028E6D1C5EBC50508EB850348F8F2
:10CA28002500586007B962B602B0BDE8F0816168B8
:10CA38000029D7D063693046019323690093E368DE
:10CA48002289FFF72DFE0028CCD1E4E702F000FD93
:10CA5800B3E700BF6C300024703000247430002429
:10CA68003C2100248C010024F0B5002387B0022269
:10CA780004460493CDE90223027EC3690B2A4FEAD8
:10CA8800430523D1A27E0B2A02D1002007B0F0BDB6
:10CA980048496B1C484851F8233045780178187884
:10CAA800E67E884269D0824277D0D87803F1030CB9
:10CAB80081426ED0824278D0987903F1060C884280
:10CAC8006FD0824233D0012007B0F0BD394B3A48CD
:10CAD80053F8253001784678187894F819C08142BF
:10CAE8003DD0824241D0D87803F1030E814240D034
:10CAF80082424AD0987903F1060E884241D0824298
:10CB0800E1D1DB796345DED1734604F118069B78E1
:10CB180030460593F7F7CEFC034630461E46F7F736
:10CB2800D1FC01A901903046F8F78CFEAAE7DB7921
:10CB3800B342C8D163461A349B7820460593F7F769
:10CB4800B9FC034620461C46F7F7BCFC034601A97E
:10CB580020460193F8F776FE002007B0F0BD93F861
:10CB680001E0B645BFD08242BDD158786045BAD100
:10CB7800CBE71F79B742BBD1BCE75F78AF4292D110
:10CB880093E7D979B142BAD19DE718796045B1D117
:10CB9800BAE71F79AF428DD18EE75878B04284D179
:10CBA800C9E7D979A9428CD18DE71879B04283D1E8
:10CBB800C0E700BFA4020024A00200247E4A036844
:10CBC8009342F0B58FB000F0E380A2F54C42934257
:10CBD80000F0E08002F58062934200F0DD8002F50B
:10CBE8008062934200F0DA8002F58062934200F09E
:10CBF800D98002F54442934200F0D280A2F51C424B
:10CC0800934200F0D18002F58062934200F0CE801A
:10CC18006A4A934240F0CC800826694D4FF4D87494
:10CC280004FB0654A07EF7F755FC207EF7F752FC6C
:10CC3800E369082B13D8DFE803F03B495765738194
:10CC48008F9D05005F4BD3F8F42042F00802C3F82B
:10CC5800F420D3F8F43003F008030893089B204627
:10CC6800FFF702FF012801D1FFBEFEE74FF4D87499
:10CC78000EAA554F0DF1240C04FB0654E36902EB90
:10CC880043050FCFACE80F003B680022ACF800303A
:10CC9800114635F9140CF7F759FDE3690EAA02EBB2
:10CCA800430333F9140C0FB0BDE8F040F7F78CBD1F
:10CCB800444BD3F8F02042F01002C3F8F020D3F828
:10CCC800F03003F010030093009BC8E73D4BD3F806
:10CCD800E82042F40032C3F8E820D3F8E83003F43F
:10CCE80000330193019BBAE7364BD3F8E82042F4AE
:10CCF8008022C3F8E820D3F8E83003F480230293B5
:10CD0800029BACE72F4BD3F8E82042F40022C3F88B
:10CD1800E820D3F8E83003F400230393039B9EE74D
:10CD2800284BD3F8E82042F48012C3F8E820D3F85F
:10CD3800E83003F480130493049B90E7214BD3F865
:10CD4800F02042F02002C3F8F020D3F8F03003F0CE
:10CD580020030593059B82E71A4BD3F8E82042F09D
:10CD68008042C3F8E820D3F8E83003F08043069304
:10CD7800069B74E7134BD3F8E82042F00042C3F84F
:10CD8800E820D3F8E83003F000430793079B66E7F1
:10CD9800002642E7012640E702263EE703263CE755
:10CDA80005263AE7042638E7062636E7072634E755
:10CDB80000239B7EFFDE00BF00100140000C0058DE
:10CDC8003C21002400440258CCF900082DE9F04F1A
:10CDD80091B0002301223A490DF1240A09938B46A8
:10CDE80001F11C09CAF814305446CDF800A001F12D
:10CDF8003808CDF804A001F15407CDF808A001F1D6
:10CE08007006CDF80CA001F18C05CDF814A001F145
:10CE1800C40E01F1E00CCAE90133CAE903330F92E9
:10CE2800FF22284B1A7001F1A803CDE906AA049342
:10CE3800BAE80F00ABE80F009AE807008BE8070094
:10CE48000FCC009CA9E80F009AE8070089E80700C2
:10CE58000FCC019CA8E80F009AE8070088E80700B3
:10CE68000FCC029C0FC79AE8070087E807000FCC91
:10CE7800039C0FC69AE8070086E807000FCC0FC589
:10CE88009AE80700059C85E807000FCC049C0FC4AE
:10CE98009AE8070084E80700069C0FCCAEE80F006C
:10CEA8009AE80700079C8EE807000FCCACE80F0053
:10CEB8009AE807008CE8070011B0BDE8F08F00BFC2
:10CEC8008C0100247030002410B5094C04F13400A2
:10CED80000F0D0FE237D1BB1636BDB69DB0600D459
:10CEE80010BD2046FFF79AFB636B10221A6210BD33
:10CEF8003C21002410B50B4C04F5F27000F0BAFE8A
:10CF080094F8C43123B1D4F8E431DB69DB0600D4EA
:10CF180010BD04F5D870FFF781FBD4F8E431102276
:10CF28001A6210BD3C21002410B50B4C04F5657045
:10CF380000F0A0FE94F8743323B1D4F89433DB697D
:10CF4800DB0600D410BD04F55870FFF767FBD4F872
:10CF5800943310221A6210BD3C21002410B50B4CEA
:10CF680004F2445000F086FE94F8243523B1D4F836
:10CF78004435DB69DB0600D410BD04F5A260FFF779
:10CF88004DFBD4F8443510221A6210BD3C21002410
:10CF980010B50B4C04F2F46000F06CFE94F8D43633
:10CFA80023B1D4F8F436DB69DB0600D410BD04F5F0
:10CFB800D860FFF733FBD4F8F43610221A6210BD9C
:10CFC8003C21002410B50B4C04F6A40000F052FEDE
:10CFD80094F8843823B1D4F8A438DB69DB0600D48C
:10CFE80010BD04F50760FFF719FBD4F8A438102228
:10CFF8001A6210BD3C21002410B50B4C04F65420D5
:10D0080000F038FE94F8343A23B1D4F8543ADB6986
:10D01800DB0600D410BD04F52260FFF7FFFAD4F850
:10D02800543A10221A6210BD3C21002410B50B4C52
:10D0380004F6044000F01EFE94F8E43B23B1D4F853
:10D04800043CDB69DB0600D410BD04F53D60FFF746
:10D05800E5FAD4F8043C10221A6210BD3C210024E1
:10D0680010B50B4C04F6B45000F004FE94F8943D4F
:10D0780023B1D4F8B43DDB69DB0600D410BD04F558
:10D088005860FFF7CBFAD4F8B43D10221A6210BDED
:10D098003C21002410B5EFF3108472B6084B1A78BF
:10D0A800120602D504B962B610BD1B784FF4D872C7
:10D0B80004485BB202FB0300C030F8F771F8F1E7EF
:10D0C800703000243C21002410B5EFF3108472B6B0
:10D0D800094B1A78120602D504B962B610BD1B783E
:10D0E8004FF4D87205485BB202FB030000F59C7050
:10D0F800F8F756F8F0E700BF703000243C21002410
:10D108000021FFF751BC00BF214A036893422BD08E
:10D11800A2F54C42934229D002F58062934227D06F
:10D1280002F58062934225D002F58062934223D0B3
:10D1380002F54442934221D0A2F51C4293421FD0EB
:10D1480002F5806293421DD0124A93421CD10822F4
:10D158004FF4D871104B01FB0233197D11B11846F9
:10D16800FFF75CBAFFF720BC0022F1E70122EFE7E6
:10D178000222EDE70322EBE70422E9E70522E7E7CD
:10D188000622E5E70722E3E700231B7DFFDE00BF59
:10D1980000100140000C00583C210024204A03687C
:10D1A800934229D0A2F54C42934227D002F58062DF
:10D1B800934225D002F58062934223D002F5806223
:10D1C800934221D002F5444293421FD0A2F51C425B
:10D1D80093421DD002F5806293421BD0114A9342BC
:10D1E8001AD1082310484FF4D87202FB0300037DBC
:10D1F80003B97047FFF712BA0023F3E70123F1E7F9
:10D208000223EFE70323EDE70423EBE70523E9E730
:10D218000623E7E70723E5E700231B7DFFDE00BFC2
:10D2280000100140000C00583C2100240121FFF7A8
:10D23800BBBB00BF534B0122002047F6122130B47C
:10D24800C3E97420C3E97721C3E9E020C3E9E321F6
:10D258001A62DA6258621963C3F83025C3F83405D4
:10D26800C3F83C25C3F84015C3F8E026C3F8E40624
:10D27800C3F8EC26C3F8F016C3F89028C3F894084E
:10D28800C3F89C28C3F8A018C3F8402AC3F8440A76
:10D29800C3F84C2AC3F8501AC3F8F02BC3F8F40BA0
:10D2A800C3F8FC2BC3F8001CC3F8A40D3648C3F818
:10D2B800A02DC3F8AC2DC3F8B01D0288837833497C
:10D2C8000068334CCA804FEA104C0B723149E28037
:10D2D8002372A1F80320A4F8032063714B712E4C2C
:10D2E800CA800B722D492E4DE2802372A1F80320CB
:10D2F800A4F8032063714B712A4CCA800B722A4927
:10D30800EA8008802B7281F802C0E2802372A1F8BB
:10D3180003204B71CA800B722449A1F803204B717A
:10D32800CA800B722249A1F803204B71CA800B7284
:10D338002049088081F802C0A1F803204B71CA80F7
:10D348000B721D49088081F802C0A1F803204B71B7
:10D35800CA800B721949088081F802C01848A1F8E0
:10D3680003204B71CA800B721649A0F80320437141
:10D37800C2800372A1F803204B71CA800B7230BCC3
:10D38800704700BF3C210024A00200242803002489
:10D398004C030024400300246403002458030024A1
:10D3A80034030024100300249C300024700300245C
:10D3B8001C0300247830002490300024843000249A
:10D3C80094020024880200243E4B00220B201146C0
:10D3D80010B5D3F8D84082B044F00104C3F8D8405F
:10D3E800D3F8D84004F001040094009CD3F8D84046
:10D3F80044F00204C3F8D840D3F8D83003F002034D
:10D408000193019BF7F7A2F90B20F7F7DDF900224A
:10D418000C201146F7F79AF90C20F7F7D5F90022F6
:10D428000D201146F7F792F90D20F7F7CDF90022F4
:10D438000E201146F7F78AF90E20F7F7C5F90022F2
:10D448000F201146F7F782F90F20F7F7BDF90022F0
:10D4580010201146F7F77AF91020F7F7B5F90022EE
:10D468003C201146F7F772F93C20F7F7ADF9002296
:10D4780011201146F7F76AF91120F7F7A5F90022EC
:10D4880038201146F7F762F93820F7F79DF900229E
:10D4980039201146F7F75AF93920F7F795F900229C
:10D4A8003A201146F7F752F93A20F7F78DF900229A
:10D4B8003B201146F7F74AF93B2002B0BDE810407F
:10D4C800F7F782B90044025820F01F002031BFF35B
:10D4D8004F8F002907DD064A0144C2F85C0220305C
:10D4E8000B1A002BF9DCBFF34F8FBFF36F8F704718
:10D4F80000ED00E0034688B190F83D20022A03D0F1
:10D50800802201209A66704702680421002083F86F
:10D518003D10D36823F00103D360704701207047A2
:10D52800002800F08F8038B590F83D30044603F0AD
:10D53800FF02002B60D0226802234349B2F1804FDA
:10D5480084F83D30A2EB01011368B1FA81F14FEA8A
:10D55800511127D031BB3D483D4D824251D000F595
:10D56800806082424DD0551B00F58060B5FA85F584
:10D5780082424FEA55154DD0002D4BD135483649DA
:10D588008A4218BF82424FD001F580618A424BD04F
:10D59800A06923F08003E168034313606368D162E4
:10D5A800936223E02A4D23F07003A068551B0343C0
:10D5B800B5FA85F56D09206923F440730343A06922
:10D5C80023F0800303431360E368D36263689362C4
:10D5D80051B94DB91F49204B9A4218BF8A4203D00E
:10D5E80003F580639A4201D1636913630123002024
:10D5F800536184F83D3038BD80F83C20FEF74EFE7C
:10D6080099E7551B23F07003A068B5FA85F5034325
:10D618006D09D0E7A06823F0700303430F488242E6
:10D62800C9D0002DC7D1A9E7206923F44073A169A7
:10D638000343E06823F080030B4361681360D06202
:10D648009162C7E7012070470000014000040040D4
:10D65800000401400040014000440140000C00402B
:10D668004FF0020C01680A4A034680F83DC08868FA
:10D678000240062A06D0B2F5803F03D00A6842F07D
:10D6880001020A600122002083F83D20704700BF94
:10D69800070001000368094AD96841F00101D9600F
:10D6A80099680A40062A06D0B2F5803F03D01A6866
:10D6B80042F001021A600020704700BF0700010015
:10D6C80090F83C30012B7DD002460223006830B42C
:10D6D800012482F83D3082F83C40544C83681C4059
:10D6E8000B68602B84606FD01DD9B3F5005F59D0EB
:10D6F80042D94F498B4206D038D94E498B4202D085
:10D7080010318B4206D184684B4921400B4343F0CA
:10D718000703836000230121184682F83D1082F830
:10D728003C3030BC7047402B67D019D9502BF1D111
:10D73800036A4C68CD6823F00A03016A1C433E4B18
:10D7480021F001010162816921F0F00141EA05112E
:10D758008161046281680B4043F057038360D9E715
:10D76800202BD0D01AD9302BD4D1CCE723F01001FC
:10D77800B1F5801FCED1C6E7702BCBD18468D1E933
:10D7880001532B43CD6824F47F4143EA05230B431F
:10D798008360836843F077038360BBE733F010014D
:10D7A800B8D1B0E7D1E9015384682B43CD6824F49C
:10D7B8007F4143EA05230B438360836843F4804336
:10D7C8008360A7E702207047046A4D6824F01004BC
:10D7D800C9680462836923F4704343EA0133016A28
:10D7E80021F0A0018361144B41EA051101628168AF
:10D7F8000B4043F0670383608CE7036A4C68CD688D
:10D8080023F00A03016A1C430B4B21F0010101625A
:10D81800816921F0F00141EA0511816104628168A2
:10D828000B4043F04703836074E700BF8800CEFFD6
:10D8380020001000300010008FFFCFFF704700BF9E
:10D84800704700BF704700BF704700BF03681A6980
:10D85800910710B5044602D5DA68920768D41A69A8
:10D86800520702D5DA6850074FD41A69110702D552
:10D87800DA68120737D41A69D00602D5DA68D106F1
:10D888001ED41A69D20702D5DA68D00769D41A6992
:10D89800110602D5DA6812066BD41A69D00502D5CA
:10D8A800DA6811066DD41A69520602D5DA6850068C
:10D8B8006FD41A69910602D5DA68920649D410BD68
:10D8C8006FF010010822204619612277DB6913F4F2
:10D8D800407F6FD1FFF7B2FF2046FFF7B3FF00226A
:10D8E80023682277CDE76FF00801042220461961EA
:10D8F8002277DB699B075AD1FFF7A0FF2046FFF785
:10D90800A1FF002223682277B5E76FF00401022205
:10D918002046196122779B6913F4407F44D1FFF7B1
:10D928008DFF2046FFF78EFF0022236822779CE7B1
:10D938006FF002010122196102779B69990730D1C2
:10D94800FFF77CFF2046FFF77DFF00222368227740
:10D9580085E76FF0200220461A61BDE8104000F00C
:10D968005FB86FF0010220461A61FEF787FD236851
:10D978008DE76FF0800220461A6100F053F82368A3
:10D988008BE76FF4807220461A6100F04DF8236827
:10D9980089E76FF0400220461A61FFF755FF2368B8
:10D9A80087E7FFF74DFFD0E7FFF74AFFBCE7FFF730
:10D9B80047FFA6E7FFF744FF91E700BF90F83C2038
:10D9C800012A28D003460068022230B4134D83F898
:10D9D8003D20A8424268846818D005F58065A842B1
:10D9E80014D024F0800C22F070020C68896822435D
:10D9F80000244CEA01014FF0010C4260816020468E
:10DA080083F83DC083F83C4030BC704722F4700274
:10DA18004D682A43E5E70220704700BF0000014037
:10DA2800704700BF704700BF704700BFF8B5D0F817
:10DA38008070202F44D1002940D0B2FA82F67609AE
:10DA4800002A3BD0044690F87C00012838D00125F4
:10DA58002123606FA4F856202165C4F88860A4F8D3
:10DA6800542084F87C50C4F88030D8B1DFF854C012
:10DA780013462268C0F83CC0DFF84CC0283206655F
:10DA8800C0F840C0DFF844C0C0F84CC0F7F7CEF982
:10DA980040B11023284684F87C60C4F88830C4F864
:10DAA8008070F8BD2368002240211046196284F86E
:10DAB8007C209A6842F080029A60F8BD0120F8BD87
:10DAC8000220F8BD85DB0008B5DB000805DC00088E
:10DAD800F8B5D0F88470202F48D1002944D0B2FA84
:10DAE80082F67609002A3FD090F87C300446012B54
:10DAF8003CD001252223C0F888608165A0F85C200D
:10DB080080F87C50C0F88430806FE0B1DFF860C0E6
:10DB180013460A462168C0F83CC0DFF858C02431D3
:10DB28000665C0F840C0DFF850C0C0F84CC0F7F731
:10DB38007DF940B11023284684F87C60C4F8883009
:10DB4800C4F88070F8BD2368002084F87C001A6847
:10DB580042F480721A609A6842F001029A609A68E8
:10DB680042F040029A60F8BD0120F8BD0220F8BDDD
:10DB7800C1DB0008F9DB000805DC000808B5C3694B
:10DB8800806BB3F5807F0CD003680022A0F8562084
:10DB98009A6822F080029A601A6842F040021A607D
:10DBA80008BDFFF7ADFA08BD704700BF806B08B528
:10DBB800FFF7FAFF08BD00BF08B5C369806BB3F56E
:10DBC800807F12D0036800222021A0F85E201A6806
:10DBD80022F480721A609A6822F001029A609A68A8
:10DBE80022F040029A60C0F88410FFF78DFA08BD51
:10DBF800806B08B5FFF7D2FA08BD00BF806B38B557
:10DC08000368D0F88040D0F884109A68150601D5CA
:10DC1800212C1DD09A68520601D5222908D0D0F8A7
:10DC2800883043F01003C0F88830FFF7FFFA38BD9A
:10DC380000240F4A2025A0F85E40196821F490714D
:10DC4800196099680A409A60C0F88450C466E6E78B
:10DC580000222024A0F856201A6822F0C0021A6078
:10DC68009A6822F400029A60C0F88040D2E700BFA8
:10DC7800FEFFFFEF0268D36970B51E0715680446FA
:10DC8800916800F084806C4805F4907C08405CEA58
:10DC980000061DD1D80202D54E0200F19D8018065B
:10DCA80006D501F4000105F08000014340F08C80A6
:10DCB8005E0602D5680600F19B80190202D56A004B
:10DCC80000F1A380DB0102D5002DC0F2AA8070BD4F
:10DCD800DE0709D5EE0507D501261662D4F8886057
:10DCE80046F00106C4F888609E0760D5CE0709D5BE
:10DCF80002261662D4F8886046F00406C4F88860E4
:10DD08005E0758D41E070CD505F0200C5CEA00000D
:10DD180007D008201062D4F8880040F00800C4F842
:10DD28008800D4F888000028D1D09E0606D505F0D2
:10DD3800200501F0805155EA01036BD1D4F88850D1
:10DD4800936805F0080503F040031D436ED0116881
:10DD580020203A4B21F49071116091680B4000210A
:10DD68009360C4F884009368E1665D063CD59368C7
:10DD7800A06F23F040039360002835D0304B036533
:10DD8800F7F774F90028A2D0A06F036D0CE09E0687
:10DD980080D505F0200C01F0805E5CEA0E063FF4A9
:10DDA80079AFC36E002B92D0BDE8704018475E076C
:10DDB800A8D5CE07A6D504261662D4F8886046F002
:10DDC8000206C4F888609DE7236F002B3FF47FAFFD
:10DDD8002046BDE8704018474FF480132046136270
:10DDE800BDE8704001F068BB2046FFF71FFA70BD20
:10DDF80013682020002123F040031360C4F880003A
:10DE080020462167FFF77CF970BD2046BDE87040C9
:10DE180001F056BBE36E002B90D02046984722684D
:10DE28008CE72046BDE8704001F048BB2046FFF76C
:10DE3800FDF9C4F8885070BD01000010FEFFFFEF27
:10DE48004DDE000808B5806B0023A0F85E30A0F80E
:10DE58005630FFF7EBF908BDD0F88020D0F88400E1
:10DE680010437047F0B58268044687B02368D0E94C
:10DE780004101D680A43616E0243E06902430A43C5
:10DE8800A8492940A84D0A43E168AB421A605A687C
:10DE980022F4405242EA0102A1695A6000F09D80D2
:10DEA800226A9D681143A14A666A2A401143996013
:10DEB800DA6A22F00F023243DA629D4A934224D092
:10DEC8009C4A934255D09C4A934200F02F829B4A29
:10DED800934200F09B829A4A934200F0E980994A63
:10DEE800934200F09D82984A934200F0D885974A61
:10DEF800934200F0D682012500234FF001122846F4
:10DF08002367C4E91A2307B0F0BD914B5B6D03F09A
:10DF18003803282BEFD88F4AD55CB0F5004F33D0A3
:10DF2800202D00F2D981202D00F2B680DFE815F00F
:10DF3800A8017B01B400B4007201B400B400B400BD
:10DF48004901B400B400B400B400B400B400B40093
:10DF58001C01B400B400B400B400B400B400B400B0
:10DF6800B400B400B400B400B400B400B400B40009
:10DF7800CA00774B5B6D03F00703052BBBD8764AC5
:10DF8800B0F5004FD55CCBD1202D00F21482202DA6
:10DF980000F20082DFE815F08A035804FE01FE0152
:10DFA8002804FE01FE01FE018604FE01FE01FE01B9
:10DFB800FE01FE01FE01FE01F203FE01FE01FE016B
:10DFC800FE01FE01FE01FE01FE01FE01FE01FE0151
:10DFD800FE01FE01FE01FE01B7039868534A0240A4
:10DFE8005B480A439A60DA6A616A22F00F020A43C0
:10DFF800DA62836D03F00703052B3FF67CAF574ABF
:10E00800D65C202E00F29C81012E7FF674AFB31EE1
:10E018001E2B3FF670AF01A252F823F0DBE5000893
:10E02800FFDE000885E50008FFDE0008FFDE0008C7
:10E03800FFDE00084FE60008FFDE0008FFDE0008EC
:10E04800FFDE0008FFDE0008FFDE0008FFDE000834
:10E05800FFDE0008EFE50008FFDE0008FFDE00082D
:10E06800FFDE0008FFDE0008FFDE0008FFDE000814
:10E07800FFDE0008FFDE0008FFDE0008FFDE000804
:10E08800FFDE0008FFDE0008FFDE0008FFDE0008F4
:10E09800FFDE000865E6000801250023A3F1100152
:10E0A8004FF6EF7291423FF626AF2268D36023E71E
:10E0B800274B5B6D03F00703052B3FF61CAF284A7F
:10E0C800D55C2AE7002E00F0B581012E00F09E8570
:10E0D800022E00F0B185032E00F0D885042E00F042
:10E0E800F485052E00F08486062E00F0BE86072EE5
:10E0F80000F0FD86082E00F05087092E00F07B877F
:10E108000A2E00F0DC8743F60953164A0B2E18BF77
:10E1180013466268002503EB5203B3FBF2F39BB28C
:10E12800BCE700BFF369FFCF000C0058FFF4FF11F4
:10E13800001001400044004000480040004C0040EE
:10E14800005000400014014000780040007C00406E
:10E158000044025820FB00084CFB000854FB000850
:10E168004CFB000800093D00B34B1A68920640F1C9
:10E178006F811A68B14BC2F3C102D340002EC8D0D8
:10E18800012E00F0EF81022E00F0C584032E00F06E
:10E19800BF84042E00F02B85052E00F09D86062EE8
:10E1A80000F0DC86072E00F01C86082E00F04E8654
:10E1B800092E00F08E860A2E00F0E3860B2EA8D1D9
:10E1C80026E003A8FBF73CF9626A049B002AA0D06A
:10E1D800012A00F0C781022A00F09D84032A00F07A
:10E1E8009784042A00F00385052A00F0FD84062A96
:10E1F80000F07E85072A00F0F485082A00F02686BC
:10E20800092A00F066860A2A00F0BB860B2A80D10C
:10E218001B0A7EE76846FBF755F8626A019B002AED
:10E228003FF477AFD4E7FAF7EDF9636A03B3012B4C
:10E2380000F0F384022B00F0CE84032B00F0C88496
:10E24800042B00F01785052B00F01185062B00F034
:10E258000686072B00F04886082B00F09B86092BC2
:10E2680000F0E1860A2B00F03B870B2B08BF000A61
:10E278006268002500EB5203B3FBF2F39BB20DE793
:10E28800FAF7A4F9636A03B3012B00F0C984022BDF
:10E2980000F0A784032B00F0A184042B00F0E48491
:10E2A800052B00F0DE84062B00F0E685072B00F036
:10E2B8003686082B00F08786092B00F0B1860A2BDA
:10E2C80000F0FA860B2B08BF000A626800EB5203C5
:10E2D800B3FBF2F39BB2E1E6402D7FF40CAE002EC7
:10E2E80000F0DC80012E00F09484022E00F0A78458
:10E2F800032E00F0C784042E00F0EC84052E00F0F5
:10E308007A85062E00F0B485072E00F0FE85082ECB
:10E3180000F04986092E00F08B860A2E00F0298726
:10E328000B2E0CBF80234FF40043F2E6424B5B6D8B
:10E3380003F00703052B3FF6DEAD414AD55CECE55B
:10E34800402E7FF4D8AD002900F0B580012900F0F7
:10E358006E84022900F08284032900F0AF84042926
:10E3680000F03B85052900F06985062900F0AD8598
:10E37800072900F0EF85082900F03686092900F002
:10E388005B860A2900F0F9860B290CBF80254FF41B
:10E39800004592E001250023A3F110014FF6EF722A
:10E3A80091423FF6A8AD23F00F02C3F34203134393
:10E3B8002268D360A0E5402D7FF49DAD002E00F0CB
:10E3C800D380012E00F0D280022E00F06D84032E3F
:10E3D80000F0F484042E00F02585052E00F06885F1
:10E3E800062E00F0C285072E00F01086082E00F0D9
:10E3F8004886092E00F059860A2E00F0EC860B2E6E
:10E408000CBF4FF480704FF48030AFE00A4B5B6D67
:10E4180003F00703052B3FF66EAD0A4AD55C7CE591
:10E42800054B5B6D03F03803282B3FF664AD064AB5
:10E43800D55C72E5054B6CE6004402580090D003A9
:10E448004CFB00084CFB000820FB000800093D00BD
:10E45800002E00F0BA83012E00F0FD83022E00F09A
:10E468002A84032E00F0B684042E00F0E484052EDE
:10E4780000F02885062E00F08785072EDAD0082EB2
:10E4880000F0C483092E00F0D7830A2E00F01D8403
:10E49800B44BB54A0B2E18BF13463AE64FF4004367
:10E4A80037E6B24B5B6D03F00703052B3FF623AD50
:10E4B800AF4AD55C31E54FF40045676807EB470381
:10E4C800AB423FF618ADB5EB073F3FF614AD202E33
:10E4D80000F2F082012E7FF60EAD023E1E2E3FF6B0
:10E4E8000AAD01A353F826F02DEA0008FFDE000864
:10E4F80003EA0008FFDE0008FFDE0008FFDE000870
:10E50800A1E90008FFDE0008FFDE0008FFDE0008C2
:10E51800FFDE0008FFDE0008FFDE0008FFDE00085F
:10E5280035E90008FFDE0008FFDE0008FFDE00080E
:10E53800FFDE0008FFDE0008FFDE0008FFDE00083F
:10E54800FFDE0008FFDE0008FFDE0008FFDE00082F
:10E55800FFDE0008FFDE0008FFDE0008FFDE00081F
:10E56800BDE800085B08D4E54FF4803062680025F8
:10E5780000EB5203B3FBF2F39BB20DE76846FAF7E0
:10E58800A1FE636A019D03B3012B00F0CF82022B29
:10E5980000F0C782032B00F0C182042B00F02F8308
:10E5A800052B00F02983062B00F09883072B00F039
:10E5B8002684082B00F04D84092B00F09B840A2B3D
:10E5C80000F0FB840B2B00F06582002D3FF494AC27
:10E5D80073E7FAF765FE636A0546002BD4D1002D70
:10E5E8003FF48AAC69E7614B1A68950640F1A58249
:10E5F8001B685D4DC3F3C103DD4000293FF45DAFE7
:10E60800012900F04D83022900F04683032900F018
:10E618004083042900F04584052900F083840629F5
:10E6280000F0D484072900F02085082900F04F85E0
:10E63800092900F0F9850A2900F0FD850B297FF4E6
:10E648003CAF2D0A39E703A8FAF7FAFE636A049D7E
:10E65800002B99D1002D3FF44FAC2EE7002900F094
:10E668006A82012900F0DF82022900F0F282032980
:10E6780000F02883042900F0AA83052900F0D88334
:10E68800062900F02E84072900F06184082900F08B
:10E69800AF84092900F0EF840A2900F0148543F6B5
:10E6A8000955344B0B2918BF1D4606E7F9F78EFFAD
:10E6B800636A03B3012B00F0CA82022B00F0F782D1
:10E6C800032B00F07F83042B00F0B083052B00F0B0
:10E6D800EB83062B00F05084072B00F09E84082B58
:10E6E80000F0B984092B00F0E4840A2B00F070854F
:10E6F8000B2B08BF000A61684A0802EB4003B3FB12
:10E70800F1F39BB248E6002E00F03A82012E00F0A9
:10E718009A82022E00F0C682032E00F04D83042E4A
:10E7280000F07E83052E00F0BA83062E00F02184C7
:10E73800072E00F06F84082E00F08284092E00F066
:10E74800CC840A2E00F06C8547F612230A4A0B2E59
:10E7580018BF13466268002503EB5203B3FBF2F3BC
:10E768009BB219E690D003000090D00300440258F1
:10E778004CFB000800093D0000127A00A44B1A68FF
:10E78800910640F1FF811A68A24BC2F3C10223FA35
:10E7980002F206B3012E00F0B182022E00F0378398
:10E7A800032E00F06F83042E00F0C683052E00F0C0
:10E7B8000084062E00F06F84072E00F07184082E66
:10E7C80000F00385092E00F03C850A2E00F03685FE
:10E7D8000B2E08BF120A616800254B0803EB4203A1
:10E7E800B3FBF1F39BB2D7E56846FAF76BFD626AB3
:10E7F800019902B3012A00F00782022A00F01A8266
:10E80800032A00F03A82042A00F06282052A00F006
:10E81800EB82062A00F01683072A00F07483082A80
:10E8280000F0A183092A00F001840A2A00F05B8421
:10E838000B2A08BF090A62680025530803EB410345
:10E84800B3FBF2F39BB2A7E5F9F7DCFE636A03B307
:10E85800012B00F0FA81022B00F02B82032B00F031
:10E868008382042B00F0DA82052B00F02583062B27
:10E8780000F06983072B00F0C283082B00F0EE83B9
:10E88800092B00F07E840A2B00F08D840B2B08BF27
:10E89800000A616800254A0802EB4003B3FBF1F364
:10E8A8009BB279E503A8FAF7CBFD626A0499002ABE
:10E8B800C1D09FE7616A002900F05482012900F065
:10E8C8001F83022900F08B83032900F0BF830429EA
:10E8D80000F00084052900F0AA84062900F08E843F
:10E8E800072900F08784082900F0E584092900F049
:10E8F800DE840A2900F0A8844748484B0B2918BF32
:10E90800184600217B083A4618184FF0000341F1D9
:10E918000001F1F799FEA0F54073414A93423FF692
:10E92800EAAA23680025D860FFF7E6BA384A1168D2
:10E9380011F0200100F0E781136800213548C3F386
:10E94800C103D840636A0BB3012B00F04B83022B41
:10E9580000F07F83032B00F00584042B00F05D8416
:10E96800052B00F02C84062B00F0A984072B00F05F
:10E97800B484082B00F0AD84092B00F094840A2B92
:10E9880000F08D840B2B01D1000A0021090203023B
:10E9980041EA10617808B6E703A8FAF751FD049830
:10E9A800636A002102460BB3012B00F03582022B6B
:10E9B80000F08682032B00F0C182042B00F0218333
:10E9C800052B00F04D83062B00F09083072B00F0F9
:10E9D8002184082B00F00B84092B00F004840A2BF7
:10E9E80000F052840B2B01D1100A00216268090241
:10E9F800030241EA1061500886E76846FAF762FCAC
:10EA08000198636A00210246002BEFD0CCE700BFD3
:10EA1800004402580090D00300093D000000093D61
:10EA2800FFFC0F00FAF73CFC626A002103460AB3B8
:10EA3800012A00F06E82022A00F0B982032A00F04F
:10EA48002483042A00F09383052A00F0A683062A6B
:10EA580000F0DA83072A00F0D583082A00F01C8426
:10EA6800092A00F015840A2A00F02F840B2A01D104
:10EA7800030A002162680902180241EA1361530877
:10EA8800C0184FF0000341F10001F1F7DDFDA0F5DA
:10EA9800407342E72D0A002D3FF42EAA0DE5B54B31
:10EAA8005B6D03F00703052B3FF625AAB24AD55C38
:10EAB800FFF733BA402E7FF41EAA616A002900F0DE
:10EAC8004E81012900F02782022900F0848203295F
:10EAD80000F0CE82042900F05783052900F05983FD
:10EAE800062900F06883072900F06083082900F0F0
:10EAF800B783092900F0AF830A2900F0C0830B29E6
:10EB08004FF000010CBF4FF400404FF40000F9E64D
:10EB18009A4AA2FB03239B08FFF7FBBA974BA3FB78
:10EB28000535AD08002D3FF4E7A9C6E46D08002DB2
:10EB38003FF4E2A9C1E4924DBFE400295AD001296B
:10EB480000F0AC80022900F0DB80032900F061812D
:10EB5800042900F0A181052900F0EB81062900F0C5
:10EB680016820729E7D008295DD0092971D00A291A
:10EB780000F02D81834D844B0B2918BF1D469CE462
:10EB8800824BE7E5002E50D0012E00F0AF80022E18
:10EB980000F03B81032E00F07A81042E00F0C7813B
:10EBA800052E00F0FD81062E00F04D82072EE7D0DD
:10EBB800082E48D0092E75D00A2E00F03181744BEA
:10EBC800744A0B2E18BF1346C4E56F4BFFF7A1BA62
:10EBD8006A4BA3FB00308008FFF74ABB674BA3FBD7
:10EBE80000308008FFF771BB6B4AA2FB0323DB08E8
:10EBF800FFF78FBA644D60E4674BA3FB0535ED085A
:10EC0800002D3FF479A958E4490814E6634BFFF74F
:10EC180080BA4FF48043FFF77CBA4008FFF728BB5F
:10EC28004008FFF752BB5D4D47E45A4B92E54FF45D
:10EC3800804542E48908FEE5594BFFF76ABA4FF46C
:10EC48000053FFF766BA4E4B84E5400821E64008BA
:10EC580051E5534D31E4534BFFF75BBA4FF4005580
:10EC68002BE44D4BA3FB0030C008FFF72EBB4A4BEB
:10EC7800A3FB0030C008FFF7FBBA404BA3FB0123FE
:10EC88009908D8E541F25553FFF743BA464BFFF7C9
:10EC980040BA3A4BA3FB0535AD080EE4414D0CE4F0
:10ECA8006D080AE43D4B55E54FF480405EE480086A
:10ECB80021E58008EDE53D4BFFF72BBA41F25555AC
:10ECC800FFF7FBBB384DFFF7F8BB314BFFF721BA15
:10ECD800C908B0E54FF48053FFF71BBA0C23B5FB06
:10ECE800F3F5002D3FF408A9FFF7E7BB264B31E504
:10ECF800224AA2FB0323DB08FFF70BBA52086AE596
:10ED08002A4DFFF7DABB626A002A00F0C280012AA6
:10ED180000F07981022A00F0B281032A00F0C38151
:10ED2800042A00F05E82052A00F05982062A00F0C3
:10ED38009E82072A00F09982082A00F09D82092AFB
:10ED480000F097820A2A00F083820B2A184A0E4B99
:10ED58000EBF00210321134678083A4690E64FF487
:10ED68000000CFE51348CDE5044BA3FB002398082A
:10ED78008FE500BF004402584CFB0008ABAAAAAAC2
:10ED880000093D0090D003000090D00300127A00E3
:10ED980020A107000020A107CDCCCCCC80841E0088
:10EDA80040420F000048E8012A2C0A000024F40021
:10EDB800000090D00000093DCF4BCBE442F6AA20DA
:10EDC800FFF7D4BBCD4BA3FB0023980893E4CC4DAD
:10EDD800FFF773BBCB4BFFF79CB94FF48055FFF798
:10EDE8006CBB1B09FFF795B90A23B1FBF3F122E5C8
:10EDF800C54BFFF78EB940F6CC43FFF78AB92D090A
:10EE0800002D3FF479A8FFF758BBC04BA2E4920845
:10EE1800E1E4BC4DFFF751BB4008E7E5C00838E521
:10EE2800BB4B97E44FF40050FFF7A0BBC00862E467
:10EE3800B54DFFF742BBB74BFFF76BB940F6CC4572
:10EE4800FFF73BBB0C23B1FBF3F1F4E45B09FFF7DD
:10EE580060B96D09002D3FF44FA8FFF72EBBA74BF3
:10EE6800A3FB0030C008FFF703BAAB4BFFF751B95B
:10EE780040F6AA23FFF74DB9A04BA3FB0030C0080A
:10EE8800FFF723BA9D4BA3FB02239A08A3E4A34BE5
:10EE980060E4A34B03215FE79E4DFFF70EBBA14B38
:10EEA80058E4ED08FFF709BB0A23B0FBF3F022E4AE
:10EEB80041F69810FFF75ABB0A23B0FBF3F0E8E4D9
:10EEC800800893E5984BFFF724B940F6AA25FFF789
:10EED800F4BA9B09FFF71DB90A22B3FBF2F3FFF757
:10EEE80018B98D4DFFF7E9BA0009FFF7C1B98F4B83
:10EEF800FFF70FB9AD09002D3EF4FEAFFFF7DDBAFD
:10EF08008B480021FEE4090995E44FF40063FFF7FC
:10EF180000B94308AEE54FF480000021F2E400098F
:10EF2800FFF7D3B90A23B5FBF3F5FFF7C6BA814B50
:10EF380010E47D4DFFF7C1BAD2084CE40622002345
:10EF4800F1F782FB52E50C23B0FBF3F0A1E4774D17
:10EF5800FFF7B3BA4FF40065FFF7AFBA0C22B3FB63
:10EF6800F2F3FFF7D6B8490965E441F25450FFF7C8
:10EF7800FDBA714BFFF7EEBB0C23B0FBF3F0FFF7C4
:10EF8800BABBDB09FFF7C5B86C4BFFF7C2B86B4DCE
:10EF9800FFF793BA4009FFF76BB9694BFFF7B9B8A8
:10EFA800684BFFF7D7BB4FF48063FFF7B2B883080D
:10EFB80060E50A23B2FBF3F20DE4ED09002D3EF4FF
:10EFC8009BAFFFF77ABA4009FFF77FB90C23B5FB6F
:10EFD800F3F5FFF772BA4FF40010002192E45A4893
:10EFE80000218FE44008D1E44FF48065FFF765BA4B
:10EFF800534DFFF762BA4FF22443FFF78AB800096E
:10F0080047E4C008F2E4514B1146A5E64FF480509E
:10F01800FFF7ACBA3A4BFFF79DBB0009FFF76BBB94
:10F028008009FFF752B98009FFF722B9890902E47C
:10F038004FF40073FFF76DB84FF40075FFF73DBA52
:10F048003A4BFFF787BB2F4BFFF784BB40480021A3
:10F0580058E480089AE44009FFF74DBB400918E4DA
:10F068000A220023F1F7F0FAC0E42D09FFF725BAC8
:10F078003848002146E44FF22445FFF71EBA364BC4
:10F088006AE64FF40060FFF771BA00230622F1F731
:10F09800DBFA0346EEE40C23B2FBF3F2FFF79BBB6B
:10F0A8001209FFF798BB2D4B56E64FF48060FFF727
:10F0B8005DBA8009FFF71FBBC009FFF706B947F61D
:10F0C8001223FFF726B847F61225FFF7F6B96D09A0
:10F0D800FFF7F3B92248002114E4194BFFF73ABBB4
:10F0E800C009FFF7C5B8C909FFF7A5BB0C22002363
:10F0F800F1F7AAFA7AE400BF54581400ABAAAAAAF6
:10F1080020A10700AAC2A200801A06000048E80150
:10F1180040420F0000127A0015160500548545017B
:10F12800000090D000350C0000A8610090D00300CA
:10F138000080841E0024F4002A2C0A005561510026
:10F1480048E801000050C3000040420F000048E8B2
:10F15800002A2C0A00551500000024F400AAC2A2B7
:10F168000020A10706220023F1F76EFA0EE4C30877
:10F1780080E44FF48073FEF7CCBF4FF48075FFF73F
:10F188009CB98009FFF785BB4FF480100021FFF779
:10F19800B9BB53480021FFF7B5BB00230A22F1F79A
:10F1A80053FA034666E4C009FFF773BB4FF4002027
:10F1B8000021FFF7A7BB4B480021FFF7A3BB0A229A
:10F1C8000023F1F741FAFFF7E1BB5209FFF703BB50
:10F1D800C009FFF790BA4FF40070FFF7C7B9424B68
:10F1E800BAE5424BB8E590090021FFF7FFBB40099B
:10F1F800FFF7FCBB3E480021FFF784BB3D480021D8
:10F20800FFF780BB030935E400230C22F1F71CFA51
:10F2180003462FE40009FFF7E9BBC008FFF7B6BBB8
:10F228004FF22443FFF796BAAD09FFF746B93248C3
:10F238000021FFF767BBED09FFF73FB9D209FFF7D8
:10F24800CABA9209FFF7C7BA2C480021FFF75ABB80
:10F258002B4B002180E54FF400300021FFF752BB13
:10F268004FF480200021FFF74DBB264B74E5264B59
:10F2780072E5264B00216FE5254B00216CE54FF424
:10F2880080300021FFF73EBBD0090021FFF7AEBB5D
:10F2980083090021FFF7EEBB4309FFF7EBBBC00969
:10F2A8000021FFF773BB80090021FFF76FBB1948E6
:10F2B8000021FFF727BB18480021FFF723BB0C22CA
:10F2C8000023F1F7C1F9FFF761BBC3090021FFF77C
:10F2D800D1BB40090021FFF759BB0009FFF756BB16
:10F2E80000CC0C0000AA0A000000A8610000127AF5
:10F2F8000090D0030015160500801A0600127A0047
:10F308000020A1070000093D005561510040420F4F
:10F318000080841E0024F4000048E801836ADA07AC
:10F3280010B406D50168C46A4A6822F40032224340
:10F338004A609C0706D50168046B4A6822F480324B
:10F3480022434A60590706D50168446B4A6822F48B
:10F35800802222434A601A0706D50168846B4A68EE
:10F3680022F4004222434A60DC0606D50168C46BD9
:10F378008A6822F4805222438A60990606D5016879
:10F38800046C8A6822F4005222438A605A060AD51D
:10F398000168446C4A68B4F5801F22F4801242EA7E
:10F3A80004024A600BD01B0606D50268C16C53687C
:10F3B80023F400230B4353605DF8044B70474A68FD
:10F3C800846C22F4C00222434A60ECE7002370B543
:10F3D8000446C0F88830F5F789F9054623681A68A5
:10F3E80011070CD41A68520725D420220023C4F828
:10F3F80080201846C4F8842084F87C3070BDDE690B
:10F4080016F40016EED1F5F771F9431BB3F1007F3E
:10F418002368F4D31A682021032022F4D0721A60DA
:10F428009A6822F001029A60C4F8801084F87C601F
:10F43800C4F8841070BDDE6916F48006D5D1F5F7DE
:10F4480055F9431BB3F1007F2368F4D3E2E700BF0B
:10F4580080B3D0F8803010B5044633B32268242333
:10F468002046C4F88030136823F001031360FEF7C8
:10F47800F9FC012817D0A36A8BB9236820465A687B
:10F4880022F490425A609A6822F02A029A601A6816
:10F4980042F00102BDE810401A60FFF797BF20460E
:10F4A800FFF73CFFE9E7012010BD80F87C30FDF74D
:10F4B80085FBD3E701207047704700BF704700BF46
:10F4C800704700BF0B460146184600F003BA00001B
:10F4D80038B510EE104AC4F30A53B3F57D7FB7EE82
:10F4E800C07A1ED227EE077BB3F5667F6FD327EE6F
:10F4F800071B634B93ED142B93ED125B93ED0E3BBF
:10F50800A7EE025B93ED0C0B93ED104BA7EE030BEC
:10F5180027EE017BA1EE040BA5EE070BB7EEC00B9F
:10F5280038BD40F22E42934254D8554991ED086BAC
:10F5380027EE066BFDEEC66B91ED0A5B16EE903A70
:10F5480003F500031B1613F0020F06EE903A01F1C3
:10F55800700208BF0A46D807B8EEE66BA6EE457BF0
:10F5680027EE076B1AD503F0030301EBC30393EDF2
:10F57800002B92ED1A4B92ED185B92ED163BA6EE1E
:10F58800045B27EE027B27EE064B26EE046BA4EE07
:10F59800037BA5EE067BB7EEC70B38BD92ED142BA7
:10F5A80092ED127B92ED0E3B92ED0C0B92ED104B0F
:10F5B80026EE065BA6EE027BA6EE030B26EE056B97
:10F5C800A5EE040BA7EE060BB7EEC00B38BDB7EEE1
:10F5D800000A38BDB3F5FF6F3DD22A4BC4F38362EE
:10F5E80003EB820153F822200D69C4F31603C4F318
:10F5F800C25043F400038340086A03FB02F2A3FBF2
:10F608000010E3FB050202F100518D0F01F04041AB
:10F61800511AF0F7EBFF1C4B9FED177B05EBD474E9
:10F6280041EC160B14F0020FA3F1700208BF134649
:10F63800E90726EE077B27EE076B10D504F00304D5
:10F6480002EBC40494ED002B93ED1A4B93ED185B79
:10F6580093ED163B93E7BDE8384000F023B893EDEF
:10F66800142B93ED127B93ED0E3B93ED0C0B93ED66
:10F67800104B9DE7AFF30080182D4454FB21193C33
:10F68800C0FB00085CFB000830FC000810B582B025
:10F698008DED010A044600F02BF99DED010A046086
:10F6A80002B010BD70EE407AB4EE400A87EEA77A39
:10F6B800F1EE10FAB0EE470A02D62120FFF7E6BFB6
:10F6C800704700BF0000000030B510EE104AC4F3C8
:10F6D8000A53B3F57D7FB7EEC06A83B01BD226EE1E
:10F6E800065BB3F5667F70D326EE052B25EE021B6D
:10F6F800754B93ED1A3B93ED187B93ED164BA5EEE6
:10F70800037BA2EE046BB0EE460BA7EE010BB7EE3F
:10F71800C00B03B030BD40F22E42934260D86A4914
:10F7280091ED087B26EE077BFDEEC77B91ED0A5B2A
:10F7380017EE903A03F500031B1613F0020F07EEBD
:10F74800903A01F1700208BF0A46D807B8EEE77B85
:10F75800A7EE456BB0EE460B26EE067B1BD403F0F6
:10F76800030301EBC30392ED1A5B93ED003B92EDAB
:10F77800186B20EE030B92ED164BA7EE056B20EEEF
:10F78800075B27EE057BA5EE040BA6EE070BB7EE8D
:10F79800C00B03B030BD92ED142B27EE075B92ED42
:10F7A800126B92ED0E3BA7EE026B92ED0C0B92EDF5
:10F7B800104BA7EE030B27EE057BA5EE040BA6EE78
:10F7C800070BB7EEC00B03B030BD220D12F4FF6F6C
:10F7D800DFD1B7EEC55B00EE104A8DED015AD8E7D0
:10F7E800B3F5FF6F4BD2394BC4F3836203EB82014D
:10F7F80053F822200D69C4F31603C4F3C25043F42E
:10F8080000038340086A03FB02F2A3FB0010E3FB3A
:10F81800050202F100518D0F01F04041511AF0F735
:10F82800E5FE2B4B9FED267B05EBD47441EC160BC4
:10F8380014F0020FA3F1700208BF1346E90726EE81
:10F84800077B27EE076B1FD404F0030402EBC40404
:10F8580093ED1A4B94ED002B93ED185B27EE027B8A
:10F8680093ED163BA6EE045B27EE064B26EE046BE3
:10F87800A4EE037BA5EE067BB7EEC70B89E703B0C2
:10F88800BDE83040FFF70EBF93ED142B26EE065B64
:10F8980093ED127B93ED0E3BA6EE027B93ED0C0BE2
:10F8A80093ED104BA6EE030B26EE056BA5EE040BAD
:10F8B800A7EE060BB7EEC00B6BE700BFAFF30080F7
:10F8C800182D4454FB21193CC0FB00085CFB0008C0
:10F8D80030FC000810B5054C13462CB10A46014609
:10F8E8000220AFF3008010BD2046FCE700000000B6
:10F8F800014B1868704700BF7C03002470B50D4D9C
:10F908000D4C641BA4100026A64209D10B4D0C4CCB
:10F9180000F0F2F9641BA4100026A64205D170BDC0
:10F9280055F8043B98470136EEE755F8043B9847ED
:10F938000136F2E720FD000820FD000820FD000840
:10F9480044FD00080A44914200F1FF3300D170479A
:10F9580010B511F8014B03F8014F9142F9D110BDD0
:10F9680002440346934200D1704703F8011BF9E7AC
:10F97800060B00000104000001050000010800005A
:10F9880001090000392C00340200000000C13000D9
:10F9980085007800000E1403110731C148080F0CC8
:10F9A80031360F000054004000580040005C004011
:10F9B800001C0058000000400004004000080040FF
:10F9C800000C0040250026002700340035004700C1
:10F9D800520053008E00000003020000020C0000D9
:10F9E800060A000001060000088227000F312B0CD0
:10F9F8000E084EF1370710030E090000000203003D
:10FA08000000000001000000000000000000FA45AE
:10FA180000007A460000FA4600803B470080BB475A
:10FA28000030014000380040003C004000340140F4
:10FA380000500140001400580000000400000000BD
:10FA4800000000200B00FF00940000247C0000242C
:10FA5800880000244C000024B8000024A0000024E2
:10FA6800AC00002458000024DC000024C40000245A
:10FA7800D000002464000024C8180024B018002412
:10FA8800BC18002498180024EC180024D41800246A
:10FA9800E0180024A418002400010024E800002431
:10FAA800F400002470000024000000000102030498
:10FAB800010203040607080900020102000201020C
:10FAC800010002000400080010002000400080002F
:10FAD800000100020004000800100020004000801F
:10FAE800000002580004025800080258000C02588E
:10FAF800001002580014025800180258001C02583E
:10FB08000020025800240258002802580000000073
:10FB18000006101600061016018080808080808004
:10FB280004808080808080800880808080808080C1
:10FB3800108080808080808020808080808080808D
:10FB480040000000000408102040000002040810D3
:10FB580020400000A2000000F9A2000083F9A200E2
:10FB68006E83F9A24E6E83F9444E6E8315444E6E31
:10FB78002915444EFC29154427FC29155727FC292B
:10FB8800D15727FCF5D1572734F5D157DD34F5D1B6
:10FB9800C0DD34F5DBC0DD3462DBC0DD9562DBC07F
:10FBA800999562DB3C999562433C999590433C99C1
:10FBB8004190433C00000000000000000000F03FBE
:10FBC800000000000000F0BF000000000000F0BFCF
:10FBD800000000000000F03F83C8C96D305F644139
:10FBE800182D4454FB21F93F000000000000F03FAD
:10FBF8001C620CFDFFFFDFBF198F06E15355A53FBF
:10FC08009D359AE887C056BFC3F87B024393F93EF7
:10FC180003A695595455C5BFC40B23057610813FDB
:10FC280024CF7437EB9429BF000000000000F03F98
:10FC3800000000000000F0BF000000000000F0BF5E
:10FC4800000000000000F03F83C8C96D305F6441C8
:10FC5800182D4454FB21F93F000000000000F0BFBC
:10FC68001C620CFDFFFFDF3F198F06E15355A5BF4E
:10FC78009D359AE887C0563FC3F87B024393F9BE87
:10FC880003A695595455C5BFC40B23057610813F6B
:10FC980024CF7437EB9429BF000000000000000057
:10FCA800000000000000000000000000000000004C
:10FCB800000000000000000000000000000000003C
:10FCC800000000000000000000000000000000002C
:10FCD800000000000000000000000000000000001C
:10FCE800000000000000000000000000000000000C
:10FCF8000000000000000000F8B500BFF8BC08BC18
:10FD08009E467047F8B500BFF8BC08BC9E467047D1
:08FD18006809FF7F01000000F3
:10FD2000BD0200089D0B0008111B0008612300089C
:10FD30008D2900086D3B00082D420008EDC5000824
:04FD40003DD20008A8
:04FD44009902000818
:10FD4800000000001000000000000000000000009B
:10FD5800000000000000000000000000100000008B
:10FD6800000000000000000000000000000000008B
:10FD7800000000001000000000000000000000006B
:10FD8800000000000000000000000000060A050056
:10FD98000405000000000000010C0501040701092A
:10FDA800050000000004060000000000000000003C
:10FDB8000004080000000000000000000104050025
:10FDC80006050609050000000105050007050000F5
:10FDD80000000000060B05000505000000000000FB
:10FDE800010E0502020500000000000002010501E5
:10FDF8000F050203050000000303050000000000D2
:10FE080000000000020B06010406000000000000CC
:10FE1800020C06010507000000000000020A0600A7
:10FE280000000000000000000104080006080000AF
:10FE3800000000000105080007080000000000009D
:10FE4800000508000000000000000000000000009D
:10FE5800000000000000000000000000000000009A
:10FE68000000000001000000000000000000000089
:10FE7800000000000000000000000000000000007A
:10FE88000100000000000000000000000000000069
:10FE98000000000000000000000000000100000059
:10FEA800000000000000000000000000000000004A
:10FEB8000000000000000000010000000090D003D6
:10FEC8000090D003010000001000000000000000B6
:10FED800000000000000000000000000000000001A
:10FEE8000000000001000000000000000000000009
:10FEF80000000000000000000000000000000000FA
:10FF080001000000000000000000000000000000E8
:10FF180000000000000000000000000001000000D8
:10FF280000000000000000000000000000000000C9
:10FF380000000000000000000100000000000000B8
:10FF480000000000000000000000000000000000A9
:10FF58000000000001000000000000000000000098
:10FF68000000000000000000000000000000000089
:10FF78000100000000000000000000000000000078
:10FF88000000000000000000000000000100000068
:10FF98000000000000000000000000000000000059
:10FFA8000000000000000000010000000000000048
:10FFB8000000000000000000000000000000000039
:10FFC8000000000001000000010708000000000018
:10FFD800000000000106080000000000000000000A
:10FFE8000B00FF0034030024280300244C030024E2
:08FFF80040030024640300240F
:020000040801F1
:1000000058030024F8020024EC020024100300240A
:10001000040300249C300024700300241C030024EB
:10002000783000249030002484300024940200248E
:1000300088020024010808020B08000108000000E3
:10004000010908020A08000008000000010C0E0364
:10005000020801050E000000020C0801060E000057
:100060000000000001040B00000000000000000080
:10007000010707010F04000000000000010607014E
:100080000E04000000000000000307000000000054
:100090000000000000020700000000000000000057
:1000A000020B07000000000000000000020A070029
:1000B000000000000000000006090700000000002A
:1000C000000000008003002400000000C0FC0008C5
:1000D000E0FC0008A0FC0008000000000000000098
:1000E0000000000000000000000000000000000010
:1000F0000000000000000000000000000000000000
:1001000000000000000000000000000000000000EF
:1001100000000000000000000000000000000000DF
:080120000000000000000000D7
:04000005080009598D
:00000001FF
