ARM GAS  /var/folders/0b/4qn_4lxx65nfvy4wf60ckd5w0000gn/T//ccJimYrc.s 			page 1


   1              		.cpu cortex-m7
   2              		.arch armv7e-m
   3              		.fpu fpv5-d16
   4              		.eabi_attribute 28, 1
   5              		.eabi_attribute 20, 1
   6              		.eabi_attribute 21, 1
   7              		.eabi_attribute 23, 3
   8              		.eabi_attribute 24, 1
   9              		.eabi_attribute 25, 1
  10              		.eabi_attribute 26, 1
  11              		.eabi_attribute 30, 2
  12              		.eabi_attribute 34, 1
  13              		.eabi_attribute 18, 4
  14              		.file	"ili9341.cpp"
  15              		.text
  16              	.Ltext0:
  17              		.cfi_sections	.debug_frame
  18              		.section	.text._ZL24ILI9341_SetAddressWindowtttt,"ax",%progbits
  19              		.align	1
  20              		.p2align 2,,3
  21              		.syntax unified
  22              		.thumb
  23              		.thumb_func
  25              	_ZL24ILI9341_SetAddressWindowtttt:
  26              	.LVL0:
  27              	.LFB4487:
  28              		.file 1 "adafruit_tft/ili9341.cpp"
   1:adafruit_tft/ili9341.cpp **** /* vim: set ai et ts=4 sw=4: */
   2:adafruit_tft/ili9341.cpp **** #include "stm32h7xx_hal.h"
   3:adafruit_tft/ili9341.cpp **** #include "ili9341.hpp"
   4:adafruit_tft/ili9341.cpp **** 
   5:adafruit_tft/ili9341.cpp **** uint8_t DMA_BUFFER_MEM_SECTION buffer[16];
   6:adafruit_tft/ili9341.cpp **** 
   7:adafruit_tft/ili9341.cpp **** static void ILI9341_Select() {
   8:adafruit_tft/ili9341.cpp ****     gpio_cs.Write(false);
   9:adafruit_tft/ili9341.cpp **** }
  10:adafruit_tft/ili9341.cpp **** 
  11:adafruit_tft/ili9341.cpp **** void ILI9341_Unselect() {
  12:adafruit_tft/ili9341.cpp ****     gpio_cs.Write(true);
  13:adafruit_tft/ili9341.cpp **** }
  14:adafruit_tft/ili9341.cpp **** 
  15:adafruit_tft/ili9341.cpp **** static void ILI9341_Reset() {
  16:adafruit_tft/ili9341.cpp ****     gpio_res.Write(false);
  17:adafruit_tft/ili9341.cpp ****     hw.DelayMs(5);  
  18:adafruit_tft/ili9341.cpp ****     gpio_res.Write(true);
  19:adafruit_tft/ili9341.cpp **** }
  20:adafruit_tft/ili9341.cpp **** 
  21:adafruit_tft/ili9341.cpp **** static void ILI9341_WriteCommand(uint8_t cmd) {
  22:adafruit_tft/ili9341.cpp ****     gpio_dc.Write(false);
  23:adafruit_tft/ili9341.cpp ****     buffer[0] = cmd;
  24:adafruit_tft/ili9341.cpp ****     spi_handle.DmaTransmit(buffer, sizeof(cmd), NULL, NULL, NULL);
  25:adafruit_tft/ili9341.cpp **** }
  26:adafruit_tft/ili9341.cpp **** 
  27:adafruit_tft/ili9341.cpp **** static void ILI9341_WriteData(uint8_t* buff, size_t buff_size) {
  28:adafruit_tft/ili9341.cpp ****     gpio_dc.Write(true);
  29:adafruit_tft/ili9341.cpp **** 
  30:adafruit_tft/ili9341.cpp ****     size_t buffer_size = sizeof(buffer);
ARM GAS  /var/folders/0b/4qn_4lxx65nfvy4wf60ckd5w0000gn/T//ccJimYrc.s 			page 2


  31:adafruit_tft/ili9341.cpp **** 
  32:adafruit_tft/ili9341.cpp ****     // Split buff data into chunks that fit into the fixed size DMA buffer
  33:adafruit_tft/ili9341.cpp ****     if (buff_size > buffer_size) {
  34:adafruit_tft/ili9341.cpp ****         while(buff_size > 0) {
  35:adafruit_tft/ili9341.cpp ****             uint16_t chunk_size = buff_size > buffer_size ? buffer_size : buff_size;
  36:adafruit_tft/ili9341.cpp ****             memcpy(buffer, buff, chunk_size);
  37:adafruit_tft/ili9341.cpp ****             spi_handle.DmaTransmit(buffer, chunk_size, NULL, NULL, NULL);
  38:adafruit_tft/ili9341.cpp ****             buff += chunk_size;
  39:adafruit_tft/ili9341.cpp ****             buff_size -= chunk_size;
  40:adafruit_tft/ili9341.cpp ****         }
  41:adafruit_tft/ili9341.cpp ****     } else {
  42:adafruit_tft/ili9341.cpp ****         memcpy(buffer, buff, buff_size);
  43:adafruit_tft/ili9341.cpp ****         spi_handle.DmaTransmit(buffer, buff_size, NULL, NULL, NULL);
  44:adafruit_tft/ili9341.cpp ****     }
  45:adafruit_tft/ili9341.cpp **** 
  46:adafruit_tft/ili9341.cpp **** }
  47:adafruit_tft/ili9341.cpp **** 
  48:adafruit_tft/ili9341.cpp **** static void ILI9341_SetAddressWindow(uint16_t x0, uint16_t y0, uint16_t x1, uint16_t y1) {
  29              		.loc 1 48 90 view -0
  30              		.cfi_startproc
  31              		@ args = 0, pretend = 0, frame = 8
  32              		@ frame_needed = 0, uses_anonymous_args = 0
  49:adafruit_tft/ili9341.cpp ****     // column address set
  50:adafruit_tft/ili9341.cpp ****     ILI9341_WriteCommand(0x2A); // CASET
  33              		.loc 1 50 5 view .LVU1
  34              	.LBB84:
  35              	.LBI84:
  21:adafruit_tft/ili9341.cpp ****     gpio_dc.Write(false);
  36              		.loc 1 21 13 view .LVU2
  37              	.LBB85:
  22:adafruit_tft/ili9341.cpp ****     buffer[0] = cmd;
  38              		.loc 1 22 5 view .LVU3
  39              	.LBE85:
  40              	.LBE84:
  48:adafruit_tft/ili9341.cpp ****     // column address set
  41              		.loc 1 48 90 is_stmt 0 view .LVU4
  42 0000 2DE9F04F 		push	{r4, r5, r6, r7, r8, r9, r10, fp, lr}
  43              		.cfi_def_cfa_offset 36
  44              		.cfi_offset 4, -36
  45              		.cfi_offset 5, -32
  46              		.cfi_offset 6, -28
  47              		.cfi_offset 7, -24
  48              		.cfi_offset 8, -20
  49              		.cfi_offset 9, -16
  50              		.cfi_offset 10, -12
  51              		.cfi_offset 11, -8
  52              		.cfi_offset 14, -4
  53              	.LBB89:
  54              	.LBB86:
  24:adafruit_tft/ili9341.cpp **** }
  55              		.loc 1 24 27 view .LVU5
  56 0004 0024     		movs	r4, #0
  22:adafruit_tft/ili9341.cpp ****     buffer[0] = cmd;
  57              		.loc 1 22 18 view .LVU6
  58 0006 DFF8D4B0 		ldr	fp, .L4+4
  59              	.LBE86:
  60              	.LBE89:
ARM GAS  /var/folders/0b/4qn_4lxx65nfvy4wf60ckd5w0000gn/T//ccJimYrc.s 			page 3


  48:adafruit_tft/ili9341.cpp ****     // column address set
  61              		.loc 1 48 90 view .LVU7
  62 000a 85B0     		sub	sp, sp, #20
  63              		.cfi_def_cfa_offset 56
  48:adafruit_tft/ili9341.cpp ****     // column address set
  64              		.loc 1 48 90 view .LVU8
  65 000c 8146     		mov	r9, r0
  66 000e 0F46     		mov	r7, r1
  67              	.LBB90:
  68              	.LBB87:
  22:adafruit_tft/ili9341.cpp ****     buffer[0] = cmd;
  69              		.loc 1 22 18 view .LVU9
  70 0010 5846     		mov	r0, fp
  71              	.LVL1:
  22:adafruit_tft/ili9341.cpp ****     buffer[0] = cmd;
  72              		.loc 1 22 18 view .LVU10
  73 0012 2146     		mov	r1, r4
  74              	.LVL2:
  23:adafruit_tft/ili9341.cpp ****     spi_handle.DmaTransmit(buffer, sizeof(cmd), NULL, NULL, NULL);
  75              		.loc 1 23 15 view .LVU11
  76 0014 304D     		ldr	r5, .L4
  24:adafruit_tft/ili9341.cpp **** }
  77              		.loc 1 24 27 view .LVU12
  78 0016 DFF8C8A0 		ldr	r10, .L4+8
  79              	.LBE87:
  80              	.LBE90:
  48:adafruit_tft/ili9341.cpp ****     // column address set
  81              		.loc 1 48 90 view .LVU13
  82 001a 9046     		mov	r8, r2
  83 001c 1E46     		mov	r6, r3
  84              	.LBB91:
  85              	.LBB88:
  22:adafruit_tft/ili9341.cpp ****     buffer[0] = cmd;
  86              		.loc 1 22 18 view .LVU14
  87 001e FFF7FEFF 		bl	_ZN5daisy4GPIO5WriteEb
  88              	.LVL3:
  23:adafruit_tft/ili9341.cpp ****     spi_handle.DmaTransmit(buffer, sizeof(cmd), NULL, NULL, NULL);
  89              		.loc 1 23 5 is_stmt 1 view .LVU15
  23:adafruit_tft/ili9341.cpp ****     spi_handle.DmaTransmit(buffer, sizeof(cmd), NULL, NULL, NULL);
  90              		.loc 1 23 15 is_stmt 0 view .LVU16
  91 0022 2A23     		movs	r3, #42
  24:adafruit_tft/ili9341.cpp **** }
  92              		.loc 1 24 27 view .LVU17
  93 0024 0122     		movs	r2, #1
  94 0026 2946     		mov	r1, r5
  95 0028 5046     		mov	r0, r10
  23:adafruit_tft/ili9341.cpp ****     spi_handle.DmaTransmit(buffer, sizeof(cmd), NULL, NULL, NULL);
  96              		.loc 1 23 15 view .LVU18
  97 002a 2B70     		strb	r3, [r5]
  24:adafruit_tft/ili9341.cpp **** }
  98              		.loc 1 24 5 is_stmt 1 view .LVU19
  24:adafruit_tft/ili9341.cpp **** }
  99              		.loc 1 24 27 is_stmt 0 view .LVU20
 100 002c 2346     		mov	r3, r4
 101 002e CDE90044 		strd	r4, r4, [sp]
 102 0032 FFF7FEFF 		bl	_ZN5daisy9SpiHandle11DmaTransmitEPhjPFvPvEPFvS2_NS0_6ResultEES2_
 103              	.LVL4:
ARM GAS  /var/folders/0b/4qn_4lxx65nfvy4wf60ckd5w0000gn/T//ccJimYrc.s 			page 4


  24:adafruit_tft/ili9341.cpp **** }
 104              		.loc 1 24 27 view .LVU21
 105              	.LBE88:
 106              	.LBE91:
  51:adafruit_tft/ili9341.cpp ****     {
 107              		.loc 1 51 5 is_stmt 1 view .LVU22
 108              	.LBB92:
  52:adafruit_tft/ili9341.cpp ****         uint8_t data[] = { (x0 >> 8) & 0xFF, x0 & 0xFF, (x1 >> 8) & 0xFF, x1 & 0xFF };
 109              		.loc 1 52 9 view .LVU23
 110              		.loc 1 52 85 is_stmt 0 view .LVU24
 111 0036 8DF80D90 		strb	r9, [sp, #13]
 112 003a 8DF80F80 		strb	r8, [sp, #15]
  53:adafruit_tft/ili9341.cpp ****         ILI9341_WriteData(data, sizeof(data));
 113              		.loc 1 53 9 is_stmt 1 view .LVU25
 114              	.LVL5:
 115              	.LBB93:
 116              	.LBI93:
  27:adafruit_tft/ili9341.cpp ****     gpio_dc.Write(true);
 117              		.loc 1 27 13 view .LVU26
 118              	.LBB94:
  28:adafruit_tft/ili9341.cpp **** 
 119              		.loc 1 28 5 view .LVU27
 120              	.LBE94:
 121              	.LBE93:
  52:adafruit_tft/ili9341.cpp ****         ILI9341_WriteData(data, sizeof(data));
 122              		.loc 1 52 32 is_stmt 0 view .LVU28
 123 003e 4FEA1929 		lsr	r9, r9, #8
  52:adafruit_tft/ili9341.cpp ****         ILI9341_WriteData(data, sizeof(data));
 124              		.loc 1 52 61 view .LVU29
 125 0042 4FEA1828 		lsr	r8, r8, #8
 126              	.LBB98:
 127              	.LBB96:
  28:adafruit_tft/ili9341.cpp **** 
 128              		.loc 1 28 18 view .LVU30
 129 0046 5846     		mov	r0, fp
 130 0048 0121     		movs	r1, #1
 131              	.LBE96:
 132              	.LBE98:
  52:adafruit_tft/ili9341.cpp ****         ILI9341_WriteData(data, sizeof(data));
 133              		.loc 1 52 85 view .LVU31
 134 004a 8DF80C90 		strb	r9, [sp, #12]
 135 004e 8DF80E80 		strb	r8, [sp, #14]
 136              	.LBB99:
 137              	.LBB97:
  28:adafruit_tft/ili9341.cpp **** 
 138              		.loc 1 28 18 view .LVU32
 139 0052 FFF7FEFF 		bl	_ZN5daisy4GPIO5WriteEb
 140              	.LVL6:
  30:adafruit_tft/ili9341.cpp **** 
 141              		.loc 1 30 5 is_stmt 1 view .LVU33
  33:adafruit_tft/ili9341.cpp ****         while(buff_size > 0) {
 142              		.loc 1 33 5 view .LVU34
 143              	.LBB95:
  42:adafruit_tft/ili9341.cpp ****         spi_handle.DmaTransmit(buffer, buff_size, NULL, NULL, NULL);
 144              		.loc 1 42 9 view .LVU35
  42:adafruit_tft/ili9341.cpp ****         spi_handle.DmaTransmit(buffer, buff_size, NULL, NULL, NULL);
 145              		.loc 1 42 15 is_stmt 0 view .LVU36
ARM GAS  /var/folders/0b/4qn_4lxx65nfvy4wf60ckd5w0000gn/T//ccJimYrc.s 			page 5


 146 0056 039B     		ldr	r3, [sp, #12]
  43:adafruit_tft/ili9341.cpp ****     }
 147              		.loc 1 43 31 view .LVU37
 148 0058 0422     		movs	r2, #4
 149 005a 2946     		mov	r1, r5
 150 005c 5046     		mov	r0, r10
  42:adafruit_tft/ili9341.cpp ****         spi_handle.DmaTransmit(buffer, buff_size, NULL, NULL, NULL);
 151              		.loc 1 42 15 view .LVU38
 152 005e 2B60     		str	r3, [r5]
  43:adafruit_tft/ili9341.cpp ****     }
 153              		.loc 1 43 9 is_stmt 1 view .LVU39
  43:adafruit_tft/ili9341.cpp ****     }
 154              		.loc 1 43 31 is_stmt 0 view .LVU40
 155 0060 2346     		mov	r3, r4
 156 0062 CDE90044 		strd	r4, r4, [sp]
 157 0066 FFF7FEFF 		bl	_ZN5daisy9SpiHandle11DmaTransmitEPhjPFvPvEPFvS2_NS0_6ResultEES2_
 158              	.LVL7:
  43:adafruit_tft/ili9341.cpp ****     }
 159              		.loc 1 43 31 view .LVU41
 160              	.LBE95:
 161              	.LBE97:
 162              	.LBE99:
 163              	.LBE92:
  54:adafruit_tft/ili9341.cpp ****     }
  55:adafruit_tft/ili9341.cpp **** 
  56:adafruit_tft/ili9341.cpp ****     // row address set
  57:adafruit_tft/ili9341.cpp ****     ILI9341_WriteCommand(0x2B); // RASET
 164              		.loc 1 57 5 is_stmt 1 view .LVU42
 165              	.LBB100:
 166              	.LBI100:
  21:adafruit_tft/ili9341.cpp ****     gpio_dc.Write(false);
 167              		.loc 1 21 13 view .LVU43
 168              	.LBB101:
  22:adafruit_tft/ili9341.cpp ****     buffer[0] = cmd;
 169              		.loc 1 22 5 view .LVU44
  22:adafruit_tft/ili9341.cpp ****     buffer[0] = cmd;
 170              		.loc 1 22 18 is_stmt 0 view .LVU45
 171 006a 2146     		mov	r1, r4
 172 006c 5846     		mov	r0, fp
 173 006e FFF7FEFF 		bl	_ZN5daisy4GPIO5WriteEb
 174              	.LVL8:
  23:adafruit_tft/ili9341.cpp ****     spi_handle.DmaTransmit(buffer, sizeof(cmd), NULL, NULL, NULL);
 175              		.loc 1 23 5 is_stmt 1 view .LVU46
  23:adafruit_tft/ili9341.cpp ****     spi_handle.DmaTransmit(buffer, sizeof(cmd), NULL, NULL, NULL);
 176              		.loc 1 23 15 is_stmt 0 view .LVU47
 177 0072 2B23     		movs	r3, #43
  24:adafruit_tft/ili9341.cpp **** }
 178              		.loc 1 24 27 view .LVU48
 179 0074 0122     		movs	r2, #1
 180 0076 2946     		mov	r1, r5
  23:adafruit_tft/ili9341.cpp ****     spi_handle.DmaTransmit(buffer, sizeof(cmd), NULL, NULL, NULL);
 181              		.loc 1 23 15 view .LVU49
 182 0078 2B70     		strb	r3, [r5]
  24:adafruit_tft/ili9341.cpp **** }
 183              		.loc 1 24 5 is_stmt 1 view .LVU50
  24:adafruit_tft/ili9341.cpp **** }
 184              		.loc 1 24 27 is_stmt 0 view .LVU51
ARM GAS  /var/folders/0b/4qn_4lxx65nfvy4wf60ckd5w0000gn/T//ccJimYrc.s 			page 6


 185 007a 5046     		mov	r0, r10
 186 007c 2346     		mov	r3, r4
 187 007e CDE90044 		strd	r4, r4, [sp]
 188 0082 FFF7FEFF 		bl	_ZN5daisy9SpiHandle11DmaTransmitEPhjPFvPvEPFvS2_NS0_6ResultEES2_
 189              	.LVL9:
  24:adafruit_tft/ili9341.cpp **** }
 190              		.loc 1 24 27 view .LVU52
 191              	.LBE101:
 192              	.LBE100:
  58:adafruit_tft/ili9341.cpp ****     {
 193              		.loc 1 58 5 is_stmt 1 view .LVU53
 194              	.LBB102:
  59:adafruit_tft/ili9341.cpp ****         uint8_t data[] = { (y0 >> 8) & 0xFF, y0 & 0xFF, (y1 >> 8) & 0xFF, y1 & 0xFF };
 195              		.loc 1 59 9 view .LVU54
 196              		.loc 1 59 85 is_stmt 0 view .LVU55
 197 0086 8DF80D70 		strb	r7, [sp, #13]
 198 008a 8DF80F60 		strb	r6, [sp, #15]
  60:adafruit_tft/ili9341.cpp ****         ILI9341_WriteData(data, sizeof(data));
 199              		.loc 1 60 9 is_stmt 1 view .LVU56
 200              	.LVL10:
 201              	.LBB103:
 202              	.LBI103:
  27:adafruit_tft/ili9341.cpp ****     gpio_dc.Write(true);
 203              		.loc 1 27 13 view .LVU57
 204              	.LBB104:
  28:adafruit_tft/ili9341.cpp **** 
 205              		.loc 1 28 5 view .LVU58
 206              	.LBE104:
 207              	.LBE103:
  59:adafruit_tft/ili9341.cpp ****         ILI9341_WriteData(data, sizeof(data));
 208              		.loc 1 59 32 is_stmt 0 view .LVU59
 209 008e 3F0A     		lsrs	r7, r7, #8
  59:adafruit_tft/ili9341.cpp ****         ILI9341_WriteData(data, sizeof(data));
 210              		.loc 1 59 61 view .LVU60
 211 0090 360A     		lsrs	r6, r6, #8
 212              	.LBB108:
 213              	.LBB106:
  28:adafruit_tft/ili9341.cpp **** 
 214              		.loc 1 28 18 view .LVU61
 215 0092 5846     		mov	r0, fp
 216 0094 0121     		movs	r1, #1
 217              	.LBE106:
 218              	.LBE108:
  59:adafruit_tft/ili9341.cpp ****         ILI9341_WriteData(data, sizeof(data));
 219              		.loc 1 59 85 view .LVU62
 220 0096 8DF80C70 		strb	r7, [sp, #12]
 221 009a 8DF80E60 		strb	r6, [sp, #14]
 222              	.LBB109:
 223              	.LBB107:
  28:adafruit_tft/ili9341.cpp **** 
 224              		.loc 1 28 18 view .LVU63
 225 009e FFF7FEFF 		bl	_ZN5daisy4GPIO5WriteEb
 226              	.LVL11:
  30:adafruit_tft/ili9341.cpp **** 
 227              		.loc 1 30 5 is_stmt 1 view .LVU64
  33:adafruit_tft/ili9341.cpp ****         while(buff_size > 0) {
 228              		.loc 1 33 5 view .LVU65
ARM GAS  /var/folders/0b/4qn_4lxx65nfvy4wf60ckd5w0000gn/T//ccJimYrc.s 			page 7


 229              	.LBB105:
  42:adafruit_tft/ili9341.cpp ****         spi_handle.DmaTransmit(buffer, buff_size, NULL, NULL, NULL);
 230              		.loc 1 42 9 view .LVU66
  42:adafruit_tft/ili9341.cpp ****         spi_handle.DmaTransmit(buffer, buff_size, NULL, NULL, NULL);
 231              		.loc 1 42 15 is_stmt 0 view .LVU67
 232 00a2 039B     		ldr	r3, [sp, #12]
  43:adafruit_tft/ili9341.cpp ****     }
 233              		.loc 1 43 31 view .LVU68
 234 00a4 0422     		movs	r2, #4
 235 00a6 2946     		mov	r1, r5
 236 00a8 5046     		mov	r0, r10
  42:adafruit_tft/ili9341.cpp ****         spi_handle.DmaTransmit(buffer, buff_size, NULL, NULL, NULL);
 237              		.loc 1 42 15 view .LVU69
 238 00aa 2B60     		str	r3, [r5]
  43:adafruit_tft/ili9341.cpp ****     }
 239              		.loc 1 43 9 is_stmt 1 view .LVU70
  43:adafruit_tft/ili9341.cpp ****     }
 240              		.loc 1 43 31 is_stmt 0 view .LVU71
 241 00ac 2346     		mov	r3, r4
 242 00ae CDE90044 		strd	r4, r4, [sp]
 243 00b2 FFF7FEFF 		bl	_ZN5daisy9SpiHandle11DmaTransmitEPhjPFvPvEPFvS2_NS0_6ResultEES2_
 244              	.LVL12:
  43:adafruit_tft/ili9341.cpp ****     }
 245              		.loc 1 43 31 view .LVU72
 246              	.LBE105:
 247              	.LBE107:
 248              	.LBE109:
 249              	.LBE102:
  61:adafruit_tft/ili9341.cpp ****     }
  62:adafruit_tft/ili9341.cpp **** 
  63:adafruit_tft/ili9341.cpp ****     // write to RAM
  64:adafruit_tft/ili9341.cpp ****     ILI9341_WriteCommand(0x2C); // RAMWR
 250              		.loc 1 64 5 is_stmt 1 view .LVU73
 251              	.LBB110:
 252              	.LBI110:
  21:adafruit_tft/ili9341.cpp ****     gpio_dc.Write(false);
 253              		.loc 1 21 13 view .LVU74
 254              	.LBB111:
  22:adafruit_tft/ili9341.cpp ****     buffer[0] = cmd;
 255              		.loc 1 22 5 view .LVU75
  22:adafruit_tft/ili9341.cpp ****     buffer[0] = cmd;
 256              		.loc 1 22 18 is_stmt 0 view .LVU76
 257 00b6 2146     		mov	r1, r4
 258 00b8 5846     		mov	r0, fp
 259 00ba FFF7FEFF 		bl	_ZN5daisy4GPIO5WriteEb
 260              	.LVL13:
  23:adafruit_tft/ili9341.cpp ****     spi_handle.DmaTransmit(buffer, sizeof(cmd), NULL, NULL, NULL);
 261              		.loc 1 23 5 is_stmt 1 view .LVU77
  23:adafruit_tft/ili9341.cpp ****     spi_handle.DmaTransmit(buffer, sizeof(cmd), NULL, NULL, NULL);
 262              		.loc 1 23 15 is_stmt 0 view .LVU78
 263 00be 2C22     		movs	r2, #44
  24:adafruit_tft/ili9341.cpp **** }
 264              		.loc 1 24 27 view .LVU79
 265 00c0 2346     		mov	r3, r4
 266 00c2 2946     		mov	r1, r5
  23:adafruit_tft/ili9341.cpp ****     spi_handle.DmaTransmit(buffer, sizeof(cmd), NULL, NULL, NULL);
 267              		.loc 1 23 15 view .LVU80
ARM GAS  /var/folders/0b/4qn_4lxx65nfvy4wf60ckd5w0000gn/T//ccJimYrc.s 			page 8


 268 00c4 2A70     		strb	r2, [r5]
  24:adafruit_tft/ili9341.cpp **** }
 269              		.loc 1 24 5 is_stmt 1 view .LVU81
  24:adafruit_tft/ili9341.cpp **** }
 270              		.loc 1 24 27 is_stmt 0 view .LVU82
 271 00c6 0122     		movs	r2, #1
 272 00c8 5046     		mov	r0, r10
 273 00ca CDE90044 		strd	r4, r4, [sp]
 274 00ce FFF7FEFF 		bl	_ZN5daisy9SpiHandle11DmaTransmitEPhjPFvPvEPFvS2_NS0_6ResultEES2_
 275              	.LVL14:
  24:adafruit_tft/ili9341.cpp **** }
 276              		.loc 1 24 27 view .LVU83
 277              	.LBE111:
 278              	.LBE110:
  65:adafruit_tft/ili9341.cpp **** }
 279              		.loc 1 65 1 view .LVU84
 280 00d2 05B0     		add	sp, sp, #20
 281              		.cfi_def_cfa_offset 36
 282              		@ sp needed
 283 00d4 BDE8F08F 		pop	{r4, r5, r6, r7, r8, r9, r10, fp, pc}
 284              	.L5:
 285              		.align	2
 286              	.L4:
 287 00d8 00000000 		.word	.LANCHOR0
 288 00dc 00000000 		.word	gpio_dc
 289 00e0 00000000 		.word	spi_handle
 290              		.cfi_endproc
 291              	.LFE4487:
 293              		.section	.text._Z21ILI9341_FillRectanglettttt.part.0,"ax",%progbits
 294              		.align	1
 295              		.p2align 2,,3
 296              		.syntax unified
 297              		.thumb
 298              		.thumb_func
 300              	_Z21ILI9341_FillRectanglettttt.part.0:
 301              	.LVL15:
 302              	.LFB4688:
  66:adafruit_tft/ili9341.cpp **** 
  67:adafruit_tft/ili9341.cpp **** void ILI9341_Init() {
  68:adafruit_tft/ili9341.cpp ****     ILI9341_Select();
  69:adafruit_tft/ili9341.cpp ****     ILI9341_Reset();
  70:adafruit_tft/ili9341.cpp **** 
  71:adafruit_tft/ili9341.cpp ****     // command list is based on https://github.com/martnak/STM32-ILI9341
  72:adafruit_tft/ili9341.cpp **** 
  73:adafruit_tft/ili9341.cpp ****     // SOFTWARE RESET
  74:adafruit_tft/ili9341.cpp ****     ILI9341_WriteCommand(0x01);
  75:adafruit_tft/ili9341.cpp ****     hw.DelayMs(1000);
  76:adafruit_tft/ili9341.cpp ****         
  77:adafruit_tft/ili9341.cpp ****     // POWER CONTROL A
  78:adafruit_tft/ili9341.cpp ****     ILI9341_WriteCommand(0xCB);
  79:adafruit_tft/ili9341.cpp ****     {
  80:adafruit_tft/ili9341.cpp ****         uint8_t data[] = { 0x39, 0x2C, 0x00, 0x34, 0x02 };
  81:adafruit_tft/ili9341.cpp ****         ILI9341_WriteData(data, sizeof(data));
  82:adafruit_tft/ili9341.cpp ****     }
  83:adafruit_tft/ili9341.cpp **** 
  84:adafruit_tft/ili9341.cpp ****     // POWER CONTROL B
  85:adafruit_tft/ili9341.cpp ****     ILI9341_WriteCommand(0xCF);
ARM GAS  /var/folders/0b/4qn_4lxx65nfvy4wf60ckd5w0000gn/T//ccJimYrc.s 			page 9


  86:adafruit_tft/ili9341.cpp ****     {
  87:adafruit_tft/ili9341.cpp ****         uint8_t data[] = { 0x00, 0xC1, 0x30 };
  88:adafruit_tft/ili9341.cpp ****         ILI9341_WriteData(data, sizeof(data));
  89:adafruit_tft/ili9341.cpp ****     }
  90:adafruit_tft/ili9341.cpp **** 
  91:adafruit_tft/ili9341.cpp ****     // DRIVER TIMING CONTROL A
  92:adafruit_tft/ili9341.cpp ****     ILI9341_WriteCommand(0xE8);
  93:adafruit_tft/ili9341.cpp ****     {
  94:adafruit_tft/ili9341.cpp ****         uint8_t data[] = { 0x85, 0x00, 0x78 };
  95:adafruit_tft/ili9341.cpp ****         ILI9341_WriteData(data, sizeof(data));
  96:adafruit_tft/ili9341.cpp ****     }
  97:adafruit_tft/ili9341.cpp **** 
  98:adafruit_tft/ili9341.cpp ****     // DRIVER TIMING CONTROL B
  99:adafruit_tft/ili9341.cpp ****     ILI9341_WriteCommand(0xEA);
 100:adafruit_tft/ili9341.cpp ****     {
 101:adafruit_tft/ili9341.cpp ****         uint8_t data[] = { 0x00, 0x00 };
 102:adafruit_tft/ili9341.cpp ****         ILI9341_WriteData(data, sizeof(data));
 103:adafruit_tft/ili9341.cpp ****     }
 104:adafruit_tft/ili9341.cpp **** 
 105:adafruit_tft/ili9341.cpp ****     // POWER ON SEQUENCE CONTROL
 106:adafruit_tft/ili9341.cpp ****     ILI9341_WriteCommand(0xED);
 107:adafruit_tft/ili9341.cpp ****     {
 108:adafruit_tft/ili9341.cpp ****         uint8_t data[] = { 0x64, 0x03, 0x12, 0x81 };
 109:adafruit_tft/ili9341.cpp ****         ILI9341_WriteData(data, sizeof(data));
 110:adafruit_tft/ili9341.cpp ****     }
 111:adafruit_tft/ili9341.cpp **** 
 112:adafruit_tft/ili9341.cpp ****     // PUMP RATIO CONTROL
 113:adafruit_tft/ili9341.cpp ****     ILI9341_WriteCommand(0xF7);
 114:adafruit_tft/ili9341.cpp ****     {
 115:adafruit_tft/ili9341.cpp ****         uint8_t data[] = { 0x20 };
 116:adafruit_tft/ili9341.cpp ****         ILI9341_WriteData(data, sizeof(data));
 117:adafruit_tft/ili9341.cpp ****     }
 118:adafruit_tft/ili9341.cpp **** 
 119:adafruit_tft/ili9341.cpp ****     // POWER CONTROL,VRH[5:0]
 120:adafruit_tft/ili9341.cpp ****     ILI9341_WriteCommand(0xC0);
 121:adafruit_tft/ili9341.cpp ****     {
 122:adafruit_tft/ili9341.cpp ****         uint8_t data[] = { 0x23 };
 123:adafruit_tft/ili9341.cpp ****         ILI9341_WriteData(data, sizeof(data));
 124:adafruit_tft/ili9341.cpp ****     }
 125:adafruit_tft/ili9341.cpp **** 
 126:adafruit_tft/ili9341.cpp ****     // POWER CONTROL,SAP[2:0];BT[3:0]
 127:adafruit_tft/ili9341.cpp ****     ILI9341_WriteCommand(0xC1);
 128:adafruit_tft/ili9341.cpp ****     {
 129:adafruit_tft/ili9341.cpp ****         uint8_t data[] = { 0x10 };
 130:adafruit_tft/ili9341.cpp ****         ILI9341_WriteData(data, sizeof(data));
 131:adafruit_tft/ili9341.cpp ****     }
 132:adafruit_tft/ili9341.cpp **** 
 133:adafruit_tft/ili9341.cpp ****     // VCM CONTROL
 134:adafruit_tft/ili9341.cpp ****     ILI9341_WriteCommand(0xC5);
 135:adafruit_tft/ili9341.cpp ****     {
 136:adafruit_tft/ili9341.cpp ****         uint8_t data[] = { 0x3E, 0x28 };
 137:adafruit_tft/ili9341.cpp ****         ILI9341_WriteData(data, sizeof(data));
 138:adafruit_tft/ili9341.cpp ****     }
 139:adafruit_tft/ili9341.cpp **** 
 140:adafruit_tft/ili9341.cpp ****     // VCM CONTROL 2
 141:adafruit_tft/ili9341.cpp ****     ILI9341_WriteCommand(0xC7);
 142:adafruit_tft/ili9341.cpp ****     {
ARM GAS  /var/folders/0b/4qn_4lxx65nfvy4wf60ckd5w0000gn/T//ccJimYrc.s 			page 10


 143:adafruit_tft/ili9341.cpp ****         uint8_t data[] = { 0x86 };
 144:adafruit_tft/ili9341.cpp ****         ILI9341_WriteData(data, sizeof(data));
 145:adafruit_tft/ili9341.cpp ****     }
 146:adafruit_tft/ili9341.cpp **** 
 147:adafruit_tft/ili9341.cpp ****     // MEMORY ACCESS CONTROL
 148:adafruit_tft/ili9341.cpp ****     ILI9341_WriteCommand(0x36);
 149:adafruit_tft/ili9341.cpp ****     {
 150:adafruit_tft/ili9341.cpp ****         uint8_t data[] = { 0x48 };
 151:adafruit_tft/ili9341.cpp ****         ILI9341_WriteData(data, sizeof(data));
 152:adafruit_tft/ili9341.cpp ****     }
 153:adafruit_tft/ili9341.cpp **** 
 154:adafruit_tft/ili9341.cpp ****     // PIXEL FORMAT
 155:adafruit_tft/ili9341.cpp ****     ILI9341_WriteCommand(0x3A);
 156:adafruit_tft/ili9341.cpp ****     {
 157:adafruit_tft/ili9341.cpp ****         uint8_t data[] = { 0x55 };
 158:adafruit_tft/ili9341.cpp ****         ILI9341_WriteData(data, sizeof(data));
 159:adafruit_tft/ili9341.cpp ****     }
 160:adafruit_tft/ili9341.cpp **** 
 161:adafruit_tft/ili9341.cpp ****     // FRAME RATIO CONTROL, STANDARD RGB COLOR
 162:adafruit_tft/ili9341.cpp ****     ILI9341_WriteCommand(0xB1);
 163:adafruit_tft/ili9341.cpp ****     {
 164:adafruit_tft/ili9341.cpp ****         uint8_t data[] = { 0x00, 0x18 };
 165:adafruit_tft/ili9341.cpp ****         ILI9341_WriteData(data, sizeof(data));
 166:adafruit_tft/ili9341.cpp ****     }
 167:adafruit_tft/ili9341.cpp **** 
 168:adafruit_tft/ili9341.cpp ****     // DISPLAY FUNCTION CONTROL
 169:adafruit_tft/ili9341.cpp ****     ILI9341_WriteCommand(0xB6);
 170:adafruit_tft/ili9341.cpp ****     {
 171:adafruit_tft/ili9341.cpp ****         uint8_t data[] = { 0x08, 0x82, 0x27 };
 172:adafruit_tft/ili9341.cpp ****         ILI9341_WriteData(data, sizeof(data));
 173:adafruit_tft/ili9341.cpp ****     }
 174:adafruit_tft/ili9341.cpp **** 
 175:adafruit_tft/ili9341.cpp ****     // 3GAMMA FUNCTION DISABLE
 176:adafruit_tft/ili9341.cpp ****     ILI9341_WriteCommand(0xF2);
 177:adafruit_tft/ili9341.cpp ****     {
 178:adafruit_tft/ili9341.cpp ****         uint8_t data[] = { 0x00 };
 179:adafruit_tft/ili9341.cpp ****         ILI9341_WriteData(data, sizeof(data));
 180:adafruit_tft/ili9341.cpp ****     }
 181:adafruit_tft/ili9341.cpp **** 
 182:adafruit_tft/ili9341.cpp ****     // GAMMA CURVE SELECTED
 183:adafruit_tft/ili9341.cpp ****     ILI9341_WriteCommand(0x26);
 184:adafruit_tft/ili9341.cpp ****     {
 185:adafruit_tft/ili9341.cpp ****         uint8_t data[] = { 0x01 };
 186:adafruit_tft/ili9341.cpp ****         ILI9341_WriteData(data, sizeof(data));
 187:adafruit_tft/ili9341.cpp ****     }
 188:adafruit_tft/ili9341.cpp **** 
 189:adafruit_tft/ili9341.cpp ****     // POSITIVE GAMMA CORRECTION
 190:adafruit_tft/ili9341.cpp ****     ILI9341_WriteCommand(0xE0);
 191:adafruit_tft/ili9341.cpp ****     {
 192:adafruit_tft/ili9341.cpp ****         uint8_t data[] = { 0x0F, 0x31, 0x2B, 0x0C, 0x0E, 0x08, 0x4E, 0xF1,
 193:adafruit_tft/ili9341.cpp ****                            0x37, 0x07, 0x10, 0x03, 0x0E, 0x09, 0x00 };
 194:adafruit_tft/ili9341.cpp ****         ILI9341_WriteData(data, sizeof(data));
 195:adafruit_tft/ili9341.cpp ****     }
 196:adafruit_tft/ili9341.cpp **** 
 197:adafruit_tft/ili9341.cpp ****     // NEGATIVE GAMMA CORRECTION
 198:adafruit_tft/ili9341.cpp ****     ILI9341_WriteCommand(0xE1);
 199:adafruit_tft/ili9341.cpp ****     {
ARM GAS  /var/folders/0b/4qn_4lxx65nfvy4wf60ckd5w0000gn/T//ccJimYrc.s 			page 11


 200:adafruit_tft/ili9341.cpp ****         uint8_t data[] = { 0x00, 0x0E, 0x14, 0x03, 0x11, 0x07, 0x31, 0xC1,
 201:adafruit_tft/ili9341.cpp ****                            0x48, 0x08, 0x0F, 0x0C, 0x31, 0x36, 0x0F };
 202:adafruit_tft/ili9341.cpp ****         ILI9341_WriteData(data, sizeof(data));
 203:adafruit_tft/ili9341.cpp ****     }
 204:adafruit_tft/ili9341.cpp **** 
 205:adafruit_tft/ili9341.cpp ****     // EXIT SLEEP
 206:adafruit_tft/ili9341.cpp ****     ILI9341_WriteCommand(0x11);
 207:adafruit_tft/ili9341.cpp ****     hw.DelayMs(120);
 208:adafruit_tft/ili9341.cpp **** 
 209:adafruit_tft/ili9341.cpp ****     // TURN ON DISPLAY
 210:adafruit_tft/ili9341.cpp ****     ILI9341_WriteCommand(0x29);
 211:adafruit_tft/ili9341.cpp **** 
 212:adafruit_tft/ili9341.cpp ****     // MADCTL
 213:adafruit_tft/ili9341.cpp ****     ILI9341_WriteCommand(0x36);
 214:adafruit_tft/ili9341.cpp ****     {
 215:adafruit_tft/ili9341.cpp ****         uint8_t data[] = { ILI9341_ROTATION };
 216:adafruit_tft/ili9341.cpp ****         ILI9341_WriteData(data, sizeof(data));
 217:adafruit_tft/ili9341.cpp ****     }
 218:adafruit_tft/ili9341.cpp **** 
 219:adafruit_tft/ili9341.cpp ****     ILI9341_Unselect();
 220:adafruit_tft/ili9341.cpp **** }
 221:adafruit_tft/ili9341.cpp **** 
 222:adafruit_tft/ili9341.cpp **** void ILI9341_DrawPixel(uint16_t x, uint16_t y, uint16_t color) {
 223:adafruit_tft/ili9341.cpp ****     if((x >= ILI9341_WIDTH) || (y >= ILI9341_HEIGHT))
 224:adafruit_tft/ili9341.cpp ****         return;
 225:adafruit_tft/ili9341.cpp **** 
 226:adafruit_tft/ili9341.cpp ****     ILI9341_Select();
 227:adafruit_tft/ili9341.cpp **** 
 228:adafruit_tft/ili9341.cpp ****     ILI9341_SetAddressWindow(x, y, x+1, y+1);
 229:adafruit_tft/ili9341.cpp ****     uint8_t data[] = { color >> 8, color & 0xFF };
 230:adafruit_tft/ili9341.cpp ****     ILI9341_WriteData(data, sizeof(data));
 231:adafruit_tft/ili9341.cpp **** 
 232:adafruit_tft/ili9341.cpp ****     ILI9341_Unselect();
 233:adafruit_tft/ili9341.cpp **** }
 234:adafruit_tft/ili9341.cpp **** 
 235:adafruit_tft/ili9341.cpp **** static void ILI9341_WriteChar(uint16_t x, uint16_t y, char ch, Adafruit_TFT_FontDef font, uint16_t 
 236:adafruit_tft/ili9341.cpp ****     uint32_t i, b, j;
 237:adafruit_tft/ili9341.cpp **** 
 238:adafruit_tft/ili9341.cpp ****     ILI9341_SetAddressWindow(x, y, x+font.width-1, y+font.height-1);
 239:adafruit_tft/ili9341.cpp **** 
 240:adafruit_tft/ili9341.cpp ****     for(i = 0; i < font.height; i++) {
 241:adafruit_tft/ili9341.cpp ****         b = font.data[(ch - 32) * font.height + i];
 242:adafruit_tft/ili9341.cpp ****         for(j = 0; j < font.width; j++) {
 243:adafruit_tft/ili9341.cpp ****             if((b << j) & 0x8000)  {
 244:adafruit_tft/ili9341.cpp ****                 uint8_t data[] = { color >> 8, color & 0xFF };
 245:adafruit_tft/ili9341.cpp ****                 ILI9341_WriteData(data, sizeof(data));
 246:adafruit_tft/ili9341.cpp ****             } else {
 247:adafruit_tft/ili9341.cpp ****                 uint8_t data[] = { bgcolor >> 8, bgcolor & 0xFF };
 248:adafruit_tft/ili9341.cpp ****                 ILI9341_WriteData(data, sizeof(data));
 249:adafruit_tft/ili9341.cpp ****             }
 250:adafruit_tft/ili9341.cpp ****         }
 251:adafruit_tft/ili9341.cpp ****     }
 252:adafruit_tft/ili9341.cpp **** }
 253:adafruit_tft/ili9341.cpp **** 
 254:adafruit_tft/ili9341.cpp **** void ILI9341_WriteString(uint16_t x, uint16_t y, const char* str, Adafruit_TFT_FontDef font, uint16
 255:adafruit_tft/ili9341.cpp ****     ILI9341_Select();
 256:adafruit_tft/ili9341.cpp **** 
ARM GAS  /var/folders/0b/4qn_4lxx65nfvy4wf60ckd5w0000gn/T//ccJimYrc.s 			page 12


 257:adafruit_tft/ili9341.cpp ****     while(*str) {
 258:adafruit_tft/ili9341.cpp ****         if(x + font.width >= ILI9341_WIDTH) {
 259:adafruit_tft/ili9341.cpp ****             x = 0;
 260:adafruit_tft/ili9341.cpp ****             y += font.height;
 261:adafruit_tft/ili9341.cpp ****             if(y + font.height >= ILI9341_HEIGHT) {
 262:adafruit_tft/ili9341.cpp ****                 break;
 263:adafruit_tft/ili9341.cpp ****             }
 264:adafruit_tft/ili9341.cpp **** 
 265:adafruit_tft/ili9341.cpp ****             if(*str == ' ') {
 266:adafruit_tft/ili9341.cpp ****                 // skip spaces in the beginning of the new line
 267:adafruit_tft/ili9341.cpp ****                 str++;
 268:adafruit_tft/ili9341.cpp ****                 continue;
 269:adafruit_tft/ili9341.cpp ****             }
 270:adafruit_tft/ili9341.cpp ****         }
 271:adafruit_tft/ili9341.cpp **** 
 272:adafruit_tft/ili9341.cpp ****         ILI9341_WriteChar(x, y, *str, font, color, bgcolor);
 273:adafruit_tft/ili9341.cpp ****         x += font.width;
 274:adafruit_tft/ili9341.cpp ****         str++;
 275:adafruit_tft/ili9341.cpp ****     }
 276:adafruit_tft/ili9341.cpp **** 
 277:adafruit_tft/ili9341.cpp ****     ILI9341_Unselect();
 278:adafruit_tft/ili9341.cpp **** }
 279:adafruit_tft/ili9341.cpp **** 
 280:adafruit_tft/ili9341.cpp **** void ILI9341_FillRectangle(uint16_t x, uint16_t y, uint16_t w, uint16_t h, uint16_t color) {
 303              		.loc 1 280 6 is_stmt 1 view -0
 304              		.cfi_startproc
 305              		@ args = 4, pretend = 0, frame = 16
 306              		@ frame_needed = 0, uses_anonymous_args = 0
 307              		.loc 1 280 6 is_stmt 0 view .LVU86
 308 0000 2DE9F043 		push	{r4, r5, r6, r7, r8, r9, lr}
 309              		.cfi_def_cfa_offset 28
 310              		.cfi_offset 4, -28
 311              		.cfi_offset 5, -24
 312              		.cfi_offset 6, -20
 313              		.cfi_offset 7, -16
 314              		.cfi_offset 8, -12
 315              		.cfi_offset 9, -8
 316              		.cfi_offset 14, -4
 317 0004 1C46     		mov	r4, r3
 281:adafruit_tft/ili9341.cpp ****     // clipping
 282:adafruit_tft/ili9341.cpp ****     if((x >= ILI9341_WIDTH) || (y >= ILI9341_HEIGHT)) return;
 283:adafruit_tft/ili9341.cpp ****     if((x + w - 1) >= ILI9341_WIDTH) w = ILI9341_WIDTH - x;
 318              		.loc 1 283 11 view .LVU87
 319 0006 8318     		adds	r3, r0, r2
 320              	.LVL16:
 280:adafruit_tft/ili9341.cpp ****     // clipping
 321              		.loc 1 280 6 view .LVU88
 322 0008 87B0     		sub	sp, sp, #28
 323              		.cfi_def_cfa_offset 56
 280:adafruit_tft/ili9341.cpp ****     // clipping
 324              		.loc 1 280 6 view .LVU89
 325 000a 0646     		mov	r6, r0
 326              		.loc 1 283 5 is_stmt 1 view .LVU90
 327 000c F02B     		cmp	r3, #240
 280:adafruit_tft/ili9341.cpp ****     // clipping
 328              		.loc 1 280 6 is_stmt 0 view .LVU91
 329 000e 0D46     		mov	r5, r1
ARM GAS  /var/folders/0b/4qn_4lxx65nfvy4wf60ckd5w0000gn/T//ccJimYrc.s 			page 13


 330 0010 BDF83890 		ldrh	r9, [sp, #56]
 331              		.loc 1 283 5 view .LVU92
 332 0014 5FDC     		bgt	.L7
 333 0016 1746     		mov	r7, r2
 284:adafruit_tft/ili9341.cpp ****     if((y + h - 1) >= ILI9341_HEIGHT) h = ILI9341_HEIGHT - y;
 285:adafruit_tft/ili9341.cpp **** 
 286:adafruit_tft/ili9341.cpp ****     ILI9341_Select();
 287:adafruit_tft/ili9341.cpp ****     ILI9341_SetAddressWindow(x, y, x+w-1, y+h-1);
 334              		.loc 1 287 29 view .LVU93
 335 0018 013A     		subs	r2, r2, #1
 336              	.LVL17:
 337              		.loc 1 287 29 view .LVU94
 338 001a 0244     		add	r2, r2, r0
 339 001c 92B2     		uxth	r2, r2
 340              	.LVL18:
 341              	.L8:
 284:adafruit_tft/ili9341.cpp ****     if((y + h - 1) >= ILI9341_HEIGHT) h = ILI9341_HEIGHT - y;
 342              		.loc 1 284 5 is_stmt 1 view .LVU95
 284:adafruit_tft/ili9341.cpp ****     if((y + h - 1) >= ILI9341_HEIGHT) h = ILI9341_HEIGHT - y;
 343              		.loc 1 284 11 is_stmt 0 view .LVU96
 344 001e 2B19     		adds	r3, r5, r4
 345 0020 0392     		str	r2, [sp, #12]
 284:adafruit_tft/ili9341.cpp ****     if((y + h - 1) >= ILI9341_HEIGHT) h = ILI9341_HEIGHT - y;
 346              		.loc 1 284 5 view .LVU97
 347 0022 B3F5A07F 		cmp	r3, #320
 348 0026 35DD     		ble	.L9
 284:adafruit_tft/ili9341.cpp ****     if((y + h - 1) >= ILI9341_HEIGHT) h = ILI9341_HEIGHT - y;
 349              		.loc 1 284 39 is_stmt 1 view .LVU98
 350              	.LBB124:
 351              	.LBB125:
   8:adafruit_tft/ili9341.cpp **** }
 352              		.loc 1 8 18 is_stmt 0 view .LVU99
 353 0028 0021     		movs	r1, #0
 354              	.LVL19:
   8:adafruit_tft/ili9341.cpp **** }
 355              		.loc 1 8 18 view .LVU100
 356 002a 2D48     		ldr	r0, .L23
 357              	.LVL20:
   8:adafruit_tft/ili9341.cpp **** }
 358              		.loc 1 8 18 view .LVU101
 359              	.LBE125:
 360              	.LBE124:
 284:adafruit_tft/ili9341.cpp ****     if((y + h - 1) >= ILI9341_HEIGHT) h = ILI9341_HEIGHT - y;
 361              		.loc 1 284 41 view .LVU102
 362 002c C5F5A074 		rsb	r4, r5, #320
 363              	.LBB130:
 364              	.LBB126:
   8:adafruit_tft/ili9341.cpp **** }
 365              		.loc 1 8 18 view .LVU103
 366 0030 FFF7FEFF 		bl	_ZN5daisy4GPIO5WriteEb
 367              	.LVL21:
 368              	.LBE126:
 369              	.LBE130:
 370              		.loc 1 287 29 view .LVU104
 371 0034 2946     		mov	r1, r5
 372 0036 3046     		mov	r0, r6
 373 0038 40F23F13 		movw	r3, #319
ARM GAS  /var/folders/0b/4qn_4lxx65nfvy4wf60ckd5w0000gn/T//ccJimYrc.s 			page 14


 374 003c 039A     		ldr	r2, [sp, #12]
 375 003e FFF7FEFF 		bl	_ZL24ILI9341_SetAddressWindowtttt
 376              	.LVL22:
 288:adafruit_tft/ili9341.cpp **** 
 289:adafruit_tft/ili9341.cpp ****     uint8_t data[] = { color >> 8, color & 0xFF };
 290:adafruit_tft/ili9341.cpp ****     gpio_dc.Write(true);
 377              		.loc 1 290 18 view .LVU105
 378 0042 0121     		movs	r1, #1
 284:adafruit_tft/ili9341.cpp **** 
 379              		.loc 1 284 41 view .LVU106
 380 0044 A4B2     		uxth	r4, r4
 381              	.LVL23:
 286:adafruit_tft/ili9341.cpp ****     ILI9341_SetAddressWindow(x, y, x+w-1, y+h-1);
 382              		.loc 1 286 5 is_stmt 1 view .LVU107
 383              	.LBB131:
 384              	.LBI124:
   7:adafruit_tft/ili9341.cpp ****     gpio_cs.Write(false);
 385              		.loc 1 7 13 view .LVU108
 386              	.LBB127:
   8:adafruit_tft/ili9341.cpp **** }
 387              		.loc 1 8 5 view .LVU109
 388              	.LBE127:
 389              	.LBE131:
 287:adafruit_tft/ili9341.cpp **** 
 390              		.loc 1 287 5 view .LVU110
 289:adafruit_tft/ili9341.cpp ****     gpio_dc.Write(true);
 391              		.loc 1 289 5 view .LVU111
 392              		.loc 1 290 18 is_stmt 0 view .LVU112
 393 0046 2748     		ldr	r0, .L23+4
 289:adafruit_tft/ili9341.cpp ****     gpio_dc.Write(true);
 394              		.loc 1 289 30 view .LVU113
 395 0048 4FEA1923 		lsr	r3, r9, #8
 289:adafruit_tft/ili9341.cpp ****     gpio_dc.Write(true);
 396              		.loc 1 289 49 view .LVU114
 397 004c 8DF81590 		strb	r9, [sp, #21]
 398              		.loc 1 290 5 is_stmt 1 view .LVU115
 399 0050 04F1FF38 		add	r8, r4, #-1
 289:adafruit_tft/ili9341.cpp ****     gpio_dc.Write(true);
 400              		.loc 1 289 49 is_stmt 0 view .LVU116
 401 0054 8DF81430 		strb	r3, [sp, #20]
 402              		.loc 1 290 18 view .LVU117
 403 0058 FFF7FEFF 		bl	_ZN5daisy4GPIO5WriteEb
 404              	.LVL24:
 291:adafruit_tft/ili9341.cpp ****     for(y = h; y > 0; y--) {
 405              		.loc 1 291 5 is_stmt 1 view .LVU118
 406              		.loc 1 291 18 view .LVU119
 407              	.L13:
 292:adafruit_tft/ili9341.cpp ****         for(x = w; x > 0; x--) {
 408              		.loc 1 292 22 view .LVU120
 409 005c A7B1     		cbz	r7, .L14
 410 005e BDF81460 		ldrh	r6, [sp, #20]
 411 0062 3C46     		mov	r4, r7
 412 0064 204D     		ldr	r5, .L23+8
 413              	.LVL25:
 414              	.L15:
 293:adafruit_tft/ili9341.cpp ****             ILI9341_WriteData(data, sizeof(data));
 415              		.loc 1 293 13 view .LVU121
ARM GAS  /var/folders/0b/4qn_4lxx65nfvy4wf60ckd5w0000gn/T//ccJimYrc.s 			page 15


 416              	.LBB132:
 417              	.LBI132:
  27:adafruit_tft/ili9341.cpp ****     gpio_dc.Write(true);
 418              		.loc 1 27 13 view .LVU122
 419              	.LBB133:
  28:adafruit_tft/ili9341.cpp **** 
 420              		.loc 1 28 5 view .LVU123
  28:adafruit_tft/ili9341.cpp **** 
 421              		.loc 1 28 18 is_stmt 0 view .LVU124
 422 0066 0121     		movs	r1, #1
 423 0068 1E48     		ldr	r0, .L23+4
 424              	.LBE133:
 425              	.LBE132:
 292:adafruit_tft/ili9341.cpp ****             ILI9341_WriteData(data, sizeof(data));
 426              		.loc 1 292 9 view .LVU125
 427 006a 013C     		subs	r4, r4, #1
 428              	.LVL26:
 429              	.LBB138:
 430              	.LBB136:
  28:adafruit_tft/ili9341.cpp **** 
 431              		.loc 1 28 18 view .LVU126
 432 006c FFF7FEFF 		bl	_ZN5daisy4GPIO5WriteEb
 433              	.LVL27:
  30:adafruit_tft/ili9341.cpp **** 
 434              		.loc 1 30 5 is_stmt 1 view .LVU127
  33:adafruit_tft/ili9341.cpp ****         while(buff_size > 0) {
 435              		.loc 1 33 5 view .LVU128
 436              	.LBB134:
  42:adafruit_tft/ili9341.cpp ****         spi_handle.DmaTransmit(buffer, buff_size, NULL, NULL, NULL);
 437              		.loc 1 42 9 view .LVU129
  43:adafruit_tft/ili9341.cpp ****     }
 438              		.loc 1 43 31 is_stmt 0 view .LVU130
 439 0070 0023     		movs	r3, #0
 440 0072 0222     		movs	r2, #2
 441              	.LBE134:
 442              	.LBE136:
 443              	.LBE138:
 292:adafruit_tft/ili9341.cpp ****             ILI9341_WriteData(data, sizeof(data));
 444              		.loc 1 292 9 view .LVU131
 445 0074 A4B2     		uxth	r4, r4
 446              	.LBB139:
 447              	.LBB137:
 448              	.LBB135:
  43:adafruit_tft/ili9341.cpp ****     }
 449              		.loc 1 43 31 view .LVU132
 450 0076 1C49     		ldr	r1, .L23+8
 451 0078 1C48     		ldr	r0, .L23+12
 452 007a CDE90033 		strd	r3, r3, [sp]
  42:adafruit_tft/ili9341.cpp ****         spi_handle.DmaTransmit(buffer, buff_size, NULL, NULL, NULL);
 453              		.loc 1 42 15 view .LVU133
 454 007e 2E80     		strh	r6, [r5]	@ movhi
  43:adafruit_tft/ili9341.cpp ****     }
 455              		.loc 1 43 9 is_stmt 1 view .LVU134
  43:adafruit_tft/ili9341.cpp ****     }
 456              		.loc 1 43 31 is_stmt 0 view .LVU135
 457 0080 FFF7FEFF 		bl	_ZN5daisy9SpiHandle11DmaTransmitEPhjPFvPvEPFvS2_NS0_6ResultEES2_
 458              	.LVL28:
ARM GAS  /var/folders/0b/4qn_4lxx65nfvy4wf60ckd5w0000gn/T//ccJimYrc.s 			page 16


  43:adafruit_tft/ili9341.cpp ****     }
 459              		.loc 1 43 31 view .LVU136
 460              	.LBE135:
 461              	.LBE137:
 462              	.LBE139:
 292:adafruit_tft/ili9341.cpp ****             ILI9341_WriteData(data, sizeof(data));
 463              		.loc 1 292 9 is_stmt 1 view .LVU137
 292:adafruit_tft/ili9341.cpp ****             ILI9341_WriteData(data, sizeof(data));
 464              		.loc 1 292 22 view .LVU138
 465 0084 002C     		cmp	r4, #0
 466 0086 EED1     		bne	.L15
 467              	.LVL29:
 468              	.L14:
 291:adafruit_tft/ili9341.cpp ****         for(x = w; x > 0; x--) {
 469              		.loc 1 291 5 view .LVU139
 291:adafruit_tft/ili9341.cpp ****         for(x = w; x > 0; x--) {
 470              		.loc 1 291 5 is_stmt 0 view .LVU140
 471 0088 1FFA88F4 		uxth	r4, r8
 472              	.LVL30:
 291:adafruit_tft/ili9341.cpp ****         for(x = w; x > 0; x--) {
 473              		.loc 1 291 18 is_stmt 1 view .LVU141
 474 008c E4B1     		cbz	r4, .L12
 475 008e 04F1FF38 		add	r8, r4, #-1
 476 0092 E3E7     		b	.L13
 477              	.LVL31:
 478              	.L9:
 286:adafruit_tft/ili9341.cpp ****     ILI9341_SetAddressWindow(x, y, x+w-1, y+h-1);
 479              		.loc 1 286 5 view .LVU142
 480              	.LBB140:
   7:adafruit_tft/ili9341.cpp ****     gpio_cs.Write(false);
 481              		.loc 1 7 13 view .LVU143
 482              	.LBB128:
   8:adafruit_tft/ili9341.cpp **** }
 483              		.loc 1 8 5 view .LVU144
 484              	.LBE128:
 485              	.LBE140:
 287:adafruit_tft/ili9341.cpp **** 
 486              		.loc 1 287 29 is_stmt 0 view .LVU145
 487 0094 04F1FF38 		add	r8, r4, #-1
 488              	.LBB141:
 489              	.LBB129:
   8:adafruit_tft/ili9341.cpp **** }
 490              		.loc 1 8 18 view .LVU146
 491 0098 0021     		movs	r1, #0
 492              	.LVL32:
   8:adafruit_tft/ili9341.cpp **** }
 493              		.loc 1 8 18 view .LVU147
 494 009a 1148     		ldr	r0, .L23
 495              	.LVL33:
   8:adafruit_tft/ili9341.cpp **** }
 496              		.loc 1 8 18 view .LVU148
 497 009c FFF7FEFF 		bl	_ZN5daisy4GPIO5WriteEb
 498              	.LVL34:
 499              	.LBE129:
 500              	.LBE141:
 287:adafruit_tft/ili9341.cpp **** 
 501              		.loc 1 287 5 is_stmt 1 view .LVU149
ARM GAS  /var/folders/0b/4qn_4lxx65nfvy4wf60ckd5w0000gn/T//ccJimYrc.s 			page 17


 287:adafruit_tft/ili9341.cpp **** 
 502              		.loc 1 287 29 is_stmt 0 view .LVU150
 503 00a0 05EB0803 		add	r3, r5, r8
 504 00a4 3046     		mov	r0, r6
 505 00a6 2946     		mov	r1, r5
 506 00a8 9BB2     		uxth	r3, r3
 507 00aa 039A     		ldr	r2, [sp, #12]
 508 00ac FFF7FEFF 		bl	_ZL24ILI9341_SetAddressWindowtttt
 509              	.LVL35:
 289:adafruit_tft/ili9341.cpp ****     gpio_dc.Write(true);
 510              		.loc 1 289 5 is_stmt 1 view .LVU151
 290:adafruit_tft/ili9341.cpp ****     for(y = h; y > 0; y--) {
 511              		.loc 1 290 18 is_stmt 0 view .LVU152
 512 00b0 0121     		movs	r1, #1
 289:adafruit_tft/ili9341.cpp ****     gpio_dc.Write(true);
 513              		.loc 1 289 30 view .LVU153
 514 00b2 4FEA1923 		lsr	r3, r9, #8
 290:adafruit_tft/ili9341.cpp ****     for(y = h; y > 0; y--) {
 515              		.loc 1 290 18 view .LVU154
 516 00b6 0B48     		ldr	r0, .L23+4
 289:adafruit_tft/ili9341.cpp ****     gpio_dc.Write(true);
 517              		.loc 1 289 49 view .LVU155
 518 00b8 8DF81590 		strb	r9, [sp, #21]
 290:adafruit_tft/ili9341.cpp ****     for(y = h; y > 0; y--) {
 519              		.loc 1 290 5 is_stmt 1 view .LVU156
 289:adafruit_tft/ili9341.cpp ****     gpio_dc.Write(true);
 520              		.loc 1 289 49 is_stmt 0 view .LVU157
 521 00bc 8DF81430 		strb	r3, [sp, #20]
 290:adafruit_tft/ili9341.cpp ****     for(y = h; y > 0; y--) {
 522              		.loc 1 290 18 view .LVU158
 523 00c0 FFF7FEFF 		bl	_ZN5daisy4GPIO5WriteEb
 524              	.LVL36:
 291:adafruit_tft/ili9341.cpp ****         for(x = w; x > 0; x--) {
 525              		.loc 1 291 5 is_stmt 1 view .LVU159
 291:adafruit_tft/ili9341.cpp ****         for(x = w; x > 0; x--) {
 526              		.loc 1 291 18 view .LVU160
 527 00c4 002C     		cmp	r4, #0
 528 00c6 C9D1     		bne	.L13
 529              	.LVL37:
 530              	.L12:
 294:adafruit_tft/ili9341.cpp ****         }
 295:adafruit_tft/ili9341.cpp ****     }
 296:adafruit_tft/ili9341.cpp **** 
 297:adafruit_tft/ili9341.cpp ****     ILI9341_Unselect();
 531              		.loc 1 297 5 view .LVU161
 532              	.LBB142:
 533              	.LBI142:
  11:adafruit_tft/ili9341.cpp ****     gpio_cs.Write(true);
 534              		.loc 1 11 6 view .LVU162
 535              	.LBB143:
  12:adafruit_tft/ili9341.cpp **** }
 536              		.loc 1 12 5 view .LVU163
  12:adafruit_tft/ili9341.cpp **** }
 537              		.loc 1 12 18 is_stmt 0 view .LVU164
 538 00c8 0121     		movs	r1, #1
 539 00ca 0548     		ldr	r0, .L23
 540              	.LBE143:
ARM GAS  /var/folders/0b/4qn_4lxx65nfvy4wf60ckd5w0000gn/T//ccJimYrc.s 			page 18


 541              	.LBE142:
 298:adafruit_tft/ili9341.cpp **** }
 542              		.loc 1 298 1 view .LVU165
 543 00cc 07B0     		add	sp, sp, #28
 544              		.cfi_remember_state
 545              		.cfi_def_cfa_offset 28
 546              		@ sp needed
 547 00ce BDE8F043 		pop	{r4, r5, r6, r7, r8, r9, lr}
 548              		.cfi_restore 14
 549              		.cfi_restore 9
 550              		.cfi_restore 8
 551              		.cfi_restore 7
 552              		.cfi_restore 6
 553              		.cfi_restore 5
 554              		.cfi_restore 4
 555              		.cfi_def_cfa_offset 0
 556              	.LVL38:
 557              	.LBB145:
 558              	.LBB144:
  12:adafruit_tft/ili9341.cpp **** }
 559              		.loc 1 12 18 view .LVU166
 560 00d2 FFF7FEBF 		b	_ZN5daisy4GPIO5WriteEb
 561              	.LVL39:
 562              	.L7:
 563              		.cfi_restore_state
  12:adafruit_tft/ili9341.cpp **** }
 564              		.loc 1 12 18 view .LVU167
 565              	.LBE144:
 566              	.LBE145:
 283:adafruit_tft/ili9341.cpp ****     if((y + h - 1) >= ILI9341_HEIGHT) h = ILI9341_HEIGHT - y;
 567              		.loc 1 283 38 is_stmt 1 view .LVU168
 283:adafruit_tft/ili9341.cpp ****     if((y + h - 1) >= ILI9341_HEIGHT) h = ILI9341_HEIGHT - y;
 568              		.loc 1 283 40 is_stmt 0 view .LVU169
 569 00d6 C0F1F007 		rsb	r7, r0, #240
 570 00da EF22     		movs	r2, #239
 571              	.LVL40:
 283:adafruit_tft/ili9341.cpp ****     if((y + h - 1) >= ILI9341_HEIGHT) h = ILI9341_HEIGHT - y;
 572              		.loc 1 283 40 view .LVU170
 573 00dc BFB2     		uxth	r7, r7
 574              	.LVL41:
 283:adafruit_tft/ili9341.cpp ****     if((y + h - 1) >= ILI9341_HEIGHT) h = ILI9341_HEIGHT - y;
 575              		.loc 1 283 40 view .LVU171
 576 00de 9EE7     		b	.L8
 577              	.L24:
 578              		.align	2
 579              	.L23:
 580 00e0 00000000 		.word	gpio_cs
 581 00e4 00000000 		.word	gpio_dc
 582 00e8 00000000 		.word	.LANCHOR0
 583 00ec 00000000 		.word	spi_handle
 584              		.cfi_endproc
 585              	.LFE4688:
 587              		.section	.text._Z16ILI9341_Unselectv,"ax",%progbits
 588              		.align	1
 589              		.p2align 2,,3
 590              		.global	_Z16ILI9341_Unselectv
 591              		.syntax unified
ARM GAS  /var/folders/0b/4qn_4lxx65nfvy4wf60ckd5w0000gn/T//ccJimYrc.s 			page 19


 592              		.thumb
 593              		.thumb_func
 595              	_Z16ILI9341_Unselectv:
 596              	.LFB4483:
  11:adafruit_tft/ili9341.cpp ****     gpio_cs.Write(true);
 597              		.loc 1 11 25 is_stmt 1 view -0
 598              		.cfi_startproc
 599              		@ args = 0, pretend = 0, frame = 0
 600              		@ frame_needed = 0, uses_anonymous_args = 0
 601              		@ link register save eliminated.
  12:adafruit_tft/ili9341.cpp **** }
 602              		.loc 1 12 5 view .LVU173
  12:adafruit_tft/ili9341.cpp **** }
 603              		.loc 1 12 18 is_stmt 0 view .LVU174
 604 0000 0121     		movs	r1, #1
 605 0002 0148     		ldr	r0, .L26
 606 0004 FFF7FEBF 		b	_ZN5daisy4GPIO5WriteEb
 607              	.LVL42:
 608              	.L27:
 609              		.align	2
 610              	.L26:
 611 0008 00000000 		.word	gpio_cs
 612              		.cfi_endproc
 613              	.LFE4483:
 615              		.section	.rodata._Z12ILI9341_Initv.str1.4,"aMS",%progbits,1
 616              		.align	2
 617              	.LC3:
 618 0000 08822700 		.ascii	"\010\202'\000"
 619              		.align	2
 620              	.LC4:
 621 0004 0F312B0C 		.ascii	"\0171+\014\016\010N\3617\007\020\003\016\011\000"
 621      0E084EF1 
 621      37071003 
 621      0E0900
 622              		.section	.text._Z12ILI9341_Initv,"ax",%progbits
 623              		.align	1
 624              		.p2align 2,,3
 625              		.global	_Z12ILI9341_Initv
 626              		.syntax unified
 627              		.thumb
 628              		.thumb_func
 630              	_Z12ILI9341_Initv:
 631              	.LFB4488:
  67:adafruit_tft/ili9341.cpp ****     ILI9341_Select();
 632              		.loc 1 67 21 is_stmt 1 view -0
 633              		.cfi_startproc
 634              		@ args = 0, pretend = 0, frame = 16
 635              		@ frame_needed = 0, uses_anonymous_args = 0
  68:adafruit_tft/ili9341.cpp ****     ILI9341_Reset();
 636              		.loc 1 68 5 view .LVU176
 637              	.LBB367:
 638              	.LBI367:
   7:adafruit_tft/ili9341.cpp ****     gpio_cs.Write(false);
 639              		.loc 1 7 13 view .LVU177
 640              	.LBB368:
   8:adafruit_tft/ili9341.cpp **** }
 641              		.loc 1 8 5 view .LVU178
ARM GAS  /var/folders/0b/4qn_4lxx65nfvy4wf60ckd5w0000gn/T//ccJimYrc.s 			page 20


 642              	.LBE368:
 643              	.LBE367:
  67:adafruit_tft/ili9341.cpp ****     ILI9341_Select();
 644              		.loc 1 67 21 is_stmt 0 view .LVU179
 645 0000 2DE9F04F 		push	{r4, r5, r6, r7, r8, r9, r10, fp, lr}
 646              		.cfi_def_cfa_offset 36
 647              		.cfi_offset 4, -36
 648              		.cfi_offset 5, -32
 649              		.cfi_offset 6, -28
 650              		.cfi_offset 7, -24
 651              		.cfi_offset 8, -20
 652              		.cfi_offset 9, -16
 653              		.cfi_offset 10, -12
 654              		.cfi_offset 11, -8
 655              		.cfi_offset 14, -4
 656              	.LBB370:
 657              	.LBB371:
  16:adafruit_tft/ili9341.cpp ****     hw.DelayMs(5);  
 658              		.loc 1 16 19 view .LVU180
 659 0004 F34C     		ldr	r4, .L30
 660              	.LBE371:
 661              	.LBE370:
  67:adafruit_tft/ili9341.cpp ****     ILI9341_Select();
 662              		.loc 1 67 21 view .LVU181
 663 0006 87B0     		sub	sp, sp, #28
 664              		.cfi_def_cfa_offset 64
 665              	.LBB377:
 666              	.LBB369:
   8:adafruit_tft/ili9341.cpp **** }
 667              		.loc 1 8 18 view .LVU182
 668 0008 0021     		movs	r1, #0
 669 000a F348     		ldr	r0, .L30+4
 670 000c FFF7FEFF 		bl	_ZN5daisy4GPIO5WriteEb
 671              	.LVL43:
 672              	.LBE369:
 673              	.LBE377:
  69:adafruit_tft/ili9341.cpp **** 
 674              		.loc 1 69 5 is_stmt 1 view .LVU183
 675              	.LBB378:
 676              	.LBI370:
  15:adafruit_tft/ili9341.cpp ****     gpio_res.Write(false);
 677              		.loc 1 15 13 view .LVU184
 678              	.LBB372:
  16:adafruit_tft/ili9341.cpp ****     hw.DelayMs(5);  
 679              		.loc 1 16 5 view .LVU185
  16:adafruit_tft/ili9341.cpp ****     hw.DelayMs(5);  
 680              		.loc 1 16 19 is_stmt 0 view .LVU186
 681 0010 2046     		mov	r0, r4
 682 0012 0021     		movs	r1, #0
 683              	.LBE372:
 684              	.LBE378:
 685              	.LBB379:
 686              	.LBB380:
  22:adafruit_tft/ili9341.cpp ****     buffer[0] = cmd;
 687              		.loc 1 22 18 view .LVU187
 688 0014 DFF8D883 		ldr	r8, .L30+28
 689              	.LBE380:
ARM GAS  /var/folders/0b/4qn_4lxx65nfvy4wf60ckd5w0000gn/T//ccJimYrc.s 			page 21


 690              	.LBE379:
 691              	.LBB387:
 692              	.LBB373:
  16:adafruit_tft/ili9341.cpp ****     hw.DelayMs(5);  
 693              		.loc 1 16 19 view .LVU188
 694 0018 FFF7FEFF 		bl	_ZN5daisy4GPIO5WriteEb
 695              	.LVL44:
  17:adafruit_tft/ili9341.cpp ****     gpio_res.Write(true);
 696              		.loc 1 17 5 is_stmt 1 view .LVU189
  17:adafruit_tft/ili9341.cpp ****     gpio_res.Write(true);
 697              		.loc 1 17 15 is_stmt 0 view .LVU190
 698 001c 0521     		movs	r1, #5
 699 001e EF48     		ldr	r0, .L30+8
 700              	.LBE373:
 701              	.LBE387:
 702              	.LBB388:
 703              	.LBB381:
  23:adafruit_tft/ili9341.cpp ****     spi_handle.DmaTransmit(buffer, sizeof(cmd), NULL, NULL, NULL);
 704              		.loc 1 23 15 view .LVU191
 705 0020 0126     		movs	r6, #1
 706 0022 EF4D     		ldr	r5, .L30+12
 707              	.LBE381:
 708              	.LBE388:
 709              	.LBB389:
 710              	.LBB374:
  17:adafruit_tft/ili9341.cpp ****     gpio_res.Write(true);
 711              		.loc 1 17 15 view .LVU192
 712 0024 FFF7FEFF 		bl	_ZN5daisy9DaisySeed7DelayMsEj
 713              	.LVL45:
  18:adafruit_tft/ili9341.cpp **** }
 714              		.loc 1 18 5 is_stmt 1 view .LVU193
 715              	.LBE374:
 716              	.LBE389:
 717              	.LBB390:
 718              	.LBB382:
  24:adafruit_tft/ili9341.cpp **** }
 719              		.loc 1 24 27 is_stmt 0 view .LVU194
 720 0028 EE4F     		ldr	r7, .L30+16
 721              	.LBE382:
 722              	.LBE390:
 723              	.LBB391:
 724              	.LBB375:
  18:adafruit_tft/ili9341.cpp **** }
 725              		.loc 1 18 19 view .LVU195
 726 002a 2046     		mov	r0, r4
 727 002c 0121     		movs	r1, #1
 728              	.LBE375:
 729              	.LBE391:
 730              	.LBB392:
 731              	.LBB383:
  24:adafruit_tft/ili9341.cpp **** }
 732              		.loc 1 24 27 view .LVU196
 733 002e 0024     		movs	r4, #0
 734              	.LBE383:
 735              	.LBE392:
 736              	.LBB393:
 737              	.LBB376:
ARM GAS  /var/folders/0b/4qn_4lxx65nfvy4wf60ckd5w0000gn/T//ccJimYrc.s 			page 22


  18:adafruit_tft/ili9341.cpp **** }
 738              		.loc 1 18 19 view .LVU197
 739 0030 FFF7FEFF 		bl	_ZN5daisy4GPIO5WriteEb
 740              	.LVL46:
 741              	.LBE376:
 742              	.LBE393:
  74:adafruit_tft/ili9341.cpp ****     hw.DelayMs(1000);
 743              		.loc 1 74 5 is_stmt 1 view .LVU198
 744              	.LBB394:
 745              	.LBI379:
  21:adafruit_tft/ili9341.cpp ****     gpio_dc.Write(false);
 746              		.loc 1 21 13 view .LVU199
 747              	.LBB384:
  22:adafruit_tft/ili9341.cpp ****     buffer[0] = cmd;
 748              		.loc 1 22 5 view .LVU200
  22:adafruit_tft/ili9341.cpp ****     buffer[0] = cmd;
 749              		.loc 1 22 18 is_stmt 0 view .LVU201
 750 0034 4046     		mov	r0, r8
 751 0036 0021     		movs	r1, #0
 752              	.LBE384:
 753              	.LBE394:
 754              	.LBB395:
  80:adafruit_tft/ili9341.cpp ****         ILI9341_WriteData(data, sizeof(data));
 755              		.loc 1 80 17 view .LVU202
 756 0038 DFF8B8A3 		ldr	r10, .L30+32
 757              	.LBE395:
 758              	.LBB404:
 759              	.LBB385:
  22:adafruit_tft/ili9341.cpp ****     buffer[0] = cmd;
 760              		.loc 1 22 18 view .LVU203
 761 003c FFF7FEFF 		bl	_ZN5daisy4GPIO5WriteEb
 762              	.LVL47:
  23:adafruit_tft/ili9341.cpp ****     spi_handle.DmaTransmit(buffer, sizeof(cmd), NULL, NULL, NULL);
 763              		.loc 1 23 5 is_stmt 1 view .LVU204
  24:adafruit_tft/ili9341.cpp **** }
 764              		.loc 1 24 27 is_stmt 0 view .LVU205
 765 0040 2346     		mov	r3, r4
 766 0042 3246     		mov	r2, r6
 767 0044 2946     		mov	r1, r5
 768 0046 3846     		mov	r0, r7
  23:adafruit_tft/ili9341.cpp ****     spi_handle.DmaTransmit(buffer, sizeof(cmd), NULL, NULL, NULL);
 769              		.loc 1 23 15 view .LVU206
 770 0048 2E70     		strb	r6, [r5]
  24:adafruit_tft/ili9341.cpp **** }
 771              		.loc 1 24 5 is_stmt 1 view .LVU207
 772              	.LBE385:
 773              	.LBE404:
 774              	.LBB405:
 775              	.LBB396:
 776              	.LBB397:
 777              	.LBB398:
  42:adafruit_tft/ili9341.cpp ****         spi_handle.DmaTransmit(buffer, buff_size, NULL, NULL, NULL);
 778              		.loc 1 42 15 is_stmt 0 view .LVU208
 779 004a 0DF1080B 		add	fp, sp, #8
 780              	.LBE398:
 781              	.LBE397:
 782              	.LBE396:
ARM GAS  /var/folders/0b/4qn_4lxx65nfvy4wf60ckd5w0000gn/T//ccJimYrc.s 			page 23


 783              	.LBE405:
 784              	.LBB406:
 785              	.LBB407:
 786              	.LBB408:
 787              	.LBB409:
 788 004e A946     		mov	r9, r5
 789              	.LBE409:
 790              	.LBE408:
 791              	.LBE407:
 792              	.LBE406:
 793              	.LBB415:
 794              	.LBB386:
  24:adafruit_tft/ili9341.cpp **** }
 795              		.loc 1 24 27 view .LVU209
 796 0050 CDE90044 		strd	r4, r4, [sp]
 797 0054 FFF7FEFF 		bl	_ZN5daisy9SpiHandle11DmaTransmitEPhjPFvPvEPFvS2_NS0_6ResultEES2_
 798              	.LVL48:
  24:adafruit_tft/ili9341.cpp **** }
 799              		.loc 1 24 27 view .LVU210
 800              	.LBE386:
 801              	.LBE415:
  75:adafruit_tft/ili9341.cpp ****         
 802              		.loc 1 75 5 is_stmt 1 view .LVU211
  75:adafruit_tft/ili9341.cpp ****         
 803              		.loc 1 75 15 is_stmt 0 view .LVU212
 804 0058 4FF47A71 		mov	r1, #1000
 805 005c DF48     		ldr	r0, .L30+8
 806 005e FFF7FEFF 		bl	_ZN5daisy9DaisySeed7DelayMsEj
 807              	.LVL49:
  78:adafruit_tft/ili9341.cpp ****     {
 808              		.loc 1 78 5 is_stmt 1 view .LVU213
 809              	.LBB416:
 810              	.LBI416:
  21:adafruit_tft/ili9341.cpp ****     gpio_dc.Write(false);
 811              		.loc 1 21 13 view .LVU214
 812              	.LBB417:
  22:adafruit_tft/ili9341.cpp ****     buffer[0] = cmd;
 813              		.loc 1 22 5 view .LVU215
  22:adafruit_tft/ili9341.cpp ****     buffer[0] = cmd;
 814              		.loc 1 22 18 is_stmt 0 view .LVU216
 815 0062 2146     		mov	r1, r4
 816 0064 4046     		mov	r0, r8
 817 0066 FFF7FEFF 		bl	_ZN5daisy4GPIO5WriteEb
 818              	.LVL50:
  23:adafruit_tft/ili9341.cpp ****     spi_handle.DmaTransmit(buffer, sizeof(cmd), NULL, NULL, NULL);
 819              		.loc 1 23 5 is_stmt 1 view .LVU217
  23:adafruit_tft/ili9341.cpp ****     spi_handle.DmaTransmit(buffer, sizeof(cmd), NULL, NULL, NULL);
 820              		.loc 1 23 15 is_stmt 0 view .LVU218
 821 006a CB23     		movs	r3, #203
  24:adafruit_tft/ili9341.cpp **** }
 822              		.loc 1 24 27 view .LVU219
 823 006c 3246     		mov	r2, r6
 824 006e 2946     		mov	r1, r5
  23:adafruit_tft/ili9341.cpp ****     spi_handle.DmaTransmit(buffer, sizeof(cmd), NULL, NULL, NULL);
 825              		.loc 1 23 15 view .LVU220
 826 0070 2B70     		strb	r3, [r5]
  24:adafruit_tft/ili9341.cpp **** }
ARM GAS  /var/folders/0b/4qn_4lxx65nfvy4wf60ckd5w0000gn/T//ccJimYrc.s 			page 24


 827              		.loc 1 24 5 is_stmt 1 view .LVU221
  24:adafruit_tft/ili9341.cpp **** }
 828              		.loc 1 24 27 is_stmt 0 view .LVU222
 829 0072 3846     		mov	r0, r7
 830 0074 2346     		mov	r3, r4
 831 0076 CDE90044 		strd	r4, r4, [sp]
 832 007a FFF7FEFF 		bl	_ZN5daisy9SpiHandle11DmaTransmitEPhjPFvPvEPFvS2_NS0_6ResultEES2_
 833              	.LVL51:
  24:adafruit_tft/ili9341.cpp **** }
 834              		.loc 1 24 27 view .LVU223
 835              	.LBE417:
 836              	.LBE416:
  79:adafruit_tft/ili9341.cpp ****         uint8_t data[] = { 0x39, 0x2C, 0x00, 0x34, 0x02 };
 837              		.loc 1 79 5 is_stmt 1 view .LVU224
 838              	.LBB418:
  80:adafruit_tft/ili9341.cpp ****         ILI9341_WriteData(data, sizeof(data));
 839              		.loc 1 80 9 view .LVU225
  80:adafruit_tft/ili9341.cpp ****         ILI9341_WriteData(data, sizeof(data));
 840              		.loc 1 80 17 is_stmt 0 view .LVU226
 841 007e 9AE80300 		ldm	r10, {r0, r1}
 842 0082 0290     		str	r0, [sp, #8]
 843              	.LBB402:
 844              	.LBB400:
  28:adafruit_tft/ili9341.cpp **** 
 845              		.loc 1 28 18 view .LVU227
 846 0084 4046     		mov	r0, r8
 847              	.LBE400:
 848              	.LBE402:
  80:adafruit_tft/ili9341.cpp ****         ILI9341_WriteData(data, sizeof(data));
 849              		.loc 1 80 17 view .LVU228
 850 0086 8DF80C10 		strb	r1, [sp, #12]
  81:adafruit_tft/ili9341.cpp ****     }
 851              		.loc 1 81 9 is_stmt 1 view .LVU229
 852              	.LVL52:
 853              	.LBB403:
 854              	.LBI396:
  27:adafruit_tft/ili9341.cpp ****     gpio_dc.Write(true);
 855              		.loc 1 27 13 view .LVU230
 856              	.LBB401:
  28:adafruit_tft/ili9341.cpp **** 
 857              		.loc 1 28 5 view .LVU231
  28:adafruit_tft/ili9341.cpp **** 
 858              		.loc 1 28 18 is_stmt 0 view .LVU232
 859 008a 3146     		mov	r1, r6
 860 008c FFF7FEFF 		bl	_ZN5daisy4GPIO5WriteEb
 861              	.LVL53:
  30:adafruit_tft/ili9341.cpp **** 
 862              		.loc 1 30 5 is_stmt 1 view .LVU233
  33:adafruit_tft/ili9341.cpp ****         while(buff_size > 0) {
 863              		.loc 1 33 5 view .LVU234
 864              	.LBB399:
  42:adafruit_tft/ili9341.cpp ****         spi_handle.DmaTransmit(buffer, buff_size, NULL, NULL, NULL);
 865              		.loc 1 42 9 view .LVU235
  43:adafruit_tft/ili9341.cpp ****     }
 866              		.loc 1 43 31 is_stmt 0 view .LVU236
 867 0090 2346     		mov	r3, r4
 868 0092 0522     		movs	r2, #5
ARM GAS  /var/folders/0b/4qn_4lxx65nfvy4wf60ckd5w0000gn/T//ccJimYrc.s 			page 25


 869 0094 CDE90044 		strd	r4, r4, [sp]
  42:adafruit_tft/ili9341.cpp ****         spi_handle.DmaTransmit(buffer, buff_size, NULL, NULL, NULL);
 870              		.loc 1 42 15 view .LVU237
 871 0098 9BE80300 		ldm	fp, {r0, r1}
 872 009c 2860     		str	r0, [r5]
  43:adafruit_tft/ili9341.cpp ****     }
 873              		.loc 1 43 31 view .LVU238
 874 009e 3846     		mov	r0, r7
  42:adafruit_tft/ili9341.cpp ****         spi_handle.DmaTransmit(buffer, buff_size, NULL, NULL, NULL);
 875              		.loc 1 42 15 view .LVU239
 876 00a0 2971     		strb	r1, [r5, #4]
  43:adafruit_tft/ili9341.cpp ****     }
 877              		.loc 1 43 9 is_stmt 1 view .LVU240
  43:adafruit_tft/ili9341.cpp ****     }
 878              		.loc 1 43 31 is_stmt 0 view .LVU241
 879 00a2 2946     		mov	r1, r5
 880 00a4 FFF7FEFF 		bl	_ZN5daisy9SpiHandle11DmaTransmitEPhjPFvPvEPFvS2_NS0_6ResultEES2_
 881              	.LVL54:
  43:adafruit_tft/ili9341.cpp ****     }
 882              		.loc 1 43 31 view .LVU242
 883              	.LBE399:
 884              	.LBE401:
 885              	.LBE403:
 886              	.LBE418:
  85:adafruit_tft/ili9341.cpp ****     {
 887              		.loc 1 85 5 is_stmt 1 view .LVU243
 888              	.LBB419:
 889              	.LBI419:
  21:adafruit_tft/ili9341.cpp ****     gpio_dc.Write(false);
 890              		.loc 1 21 13 view .LVU244
 891              	.LBB420:
  22:adafruit_tft/ili9341.cpp ****     buffer[0] = cmd;
 892              		.loc 1 22 5 view .LVU245
  22:adafruit_tft/ili9341.cpp ****     buffer[0] = cmd;
 893              		.loc 1 22 18 is_stmt 0 view .LVU246
 894 00a8 2146     		mov	r1, r4
 895 00aa 4046     		mov	r0, r8
 896 00ac FFF7FEFF 		bl	_ZN5daisy4GPIO5WriteEb
 897              	.LVL55:
  23:adafruit_tft/ili9341.cpp ****     spi_handle.DmaTransmit(buffer, sizeof(cmd), NULL, NULL, NULL);
 898              		.loc 1 23 5 is_stmt 1 view .LVU247
  23:adafruit_tft/ili9341.cpp ****     spi_handle.DmaTransmit(buffer, sizeof(cmd), NULL, NULL, NULL);
 899              		.loc 1 23 15 is_stmt 0 view .LVU248
 900 00b0 CF23     		movs	r3, #207
  24:adafruit_tft/ili9341.cpp **** }
 901              		.loc 1 24 27 view .LVU249
 902 00b2 3246     		mov	r2, r6
 903 00b4 2946     		mov	r1, r5
  23:adafruit_tft/ili9341.cpp ****     spi_handle.DmaTransmit(buffer, sizeof(cmd), NULL, NULL, NULL);
 904              		.loc 1 23 15 view .LVU250
 905 00b6 2B70     		strb	r3, [r5]
  24:adafruit_tft/ili9341.cpp **** }
 906              		.loc 1 24 5 is_stmt 1 view .LVU251
  24:adafruit_tft/ili9341.cpp **** }
 907              		.loc 1 24 27 is_stmt 0 view .LVU252
 908 00b8 3846     		mov	r0, r7
 909 00ba 2346     		mov	r3, r4
ARM GAS  /var/folders/0b/4qn_4lxx65nfvy4wf60ckd5w0000gn/T//ccJimYrc.s 			page 26


 910 00bc CDE90044 		strd	r4, r4, [sp]
 911 00c0 FFF7FEFF 		bl	_ZN5daisy9SpiHandle11DmaTransmitEPhjPFvPvEPFvS2_NS0_6ResultEES2_
 912              	.LVL56:
  24:adafruit_tft/ili9341.cpp **** }
 913              		.loc 1 24 27 view .LVU253
 914              	.LBE420:
 915              	.LBE419:
  86:adafruit_tft/ili9341.cpp ****         uint8_t data[] = { 0x00, 0xC1, 0x30 };
 916              		.loc 1 86 5 is_stmt 1 view .LVU254
 917              	.LBB421:
  87:adafruit_tft/ili9341.cpp ****         ILI9341_WriteData(data, sizeof(data));
 918              		.loc 1 87 9 view .LVU255
  87:adafruit_tft/ili9341.cpp ****         ILI9341_WriteData(data, sizeof(data));
 919              		.loc 1 87 17 is_stmt 0 view .LVU256
 920 00c4 DAF80830 		ldr	r3, [r10, #8]
 921              	.LBB422:
 922              	.LBB423:
  28:adafruit_tft/ili9341.cpp **** 
 923              		.loc 1 28 18 view .LVU257
 924 00c8 3146     		mov	r1, r6
 925 00ca 4046     		mov	r0, r8
 926              	.LBE423:
 927              	.LBE422:
  87:adafruit_tft/ili9341.cpp ****         ILI9341_WriteData(data, sizeof(data));
 928              		.loc 1 87 17 view .LVU258
 929 00cc ADF80830 		strh	r3, [sp, #8]	@ movhi
 930 00d0 1B0C     		lsrs	r3, r3, #16
 931 00d2 8DF80A30 		strb	r3, [sp, #10]
  88:adafruit_tft/ili9341.cpp ****     }
 932              		.loc 1 88 9 is_stmt 1 view .LVU259
 933              	.LVL57:
 934              	.LBB426:
 935              	.LBI422:
  27:adafruit_tft/ili9341.cpp ****     gpio_dc.Write(true);
 936              		.loc 1 27 13 view .LVU260
 937              	.LBB425:
  28:adafruit_tft/ili9341.cpp **** 
 938              		.loc 1 28 5 view .LVU261
  28:adafruit_tft/ili9341.cpp **** 
 939              		.loc 1 28 18 is_stmt 0 view .LVU262
 940 00d6 FFF7FEFF 		bl	_ZN5daisy4GPIO5WriteEb
 941              	.LVL58:
  30:adafruit_tft/ili9341.cpp **** 
 942              		.loc 1 30 5 is_stmt 1 view .LVU263
  33:adafruit_tft/ili9341.cpp ****         while(buff_size > 0) {
 943              		.loc 1 33 5 view .LVU264
 944              	.LBB424:
  42:adafruit_tft/ili9341.cpp ****         spi_handle.DmaTransmit(buffer, buff_size, NULL, NULL, NULL);
 945              		.loc 1 42 9 view .LVU265
  42:adafruit_tft/ili9341.cpp ****         spi_handle.DmaTransmit(buffer, buff_size, NULL, NULL, NULL);
 946              		.loc 1 42 15 is_stmt 0 view .LVU266
 947 00da 029B     		ldr	r3, [sp, #8]
  43:adafruit_tft/ili9341.cpp ****     }
 948              		.loc 1 43 31 view .LVU267
 949 00dc 0322     		movs	r2, #3
 950 00de 2946     		mov	r1, r5
 951 00e0 3846     		mov	r0, r7
ARM GAS  /var/folders/0b/4qn_4lxx65nfvy4wf60ckd5w0000gn/T//ccJimYrc.s 			page 27


  42:adafruit_tft/ili9341.cpp ****         spi_handle.DmaTransmit(buffer, buff_size, NULL, NULL, NULL);
 952              		.loc 1 42 15 view .LVU268
 953 00e2 2B80     		strh	r3, [r5]	@ movhi
 954 00e4 1B0C     		lsrs	r3, r3, #16
  43:adafruit_tft/ili9341.cpp ****     }
 955              		.loc 1 43 31 view .LVU269
 956 00e6 CDE90044 		strd	r4, r4, [sp]
  42:adafruit_tft/ili9341.cpp ****         spi_handle.DmaTransmit(buffer, buff_size, NULL, NULL, NULL);
 957              		.loc 1 42 15 view .LVU270
 958 00ea AB70     		strb	r3, [r5, #2]
  43:adafruit_tft/ili9341.cpp ****     }
 959              		.loc 1 43 9 is_stmt 1 view .LVU271
  43:adafruit_tft/ili9341.cpp ****     }
 960              		.loc 1 43 31 is_stmt 0 view .LVU272
 961 00ec 2346     		mov	r3, r4
 962 00ee FFF7FEFF 		bl	_ZN5daisy9SpiHandle11DmaTransmitEPhjPFvPvEPFvS2_NS0_6ResultEES2_
 963              	.LVL59:
  43:adafruit_tft/ili9341.cpp ****     }
 964              		.loc 1 43 31 view .LVU273
 965              	.LBE424:
 966              	.LBE425:
 967              	.LBE426:
 968              	.LBE421:
  92:adafruit_tft/ili9341.cpp ****     {
 969              		.loc 1 92 5 is_stmt 1 view .LVU274
 970              	.LBB427:
 971              	.LBI427:
  21:adafruit_tft/ili9341.cpp ****     gpio_dc.Write(false);
 972              		.loc 1 21 13 view .LVU275
 973              	.LBB428:
  22:adafruit_tft/ili9341.cpp ****     buffer[0] = cmd;
 974              		.loc 1 22 5 view .LVU276
  22:adafruit_tft/ili9341.cpp ****     buffer[0] = cmd;
 975              		.loc 1 22 18 is_stmt 0 view .LVU277
 976 00f2 2146     		mov	r1, r4
 977 00f4 4046     		mov	r0, r8
 978 00f6 FFF7FEFF 		bl	_ZN5daisy4GPIO5WriteEb
 979              	.LVL60:
  23:adafruit_tft/ili9341.cpp ****     spi_handle.DmaTransmit(buffer, sizeof(cmd), NULL, NULL, NULL);
 980              		.loc 1 23 5 is_stmt 1 view .LVU278
  23:adafruit_tft/ili9341.cpp ****     spi_handle.DmaTransmit(buffer, sizeof(cmd), NULL, NULL, NULL);
 981              		.loc 1 23 15 is_stmt 0 view .LVU279
 982 00fa E823     		movs	r3, #232
  24:adafruit_tft/ili9341.cpp **** }
 983              		.loc 1 24 27 view .LVU280
 984 00fc 3246     		mov	r2, r6
 985 00fe 2946     		mov	r1, r5
  23:adafruit_tft/ili9341.cpp ****     spi_handle.DmaTransmit(buffer, sizeof(cmd), NULL, NULL, NULL);
 986              		.loc 1 23 15 view .LVU281
 987 0100 2B70     		strb	r3, [r5]
  24:adafruit_tft/ili9341.cpp **** }
 988              		.loc 1 24 5 is_stmt 1 view .LVU282
  24:adafruit_tft/ili9341.cpp **** }
 989              		.loc 1 24 27 is_stmt 0 view .LVU283
 990 0102 3846     		mov	r0, r7
 991 0104 2346     		mov	r3, r4
 992 0106 CDE90044 		strd	r4, r4, [sp]
ARM GAS  /var/folders/0b/4qn_4lxx65nfvy4wf60ckd5w0000gn/T//ccJimYrc.s 			page 28


 993 010a FFF7FEFF 		bl	_ZN5daisy9SpiHandle11DmaTransmitEPhjPFvPvEPFvS2_NS0_6ResultEES2_
 994              	.LVL61:
  24:adafruit_tft/ili9341.cpp **** }
 995              		.loc 1 24 27 view .LVU284
 996              	.LBE428:
 997              	.LBE427:
  93:adafruit_tft/ili9341.cpp ****         uint8_t data[] = { 0x85, 0x00, 0x78 };
 998              		.loc 1 93 5 is_stmt 1 view .LVU285
 999              	.LBB429:
  94:adafruit_tft/ili9341.cpp ****         ILI9341_WriteData(data, sizeof(data));
 1000              		.loc 1 94 9 view .LVU286
  94:adafruit_tft/ili9341.cpp ****         ILI9341_WriteData(data, sizeof(data));
 1001              		.loc 1 94 17 is_stmt 0 view .LVU287
 1002 010e DAF80C30 		ldr	r3, [r10, #12]
 1003              	.LBB430:
 1004              	.LBB431:
  28:adafruit_tft/ili9341.cpp **** 
 1005              		.loc 1 28 18 view .LVU288
 1006 0112 3146     		mov	r1, r6
 1007 0114 4046     		mov	r0, r8
 1008              	.LBE431:
 1009              	.LBE430:
  94:adafruit_tft/ili9341.cpp ****         ILI9341_WriteData(data, sizeof(data));
 1010              		.loc 1 94 17 view .LVU289
 1011 0116 ADF80830 		strh	r3, [sp, #8]	@ movhi
 1012 011a 1B0C     		lsrs	r3, r3, #16
 1013 011c 8DF80A30 		strb	r3, [sp, #10]
  95:adafruit_tft/ili9341.cpp ****     }
 1014              		.loc 1 95 9 is_stmt 1 view .LVU290
 1015              	.LVL62:
 1016              	.LBB434:
 1017              	.LBI430:
  27:adafruit_tft/ili9341.cpp ****     gpio_dc.Write(true);
 1018              		.loc 1 27 13 view .LVU291
 1019              	.LBB433:
  28:adafruit_tft/ili9341.cpp **** 
 1020              		.loc 1 28 5 view .LVU292
  28:adafruit_tft/ili9341.cpp **** 
 1021              		.loc 1 28 18 is_stmt 0 view .LVU293
 1022 0120 FFF7FEFF 		bl	_ZN5daisy4GPIO5WriteEb
 1023              	.LVL63:
  30:adafruit_tft/ili9341.cpp **** 
 1024              		.loc 1 30 5 is_stmt 1 view .LVU294
  33:adafruit_tft/ili9341.cpp ****         while(buff_size > 0) {
 1025              		.loc 1 33 5 view .LVU295
 1026              	.LBB432:
  42:adafruit_tft/ili9341.cpp ****         spi_handle.DmaTransmit(buffer, buff_size, NULL, NULL, NULL);
 1027              		.loc 1 42 9 view .LVU296
  42:adafruit_tft/ili9341.cpp ****         spi_handle.DmaTransmit(buffer, buff_size, NULL, NULL, NULL);
 1028              		.loc 1 42 15 is_stmt 0 view .LVU297
 1029 0124 029B     		ldr	r3, [sp, #8]
  43:adafruit_tft/ili9341.cpp ****     }
 1030              		.loc 1 43 31 view .LVU298
 1031 0126 0322     		movs	r2, #3
 1032 0128 2946     		mov	r1, r5
 1033 012a 3846     		mov	r0, r7
  42:adafruit_tft/ili9341.cpp ****         spi_handle.DmaTransmit(buffer, buff_size, NULL, NULL, NULL);
ARM GAS  /var/folders/0b/4qn_4lxx65nfvy4wf60ckd5w0000gn/T//ccJimYrc.s 			page 29


 1034              		.loc 1 42 15 view .LVU299
 1035 012c 2B80     		strh	r3, [r5]	@ movhi
 1036 012e 1B0C     		lsrs	r3, r3, #16
  43:adafruit_tft/ili9341.cpp ****     }
 1037              		.loc 1 43 31 view .LVU300
 1038 0130 CDE90044 		strd	r4, r4, [sp]
  42:adafruit_tft/ili9341.cpp ****         spi_handle.DmaTransmit(buffer, buff_size, NULL, NULL, NULL);
 1039              		.loc 1 42 15 view .LVU301
 1040 0134 AB70     		strb	r3, [r5, #2]
  43:adafruit_tft/ili9341.cpp ****     }
 1041              		.loc 1 43 9 is_stmt 1 view .LVU302
  43:adafruit_tft/ili9341.cpp ****     }
 1042              		.loc 1 43 31 is_stmt 0 view .LVU303
 1043 0136 2346     		mov	r3, r4
 1044 0138 FFF7FEFF 		bl	_ZN5daisy9SpiHandle11DmaTransmitEPhjPFvPvEPFvS2_NS0_6ResultEES2_
 1045              	.LVL64:
  43:adafruit_tft/ili9341.cpp ****     }
 1046              		.loc 1 43 31 view .LVU304
 1047              	.LBE432:
 1048              	.LBE433:
 1049              	.LBE434:
 1050              	.LBE429:
  99:adafruit_tft/ili9341.cpp ****     {
 1051              		.loc 1 99 5 is_stmt 1 view .LVU305
 1052              	.LBB435:
 1053              	.LBI435:
  21:adafruit_tft/ili9341.cpp ****     gpio_dc.Write(false);
 1054              		.loc 1 21 13 view .LVU306
 1055              	.LBB436:
  22:adafruit_tft/ili9341.cpp ****     buffer[0] = cmd;
 1056              		.loc 1 22 5 view .LVU307
  22:adafruit_tft/ili9341.cpp ****     buffer[0] = cmd;
 1057              		.loc 1 22 18 is_stmt 0 view .LVU308
 1058 013c 2146     		mov	r1, r4
 1059 013e 4046     		mov	r0, r8
 1060 0140 FFF7FEFF 		bl	_ZN5daisy4GPIO5WriteEb
 1061              	.LVL65:
  23:adafruit_tft/ili9341.cpp ****     spi_handle.DmaTransmit(buffer, sizeof(cmd), NULL, NULL, NULL);
 1062              		.loc 1 23 5 is_stmt 1 view .LVU309
  23:adafruit_tft/ili9341.cpp ****     spi_handle.DmaTransmit(buffer, sizeof(cmd), NULL, NULL, NULL);
 1063              		.loc 1 23 15 is_stmt 0 view .LVU310
 1064 0144 EA23     		movs	r3, #234
  24:adafruit_tft/ili9341.cpp **** }
 1065              		.loc 1 24 27 view .LVU311
 1066 0146 3246     		mov	r2, r6
 1067 0148 2946     		mov	r1, r5
  23:adafruit_tft/ili9341.cpp ****     spi_handle.DmaTransmit(buffer, sizeof(cmd), NULL, NULL, NULL);
 1068              		.loc 1 23 15 view .LVU312
 1069 014a 2B70     		strb	r3, [r5]
  24:adafruit_tft/ili9341.cpp **** }
 1070              		.loc 1 24 5 is_stmt 1 view .LVU313
  24:adafruit_tft/ili9341.cpp **** }
 1071              		.loc 1 24 27 is_stmt 0 view .LVU314
 1072 014c 3846     		mov	r0, r7
 1073 014e 2346     		mov	r3, r4
 1074 0150 CDE90044 		strd	r4, r4, [sp]
 1075 0154 FFF7FEFF 		bl	_ZN5daisy9SpiHandle11DmaTransmitEPhjPFvPvEPFvS2_NS0_6ResultEES2_
ARM GAS  /var/folders/0b/4qn_4lxx65nfvy4wf60ckd5w0000gn/T//ccJimYrc.s 			page 30


 1076              	.LVL66:
  24:adafruit_tft/ili9341.cpp **** }
 1077              		.loc 1 24 27 view .LVU315
 1078              	.LBE436:
 1079              	.LBE435:
 100:adafruit_tft/ili9341.cpp ****         uint8_t data[] = { 0x00, 0x00 };
 1080              		.loc 1 100 5 is_stmt 1 view .LVU316
 1081              	.LBB437:
 101:adafruit_tft/ili9341.cpp ****         ILI9341_WriteData(data, sizeof(data));
 1082              		.loc 1 101 9 view .LVU317
 102:adafruit_tft/ili9341.cpp ****     }
 1083              		.loc 1 102 9 view .LVU318
 1084              	.LBB438:
 1085              	.LBI438:
  27:adafruit_tft/ili9341.cpp ****     gpio_dc.Write(true);
 1086              		.loc 1 27 13 view .LVU319
 1087              	.LBB439:
  28:adafruit_tft/ili9341.cpp **** 
 1088              		.loc 1 28 5 view .LVU320
  28:adafruit_tft/ili9341.cpp **** 
 1089              		.loc 1 28 18 is_stmt 0 view .LVU321
 1090 0158 3146     		mov	r1, r6
 1091 015a 4046     		mov	r0, r8
 1092 015c FFF7FEFF 		bl	_ZN5daisy4GPIO5WriteEb
 1093              	.LVL67:
  30:adafruit_tft/ili9341.cpp **** 
 1094              		.loc 1 30 5 is_stmt 1 view .LVU322
  33:adafruit_tft/ili9341.cpp ****         while(buff_size > 0) {
 1095              		.loc 1 33 5 view .LVU323
 1096              	.LBB440:
  42:adafruit_tft/ili9341.cpp ****         spi_handle.DmaTransmit(buffer, buff_size, NULL, NULL, NULL);
 1097              		.loc 1 42 9 view .LVU324
  43:adafruit_tft/ili9341.cpp ****     }
 1098              		.loc 1 43 31 is_stmt 0 view .LVU325
 1099 0160 2346     		mov	r3, r4
 1100 0162 0222     		movs	r2, #2
 1101 0164 2946     		mov	r1, r5
 1102 0166 3846     		mov	r0, r7
  42:adafruit_tft/ili9341.cpp ****         spi_handle.DmaTransmit(buffer, buff_size, NULL, NULL, NULL);
 1103              		.loc 1 42 15 view .LVU326
 1104 0168 2C80     		strh	r4, [r5]	@ movhi
  43:adafruit_tft/ili9341.cpp ****     }
 1105              		.loc 1 43 9 is_stmt 1 view .LVU327
  43:adafruit_tft/ili9341.cpp ****     }
 1106              		.loc 1 43 31 is_stmt 0 view .LVU328
 1107 016a CDE90044 		strd	r4, r4, [sp]
 1108 016e FFF7FEFF 		bl	_ZN5daisy9SpiHandle11DmaTransmitEPhjPFvPvEPFvS2_NS0_6ResultEES2_
 1109              	.LVL68:
  43:adafruit_tft/ili9341.cpp ****     }
 1110              		.loc 1 43 31 view .LVU329
 1111              	.LBE440:
 1112              	.LBE439:
 1113              	.LBE438:
 1114              	.LBE437:
 106:adafruit_tft/ili9341.cpp ****     {
 1115              		.loc 1 106 5 is_stmt 1 view .LVU330
 1116              	.LBB441:
ARM GAS  /var/folders/0b/4qn_4lxx65nfvy4wf60ckd5w0000gn/T//ccJimYrc.s 			page 31


 1117              	.LBI441:
  21:adafruit_tft/ili9341.cpp ****     gpio_dc.Write(false);
 1118              		.loc 1 21 13 view .LVU331
 1119              	.LBB442:
  22:adafruit_tft/ili9341.cpp ****     buffer[0] = cmd;
 1120              		.loc 1 22 5 view .LVU332
  22:adafruit_tft/ili9341.cpp ****     buffer[0] = cmd;
 1121              		.loc 1 22 18 is_stmt 0 view .LVU333
 1122 0172 2146     		mov	r1, r4
 1123 0174 4046     		mov	r0, r8
 1124 0176 FFF7FEFF 		bl	_ZN5daisy4GPIO5WriteEb
 1125              	.LVL69:
  23:adafruit_tft/ili9341.cpp ****     spi_handle.DmaTransmit(buffer, sizeof(cmd), NULL, NULL, NULL);
 1126              		.loc 1 23 5 is_stmt 1 view .LVU334
  23:adafruit_tft/ili9341.cpp ****     spi_handle.DmaTransmit(buffer, sizeof(cmd), NULL, NULL, NULL);
 1127              		.loc 1 23 15 is_stmt 0 view .LVU335
 1128 017a ED23     		movs	r3, #237
  24:adafruit_tft/ili9341.cpp **** }
 1129              		.loc 1 24 27 view .LVU336
 1130 017c 3246     		mov	r2, r6
 1131 017e 2946     		mov	r1, r5
  23:adafruit_tft/ili9341.cpp ****     spi_handle.DmaTransmit(buffer, sizeof(cmd), NULL, NULL, NULL);
 1132              		.loc 1 23 15 view .LVU337
 1133 0180 2B70     		strb	r3, [r5]
  24:adafruit_tft/ili9341.cpp **** }
 1134              		.loc 1 24 5 is_stmt 1 view .LVU338
  24:adafruit_tft/ili9341.cpp **** }
 1135              		.loc 1 24 27 is_stmt 0 view .LVU339
 1136 0182 3846     		mov	r0, r7
 1137 0184 2346     		mov	r3, r4
 1138 0186 CDE90044 		strd	r4, r4, [sp]
 1139 018a FFF7FEFF 		bl	_ZN5daisy9SpiHandle11DmaTransmitEPhjPFvPvEPFvS2_NS0_6ResultEES2_
 1140              	.LVL70:
  24:adafruit_tft/ili9341.cpp **** }
 1141              		.loc 1 24 27 view .LVU340
 1142              	.LBE442:
 1143              	.LBE441:
 107:adafruit_tft/ili9341.cpp ****         uint8_t data[] = { 0x64, 0x03, 0x12, 0x81 };
 1144              		.loc 1 107 5 is_stmt 1 view .LVU341
 1145              	.LBB443:
 108:adafruit_tft/ili9341.cpp ****         ILI9341_WriteData(data, sizeof(data));
 1146              		.loc 1 108 9 view .LVU342
 109:adafruit_tft/ili9341.cpp ****     }
 1147              		.loc 1 109 9 view .LVU343
 1148              	.LBB444:
 1149              	.LBI444:
  27:adafruit_tft/ili9341.cpp ****     gpio_dc.Write(true);
 1150              		.loc 1 27 13 view .LVU344
 1151              	.LBB445:
  28:adafruit_tft/ili9341.cpp **** 
 1152              		.loc 1 28 5 view .LVU345
  28:adafruit_tft/ili9341.cpp **** 
 1153              		.loc 1 28 18 is_stmt 0 view .LVU346
 1154 018e 3146     		mov	r1, r6
 1155 0190 4046     		mov	r0, r8
 1156 0192 FFF7FEFF 		bl	_ZN5daisy4GPIO5WriteEb
 1157              	.LVL71:
ARM GAS  /var/folders/0b/4qn_4lxx65nfvy4wf60ckd5w0000gn/T//ccJimYrc.s 			page 32


  30:adafruit_tft/ili9341.cpp **** 
 1158              		.loc 1 30 5 is_stmt 1 view .LVU347
  33:adafruit_tft/ili9341.cpp ****         while(buff_size > 0) {
 1159              		.loc 1 33 5 view .LVU348
 1160              	.LBB446:
  42:adafruit_tft/ili9341.cpp ****         spi_handle.DmaTransmit(buffer, buff_size, NULL, NULL, NULL);
 1161              		.loc 1 42 9 view .LVU349
  42:adafruit_tft/ili9341.cpp ****         spi_handle.DmaTransmit(buffer, buff_size, NULL, NULL, NULL);
 1162              		.loc 1 42 15 is_stmt 0 view .LVU350
 1163 0196 944B     		ldr	r3, .L30+20
  43:adafruit_tft/ili9341.cpp ****     }
 1164              		.loc 1 43 31 view .LVU351
 1165 0198 0422     		movs	r2, #4
 1166 019a 2946     		mov	r1, r5
  42:adafruit_tft/ili9341.cpp ****         spi_handle.DmaTransmit(buffer, buff_size, NULL, NULL, NULL);
 1167              		.loc 1 42 15 view .LVU352
 1168 019c 2B60     		str	r3, [r5]
  43:adafruit_tft/ili9341.cpp ****     }
 1169              		.loc 1 43 9 is_stmt 1 view .LVU353
  43:adafruit_tft/ili9341.cpp ****     }
 1170              		.loc 1 43 31 is_stmt 0 view .LVU354
 1171 019e 3846     		mov	r0, r7
 1172 01a0 2346     		mov	r3, r4
 1173 01a2 CDE90044 		strd	r4, r4, [sp]
 1174 01a6 FFF7FEFF 		bl	_ZN5daisy9SpiHandle11DmaTransmitEPhjPFvPvEPFvS2_NS0_6ResultEES2_
 1175              	.LVL72:
  43:adafruit_tft/ili9341.cpp ****     }
 1176              		.loc 1 43 31 view .LVU355
 1177              	.LBE446:
 1178              	.LBE445:
 1179              	.LBE444:
 1180              	.LBE443:
 113:adafruit_tft/ili9341.cpp ****     {
 1181              		.loc 1 113 5 is_stmt 1 view .LVU356
 1182              	.LBB447:
 1183              	.LBI447:
  21:adafruit_tft/ili9341.cpp ****     gpio_dc.Write(false);
 1184              		.loc 1 21 13 view .LVU357
 1185              	.LBB448:
  22:adafruit_tft/ili9341.cpp ****     buffer[0] = cmd;
 1186              		.loc 1 22 5 view .LVU358
  22:adafruit_tft/ili9341.cpp ****     buffer[0] = cmd;
 1187              		.loc 1 22 18 is_stmt 0 view .LVU359
 1188 01aa 2146     		mov	r1, r4
 1189 01ac 4046     		mov	r0, r8
 1190 01ae FFF7FEFF 		bl	_ZN5daisy4GPIO5WriteEb
 1191              	.LVL73:
  23:adafruit_tft/ili9341.cpp ****     spi_handle.DmaTransmit(buffer, sizeof(cmd), NULL, NULL, NULL);
 1192              		.loc 1 23 5 is_stmt 1 view .LVU360
  23:adafruit_tft/ili9341.cpp ****     spi_handle.DmaTransmit(buffer, sizeof(cmd), NULL, NULL, NULL);
 1193              		.loc 1 23 15 is_stmt 0 view .LVU361
 1194 01b2 F723     		movs	r3, #247
  24:adafruit_tft/ili9341.cpp **** }
 1195              		.loc 1 24 27 view .LVU362
 1196 01b4 3246     		mov	r2, r6
 1197 01b6 2946     		mov	r1, r5
  23:adafruit_tft/ili9341.cpp ****     spi_handle.DmaTransmit(buffer, sizeof(cmd), NULL, NULL, NULL);
ARM GAS  /var/folders/0b/4qn_4lxx65nfvy4wf60ckd5w0000gn/T//ccJimYrc.s 			page 33


 1198              		.loc 1 23 15 view .LVU363
 1199 01b8 2B70     		strb	r3, [r5]
  24:adafruit_tft/ili9341.cpp **** }
 1200              		.loc 1 24 5 is_stmt 1 view .LVU364
  24:adafruit_tft/ili9341.cpp **** }
 1201              		.loc 1 24 27 is_stmt 0 view .LVU365
 1202 01ba 3846     		mov	r0, r7
 1203 01bc 2346     		mov	r3, r4
 1204 01be CDE90044 		strd	r4, r4, [sp]
 1205 01c2 FFF7FEFF 		bl	_ZN5daisy9SpiHandle11DmaTransmitEPhjPFvPvEPFvS2_NS0_6ResultEES2_
 1206              	.LVL74:
  24:adafruit_tft/ili9341.cpp **** }
 1207              		.loc 1 24 27 view .LVU366
 1208              	.LBE448:
 1209              	.LBE447:
 114:adafruit_tft/ili9341.cpp ****         uint8_t data[] = { 0x20 };
 1210              		.loc 1 114 5 is_stmt 1 view .LVU367
 1211              	.LBB449:
 115:adafruit_tft/ili9341.cpp ****         ILI9341_WriteData(data, sizeof(data));
 1212              		.loc 1 115 9 view .LVU368
 116:adafruit_tft/ili9341.cpp ****     }
 1213              		.loc 1 116 9 view .LVU369
 1214              	.LBB450:
 1215              	.LBI450:
  27:adafruit_tft/ili9341.cpp ****     gpio_dc.Write(true);
 1216              		.loc 1 27 13 view .LVU370
 1217              	.LBB451:
  28:adafruit_tft/ili9341.cpp **** 
 1218              		.loc 1 28 5 view .LVU371
  28:adafruit_tft/ili9341.cpp **** 
 1219              		.loc 1 28 18 is_stmt 0 view .LVU372
 1220 01c6 3146     		mov	r1, r6
 1221 01c8 4046     		mov	r0, r8
 1222 01ca FFF7FEFF 		bl	_ZN5daisy4GPIO5WriteEb
 1223              	.LVL75:
  30:adafruit_tft/ili9341.cpp **** 
 1224              		.loc 1 30 5 is_stmt 1 view .LVU373
  33:adafruit_tft/ili9341.cpp ****         while(buff_size > 0) {
 1225              		.loc 1 33 5 view .LVU374
 1226              	.LBB452:
  42:adafruit_tft/ili9341.cpp ****         spi_handle.DmaTransmit(buffer, buff_size, NULL, NULL, NULL);
 1227              		.loc 1 42 9 view .LVU375
  42:adafruit_tft/ili9341.cpp ****         spi_handle.DmaTransmit(buffer, buff_size, NULL, NULL, NULL);
 1228              		.loc 1 42 15 is_stmt 0 view .LVU376
 1229 01ce 2023     		movs	r3, #32
  43:adafruit_tft/ili9341.cpp ****     }
 1230              		.loc 1 43 31 view .LVU377
 1231 01d0 3246     		mov	r2, r6
 1232 01d2 2946     		mov	r1, r5
  42:adafruit_tft/ili9341.cpp ****         spi_handle.DmaTransmit(buffer, buff_size, NULL, NULL, NULL);
 1233              		.loc 1 42 15 view .LVU378
 1234 01d4 2B70     		strb	r3, [r5]
  43:adafruit_tft/ili9341.cpp ****     }
 1235              		.loc 1 43 9 is_stmt 1 view .LVU379
  43:adafruit_tft/ili9341.cpp ****     }
 1236              		.loc 1 43 31 is_stmt 0 view .LVU380
 1237 01d6 3846     		mov	r0, r7
ARM GAS  /var/folders/0b/4qn_4lxx65nfvy4wf60ckd5w0000gn/T//ccJimYrc.s 			page 34


 1238 01d8 2346     		mov	r3, r4
 1239 01da CDE90044 		strd	r4, r4, [sp]
 1240 01de FFF7FEFF 		bl	_ZN5daisy9SpiHandle11DmaTransmitEPhjPFvPvEPFvS2_NS0_6ResultEES2_
 1241              	.LVL76:
  43:adafruit_tft/ili9341.cpp ****     }
 1242              		.loc 1 43 31 view .LVU381
 1243              	.LBE452:
 1244              	.LBE451:
 1245              	.LBE450:
 1246              	.LBE449:
 120:adafruit_tft/ili9341.cpp ****     {
 1247              		.loc 1 120 5 is_stmt 1 view .LVU382
 1248              	.LBB453:
 1249              	.LBI453:
  21:adafruit_tft/ili9341.cpp ****     gpio_dc.Write(false);
 1250              		.loc 1 21 13 view .LVU383
 1251              	.LBB454:
  22:adafruit_tft/ili9341.cpp ****     buffer[0] = cmd;
 1252              		.loc 1 22 5 view .LVU384
  22:adafruit_tft/ili9341.cpp ****     buffer[0] = cmd;
 1253              		.loc 1 22 18 is_stmt 0 view .LVU385
 1254 01e2 2146     		mov	r1, r4
 1255 01e4 4046     		mov	r0, r8
 1256 01e6 FFF7FEFF 		bl	_ZN5daisy4GPIO5WriteEb
 1257              	.LVL77:
  23:adafruit_tft/ili9341.cpp ****     spi_handle.DmaTransmit(buffer, sizeof(cmd), NULL, NULL, NULL);
 1258              		.loc 1 23 5 is_stmt 1 view .LVU386
  23:adafruit_tft/ili9341.cpp ****     spi_handle.DmaTransmit(buffer, sizeof(cmd), NULL, NULL, NULL);
 1259              		.loc 1 23 15 is_stmt 0 view .LVU387
 1260 01ea C023     		movs	r3, #192
  24:adafruit_tft/ili9341.cpp **** }
 1261              		.loc 1 24 27 view .LVU388
 1262 01ec 3246     		mov	r2, r6
 1263 01ee 2946     		mov	r1, r5
  23:adafruit_tft/ili9341.cpp ****     spi_handle.DmaTransmit(buffer, sizeof(cmd), NULL, NULL, NULL);
 1264              		.loc 1 23 15 view .LVU389
 1265 01f0 2B70     		strb	r3, [r5]
  24:adafruit_tft/ili9341.cpp **** }
 1266              		.loc 1 24 5 is_stmt 1 view .LVU390
  24:adafruit_tft/ili9341.cpp **** }
 1267              		.loc 1 24 27 is_stmt 0 view .LVU391
 1268 01f2 3846     		mov	r0, r7
 1269 01f4 2346     		mov	r3, r4
 1270 01f6 CDE90044 		strd	r4, r4, [sp]
 1271 01fa FFF7FEFF 		bl	_ZN5daisy9SpiHandle11DmaTransmitEPhjPFvPvEPFvS2_NS0_6ResultEES2_
 1272              	.LVL78:
  24:adafruit_tft/ili9341.cpp **** }
 1273              		.loc 1 24 27 view .LVU392
 1274              	.LBE454:
 1275              	.LBE453:
 121:adafruit_tft/ili9341.cpp ****         uint8_t data[] = { 0x23 };
 1276              		.loc 1 121 5 is_stmt 1 view .LVU393
 1277              	.LBB455:
 122:adafruit_tft/ili9341.cpp ****         ILI9341_WriteData(data, sizeof(data));
 1278              		.loc 1 122 9 view .LVU394
 123:adafruit_tft/ili9341.cpp ****     }
 1279              		.loc 1 123 9 view .LVU395
ARM GAS  /var/folders/0b/4qn_4lxx65nfvy4wf60ckd5w0000gn/T//ccJimYrc.s 			page 35


 1280              	.LBB456:
 1281              	.LBI456:
  27:adafruit_tft/ili9341.cpp ****     gpio_dc.Write(true);
 1282              		.loc 1 27 13 view .LVU396
 1283              	.LBB457:
  28:adafruit_tft/ili9341.cpp **** 
 1284              		.loc 1 28 5 view .LVU397
  28:adafruit_tft/ili9341.cpp **** 
 1285              		.loc 1 28 18 is_stmt 0 view .LVU398
 1286 01fe 3146     		mov	r1, r6
 1287 0200 4046     		mov	r0, r8
 1288 0202 FFF7FEFF 		bl	_ZN5daisy4GPIO5WriteEb
 1289              	.LVL79:
  30:adafruit_tft/ili9341.cpp **** 
 1290              		.loc 1 30 5 is_stmt 1 view .LVU399
  33:adafruit_tft/ili9341.cpp ****         while(buff_size > 0) {
 1291              		.loc 1 33 5 view .LVU400
 1292              	.LBB458:
  42:adafruit_tft/ili9341.cpp ****         spi_handle.DmaTransmit(buffer, buff_size, NULL, NULL, NULL);
 1293              		.loc 1 42 9 view .LVU401
  42:adafruit_tft/ili9341.cpp ****         spi_handle.DmaTransmit(buffer, buff_size, NULL, NULL, NULL);
 1294              		.loc 1 42 15 is_stmt 0 view .LVU402
 1295 0206 2323     		movs	r3, #35
  43:adafruit_tft/ili9341.cpp ****     }
 1296              		.loc 1 43 31 view .LVU403
 1297 0208 3246     		mov	r2, r6
 1298 020a 2946     		mov	r1, r5
  42:adafruit_tft/ili9341.cpp ****         spi_handle.DmaTransmit(buffer, buff_size, NULL, NULL, NULL);
 1299              		.loc 1 42 15 view .LVU404
 1300 020c 2B70     		strb	r3, [r5]
  43:adafruit_tft/ili9341.cpp ****     }
 1301              		.loc 1 43 9 is_stmt 1 view .LVU405
  43:adafruit_tft/ili9341.cpp ****     }
 1302              		.loc 1 43 31 is_stmt 0 view .LVU406
 1303 020e 3846     		mov	r0, r7
 1304 0210 2346     		mov	r3, r4
 1305 0212 CDE90044 		strd	r4, r4, [sp]
 1306 0216 FFF7FEFF 		bl	_ZN5daisy9SpiHandle11DmaTransmitEPhjPFvPvEPFvS2_NS0_6ResultEES2_
 1307              	.LVL80:
  43:adafruit_tft/ili9341.cpp ****     }
 1308              		.loc 1 43 31 view .LVU407
 1309              	.LBE458:
 1310              	.LBE457:
 1311              	.LBE456:
 1312              	.LBE455:
 127:adafruit_tft/ili9341.cpp ****     {
 1313              		.loc 1 127 5 is_stmt 1 view .LVU408
 1314              	.LBB459:
 1315              	.LBI459:
  21:adafruit_tft/ili9341.cpp ****     gpio_dc.Write(false);
 1316              		.loc 1 21 13 view .LVU409
 1317              	.LBB460:
  22:adafruit_tft/ili9341.cpp ****     buffer[0] = cmd;
 1318              		.loc 1 22 5 view .LVU410
  22:adafruit_tft/ili9341.cpp ****     buffer[0] = cmd;
 1319              		.loc 1 22 18 is_stmt 0 view .LVU411
 1320 021a 2146     		mov	r1, r4
ARM GAS  /var/folders/0b/4qn_4lxx65nfvy4wf60ckd5w0000gn/T//ccJimYrc.s 			page 36


 1321 021c 4046     		mov	r0, r8
 1322 021e FFF7FEFF 		bl	_ZN5daisy4GPIO5WriteEb
 1323              	.LVL81:
  23:adafruit_tft/ili9341.cpp ****     spi_handle.DmaTransmit(buffer, sizeof(cmd), NULL, NULL, NULL);
 1324              		.loc 1 23 5 is_stmt 1 view .LVU412
  23:adafruit_tft/ili9341.cpp ****     spi_handle.DmaTransmit(buffer, sizeof(cmd), NULL, NULL, NULL);
 1325              		.loc 1 23 15 is_stmt 0 view .LVU413
 1326 0222 C123     		movs	r3, #193
  24:adafruit_tft/ili9341.cpp **** }
 1327              		.loc 1 24 27 view .LVU414
 1328 0224 3246     		mov	r2, r6
 1329 0226 2946     		mov	r1, r5
  23:adafruit_tft/ili9341.cpp ****     spi_handle.DmaTransmit(buffer, sizeof(cmd), NULL, NULL, NULL);
 1330              		.loc 1 23 15 view .LVU415
 1331 0228 2B70     		strb	r3, [r5]
  24:adafruit_tft/ili9341.cpp **** }
 1332              		.loc 1 24 5 is_stmt 1 view .LVU416
  24:adafruit_tft/ili9341.cpp **** }
 1333              		.loc 1 24 27 is_stmt 0 view .LVU417
 1334 022a 3846     		mov	r0, r7
 1335 022c 2346     		mov	r3, r4
 1336 022e CDE90044 		strd	r4, r4, [sp]
 1337 0232 FFF7FEFF 		bl	_ZN5daisy9SpiHandle11DmaTransmitEPhjPFvPvEPFvS2_NS0_6ResultEES2_
 1338              	.LVL82:
  24:adafruit_tft/ili9341.cpp **** }
 1339              		.loc 1 24 27 view .LVU418
 1340              	.LBE460:
 1341              	.LBE459:
 128:adafruit_tft/ili9341.cpp ****         uint8_t data[] = { 0x10 };
 1342              		.loc 1 128 5 is_stmt 1 view .LVU419
 1343              	.LBB461:
 129:adafruit_tft/ili9341.cpp ****         ILI9341_WriteData(data, sizeof(data));
 1344              		.loc 1 129 9 view .LVU420
 130:adafruit_tft/ili9341.cpp ****     }
 1345              		.loc 1 130 9 view .LVU421
 1346              	.LBB462:
 1347              	.LBI462:
  27:adafruit_tft/ili9341.cpp ****     gpio_dc.Write(true);
 1348              		.loc 1 27 13 view .LVU422
 1349              	.LBB463:
  28:adafruit_tft/ili9341.cpp **** 
 1350              		.loc 1 28 5 view .LVU423
  28:adafruit_tft/ili9341.cpp **** 
 1351              		.loc 1 28 18 is_stmt 0 view .LVU424
 1352 0236 3146     		mov	r1, r6
 1353 0238 4046     		mov	r0, r8
 1354 023a FFF7FEFF 		bl	_ZN5daisy4GPIO5WriteEb
 1355              	.LVL83:
  30:adafruit_tft/ili9341.cpp **** 
 1356              		.loc 1 30 5 is_stmt 1 view .LVU425
  33:adafruit_tft/ili9341.cpp ****         while(buff_size > 0) {
 1357              		.loc 1 33 5 view .LVU426
 1358              	.LBB464:
  42:adafruit_tft/ili9341.cpp ****         spi_handle.DmaTransmit(buffer, buff_size, NULL, NULL, NULL);
 1359              		.loc 1 42 9 view .LVU427
  42:adafruit_tft/ili9341.cpp ****         spi_handle.DmaTransmit(buffer, buff_size, NULL, NULL, NULL);
 1360              		.loc 1 42 15 is_stmt 0 view .LVU428
ARM GAS  /var/folders/0b/4qn_4lxx65nfvy4wf60ckd5w0000gn/T//ccJimYrc.s 			page 37


 1361 023e 1023     		movs	r3, #16
  43:adafruit_tft/ili9341.cpp ****     }
 1362              		.loc 1 43 31 view .LVU429
 1363 0240 3246     		mov	r2, r6
 1364 0242 2946     		mov	r1, r5
  42:adafruit_tft/ili9341.cpp ****         spi_handle.DmaTransmit(buffer, buff_size, NULL, NULL, NULL);
 1365              		.loc 1 42 15 view .LVU430
 1366 0244 2B70     		strb	r3, [r5]
  43:adafruit_tft/ili9341.cpp ****     }
 1367              		.loc 1 43 9 is_stmt 1 view .LVU431
  43:adafruit_tft/ili9341.cpp ****     }
 1368              		.loc 1 43 31 is_stmt 0 view .LVU432
 1369 0246 3846     		mov	r0, r7
 1370 0248 2346     		mov	r3, r4
 1371 024a CDE90044 		strd	r4, r4, [sp]
 1372 024e FFF7FEFF 		bl	_ZN5daisy9SpiHandle11DmaTransmitEPhjPFvPvEPFvS2_NS0_6ResultEES2_
 1373              	.LVL84:
  43:adafruit_tft/ili9341.cpp ****     }
 1374              		.loc 1 43 31 view .LVU433
 1375              	.LBE464:
 1376              	.LBE463:
 1377              	.LBE462:
 1378              	.LBE461:
 134:adafruit_tft/ili9341.cpp ****     {
 1379              		.loc 1 134 5 is_stmt 1 view .LVU434
 1380              	.LBB465:
 1381              	.LBI465:
  21:adafruit_tft/ili9341.cpp ****     gpio_dc.Write(false);
 1382              		.loc 1 21 13 view .LVU435
 1383              	.LBB466:
  22:adafruit_tft/ili9341.cpp ****     buffer[0] = cmd;
 1384              		.loc 1 22 5 view .LVU436
  22:adafruit_tft/ili9341.cpp ****     buffer[0] = cmd;
 1385              		.loc 1 22 18 is_stmt 0 view .LVU437
 1386 0252 2146     		mov	r1, r4
 1387 0254 4046     		mov	r0, r8
 1388 0256 FFF7FEFF 		bl	_ZN5daisy4GPIO5WriteEb
 1389              	.LVL85:
  23:adafruit_tft/ili9341.cpp ****     spi_handle.DmaTransmit(buffer, sizeof(cmd), NULL, NULL, NULL);
 1390              		.loc 1 23 5 is_stmt 1 view .LVU438
  23:adafruit_tft/ili9341.cpp ****     spi_handle.DmaTransmit(buffer, sizeof(cmd), NULL, NULL, NULL);
 1391              		.loc 1 23 15 is_stmt 0 view .LVU439
 1392 025a C523     		movs	r3, #197
  24:adafruit_tft/ili9341.cpp **** }
 1393              		.loc 1 24 27 view .LVU440
 1394 025c 3246     		mov	r2, r6
 1395 025e 2946     		mov	r1, r5
  23:adafruit_tft/ili9341.cpp ****     spi_handle.DmaTransmit(buffer, sizeof(cmd), NULL, NULL, NULL);
 1396              		.loc 1 23 15 view .LVU441
 1397 0260 2B70     		strb	r3, [r5]
  24:adafruit_tft/ili9341.cpp **** }
 1398              		.loc 1 24 5 is_stmt 1 view .LVU442
  24:adafruit_tft/ili9341.cpp **** }
 1399              		.loc 1 24 27 is_stmt 0 view .LVU443
 1400 0262 3846     		mov	r0, r7
 1401 0264 2346     		mov	r3, r4
 1402 0266 CDE90044 		strd	r4, r4, [sp]
ARM GAS  /var/folders/0b/4qn_4lxx65nfvy4wf60ckd5w0000gn/T//ccJimYrc.s 			page 38


 1403 026a FFF7FEFF 		bl	_ZN5daisy9SpiHandle11DmaTransmitEPhjPFvPvEPFvS2_NS0_6ResultEES2_
 1404              	.LVL86:
  24:adafruit_tft/ili9341.cpp **** }
 1405              		.loc 1 24 27 view .LVU444
 1406              	.LBE466:
 1407              	.LBE465:
 135:adafruit_tft/ili9341.cpp ****         uint8_t data[] = { 0x3E, 0x28 };
 1408              		.loc 1 135 5 is_stmt 1 view .LVU445
 1409              	.LBB467:
 136:adafruit_tft/ili9341.cpp ****         ILI9341_WriteData(data, sizeof(data));
 1410              		.loc 1 136 9 view .LVU446
 137:adafruit_tft/ili9341.cpp ****     }
 1411              		.loc 1 137 9 view .LVU447
 1412              	.LBB468:
 1413              	.LBI468:
  27:adafruit_tft/ili9341.cpp ****     gpio_dc.Write(true);
 1414              		.loc 1 27 13 view .LVU448
 1415              	.LBB469:
  28:adafruit_tft/ili9341.cpp **** 
 1416              		.loc 1 28 5 view .LVU449
  28:adafruit_tft/ili9341.cpp **** 
 1417              		.loc 1 28 18 is_stmt 0 view .LVU450
 1418 026e 3146     		mov	r1, r6
 1419 0270 4046     		mov	r0, r8
 1420 0272 FFF7FEFF 		bl	_ZN5daisy4GPIO5WriteEb
 1421              	.LVL87:
  30:adafruit_tft/ili9341.cpp **** 
 1422              		.loc 1 30 5 is_stmt 1 view .LVU451
  33:adafruit_tft/ili9341.cpp ****         while(buff_size > 0) {
 1423              		.loc 1 33 5 view .LVU452
 1424              	.LBB470:
  42:adafruit_tft/ili9341.cpp ****         spi_handle.DmaTransmit(buffer, buff_size, NULL, NULL, NULL);
 1425              		.loc 1 42 9 view .LVU453
  42:adafruit_tft/ili9341.cpp ****         spi_handle.DmaTransmit(buffer, buff_size, NULL, NULL, NULL);
 1426              		.loc 1 42 15 is_stmt 0 view .LVU454
 1427 0276 42F63E03 		movw	r3, #10302
  43:adafruit_tft/ili9341.cpp ****     }
 1428              		.loc 1 43 31 view .LVU455
 1429 027a 0222     		movs	r2, #2
 1430 027c 2946     		mov	r1, r5
  42:adafruit_tft/ili9341.cpp ****         spi_handle.DmaTransmit(buffer, buff_size, NULL, NULL, NULL);
 1431              		.loc 1 42 15 view .LVU456
 1432 027e 2B80     		strh	r3, [r5]	@ movhi
  43:adafruit_tft/ili9341.cpp ****     }
 1433              		.loc 1 43 9 is_stmt 1 view .LVU457
  43:adafruit_tft/ili9341.cpp ****     }
 1434              		.loc 1 43 31 is_stmt 0 view .LVU458
 1435 0280 3846     		mov	r0, r7
 1436 0282 2346     		mov	r3, r4
 1437 0284 CDE90044 		strd	r4, r4, [sp]
 1438 0288 FFF7FEFF 		bl	_ZN5daisy9SpiHandle11DmaTransmitEPhjPFvPvEPFvS2_NS0_6ResultEES2_
 1439              	.LVL88:
  43:adafruit_tft/ili9341.cpp ****     }
 1440              		.loc 1 43 31 view .LVU459
 1441              	.LBE470:
 1442              	.LBE469:
 1443              	.LBE468:
ARM GAS  /var/folders/0b/4qn_4lxx65nfvy4wf60ckd5w0000gn/T//ccJimYrc.s 			page 39


 1444              	.LBE467:
 141:adafruit_tft/ili9341.cpp ****     {
 1445              		.loc 1 141 5 is_stmt 1 view .LVU460
 1446              	.LBB471:
 1447              	.LBI471:
  21:adafruit_tft/ili9341.cpp ****     gpio_dc.Write(false);
 1448              		.loc 1 21 13 view .LVU461
 1449              	.LBB472:
  22:adafruit_tft/ili9341.cpp ****     buffer[0] = cmd;
 1450              		.loc 1 22 5 view .LVU462
  22:adafruit_tft/ili9341.cpp ****     buffer[0] = cmd;
 1451              		.loc 1 22 18 is_stmt 0 view .LVU463
 1452 028c 2146     		mov	r1, r4
 1453 028e 4046     		mov	r0, r8
 1454 0290 FFF7FEFF 		bl	_ZN5daisy4GPIO5WriteEb
 1455              	.LVL89:
  23:adafruit_tft/ili9341.cpp ****     spi_handle.DmaTransmit(buffer, sizeof(cmd), NULL, NULL, NULL);
 1456              		.loc 1 23 5 is_stmt 1 view .LVU464
  23:adafruit_tft/ili9341.cpp ****     spi_handle.DmaTransmit(buffer, sizeof(cmd), NULL, NULL, NULL);
 1457              		.loc 1 23 15 is_stmt 0 view .LVU465
 1458 0294 C723     		movs	r3, #199
  24:adafruit_tft/ili9341.cpp **** }
 1459              		.loc 1 24 27 view .LVU466
 1460 0296 3246     		mov	r2, r6
 1461 0298 2946     		mov	r1, r5
  23:adafruit_tft/ili9341.cpp ****     spi_handle.DmaTransmit(buffer, sizeof(cmd), NULL, NULL, NULL);
 1462              		.loc 1 23 15 view .LVU467
 1463 029a 2B70     		strb	r3, [r5]
  24:adafruit_tft/ili9341.cpp **** }
 1464              		.loc 1 24 5 is_stmt 1 view .LVU468
  24:adafruit_tft/ili9341.cpp **** }
 1465              		.loc 1 24 27 is_stmt 0 view .LVU469
 1466 029c 3846     		mov	r0, r7
 1467 029e 2346     		mov	r3, r4
 1468 02a0 CDE90044 		strd	r4, r4, [sp]
 1469 02a4 FFF7FEFF 		bl	_ZN5daisy9SpiHandle11DmaTransmitEPhjPFvPvEPFvS2_NS0_6ResultEES2_
 1470              	.LVL90:
  24:adafruit_tft/ili9341.cpp **** }
 1471              		.loc 1 24 27 view .LVU470
 1472              	.LBE472:
 1473              	.LBE471:
 142:adafruit_tft/ili9341.cpp ****         uint8_t data[] = { 0x86 };
 1474              		.loc 1 142 5 is_stmt 1 view .LVU471
 1475              	.LBB473:
 143:adafruit_tft/ili9341.cpp ****         ILI9341_WriteData(data, sizeof(data));
 1476              		.loc 1 143 9 view .LVU472
 144:adafruit_tft/ili9341.cpp ****     }
 1477              		.loc 1 144 9 view .LVU473
 1478              	.LBB474:
 1479              	.LBI474:
  27:adafruit_tft/ili9341.cpp ****     gpio_dc.Write(true);
 1480              		.loc 1 27 13 view .LVU474
 1481              	.LBB475:
  28:adafruit_tft/ili9341.cpp **** 
 1482              		.loc 1 28 5 view .LVU475
  28:adafruit_tft/ili9341.cpp **** 
 1483              		.loc 1 28 18 is_stmt 0 view .LVU476
ARM GAS  /var/folders/0b/4qn_4lxx65nfvy4wf60ckd5w0000gn/T//ccJimYrc.s 			page 40


 1484 02a8 3146     		mov	r1, r6
 1485 02aa 4046     		mov	r0, r8
 1486 02ac FFF7FEFF 		bl	_ZN5daisy4GPIO5WriteEb
 1487              	.LVL91:
  30:adafruit_tft/ili9341.cpp **** 
 1488              		.loc 1 30 5 is_stmt 1 view .LVU477
  33:adafruit_tft/ili9341.cpp ****         while(buff_size > 0) {
 1489              		.loc 1 33 5 view .LVU478
 1490              	.LBB476:
  42:adafruit_tft/ili9341.cpp ****         spi_handle.DmaTransmit(buffer, buff_size, NULL, NULL, NULL);
 1491              		.loc 1 42 9 view .LVU479
  42:adafruit_tft/ili9341.cpp ****         spi_handle.DmaTransmit(buffer, buff_size, NULL, NULL, NULL);
 1492              		.loc 1 42 15 is_stmt 0 view .LVU480
 1493 02b0 8623     		movs	r3, #134
  43:adafruit_tft/ili9341.cpp ****     }
 1494              		.loc 1 43 31 view .LVU481
 1495 02b2 3246     		mov	r2, r6
 1496 02b4 2946     		mov	r1, r5
  42:adafruit_tft/ili9341.cpp ****         spi_handle.DmaTransmit(buffer, buff_size, NULL, NULL, NULL);
 1497              		.loc 1 42 15 view .LVU482
 1498 02b6 2B70     		strb	r3, [r5]
  43:adafruit_tft/ili9341.cpp ****     }
 1499              		.loc 1 43 9 is_stmt 1 view .LVU483
  43:adafruit_tft/ili9341.cpp ****     }
 1500              		.loc 1 43 31 is_stmt 0 view .LVU484
 1501 02b8 3846     		mov	r0, r7
 1502 02ba 2346     		mov	r3, r4
 1503 02bc CDE90044 		strd	r4, r4, [sp]
 1504 02c0 FFF7FEFF 		bl	_ZN5daisy9SpiHandle11DmaTransmitEPhjPFvPvEPFvS2_NS0_6ResultEES2_
 1505              	.LVL92:
  43:adafruit_tft/ili9341.cpp ****     }
 1506              		.loc 1 43 31 view .LVU485
 1507              	.LBE476:
 1508              	.LBE475:
 1509              	.LBE474:
 1510              	.LBE473:
 148:adafruit_tft/ili9341.cpp ****     {
 1511              		.loc 1 148 5 is_stmt 1 view .LVU486
 1512              	.LBB477:
 1513              	.LBI477:
  21:adafruit_tft/ili9341.cpp ****     gpio_dc.Write(false);
 1514              		.loc 1 21 13 view .LVU487
 1515              	.LBB478:
  22:adafruit_tft/ili9341.cpp ****     buffer[0] = cmd;
 1516              		.loc 1 22 5 view .LVU488
  22:adafruit_tft/ili9341.cpp ****     buffer[0] = cmd;
 1517              		.loc 1 22 18 is_stmt 0 view .LVU489
 1518 02c4 2146     		mov	r1, r4
 1519 02c6 4046     		mov	r0, r8
 1520 02c8 FFF7FEFF 		bl	_ZN5daisy4GPIO5WriteEb
 1521              	.LVL93:
  23:adafruit_tft/ili9341.cpp ****     spi_handle.DmaTransmit(buffer, sizeof(cmd), NULL, NULL, NULL);
 1522              		.loc 1 23 5 is_stmt 1 view .LVU490
  23:adafruit_tft/ili9341.cpp ****     spi_handle.DmaTransmit(buffer, sizeof(cmd), NULL, NULL, NULL);
 1523              		.loc 1 23 15 is_stmt 0 view .LVU491
 1524 02cc 4FF03603 		mov	r3, #54
  24:adafruit_tft/ili9341.cpp **** }
ARM GAS  /var/folders/0b/4qn_4lxx65nfvy4wf60ckd5w0000gn/T//ccJimYrc.s 			page 41


 1525              		.loc 1 24 27 view .LVU492
 1526 02d0 3246     		mov	r2, r6
 1527 02d2 2946     		mov	r1, r5
  23:adafruit_tft/ili9341.cpp ****     spi_handle.DmaTransmit(buffer, sizeof(cmd), NULL, NULL, NULL);
 1528              		.loc 1 23 15 view .LVU493
 1529 02d4 2B70     		strb	r3, [r5]
  24:adafruit_tft/ili9341.cpp **** }
 1530              		.loc 1 24 5 is_stmt 1 view .LVU494
  24:adafruit_tft/ili9341.cpp **** }
 1531              		.loc 1 24 27 is_stmt 0 view .LVU495
 1532 02d6 3846     		mov	r0, r7
 1533 02d8 2346     		mov	r3, r4
 1534 02da CDE90044 		strd	r4, r4, [sp]
 1535 02de FFF7FEFF 		bl	_ZN5daisy9SpiHandle11DmaTransmitEPhjPFvPvEPFvS2_NS0_6ResultEES2_
 1536              	.LVL94:
  24:adafruit_tft/ili9341.cpp **** }
 1537              		.loc 1 24 27 view .LVU496
 1538              	.LBE478:
 1539              	.LBE477:
 149:adafruit_tft/ili9341.cpp ****         uint8_t data[] = { 0x48 };
 1540              		.loc 1 149 5 is_stmt 1 view .LVU497
 1541              	.LBB479:
 150:adafruit_tft/ili9341.cpp ****         ILI9341_WriteData(data, sizeof(data));
 1542              		.loc 1 150 9 view .LVU498
 151:adafruit_tft/ili9341.cpp ****     }
 1543              		.loc 1 151 9 view .LVU499
 1544              	.LBB480:
 1545              	.LBI480:
  27:adafruit_tft/ili9341.cpp ****     gpio_dc.Write(true);
 1546              		.loc 1 27 13 view .LVU500
 1547              	.LBB481:
  28:adafruit_tft/ili9341.cpp **** 
 1548              		.loc 1 28 5 view .LVU501
  28:adafruit_tft/ili9341.cpp **** 
 1549              		.loc 1 28 18 is_stmt 0 view .LVU502
 1550 02e2 3146     		mov	r1, r6
 1551 02e4 4046     		mov	r0, r8
 1552 02e6 FFF7FEFF 		bl	_ZN5daisy4GPIO5WriteEb
 1553              	.LVL95:
  30:adafruit_tft/ili9341.cpp **** 
 1554              		.loc 1 30 5 is_stmt 1 view .LVU503
  33:adafruit_tft/ili9341.cpp ****         while(buff_size > 0) {
 1555              		.loc 1 33 5 view .LVU504
 1556              	.LBB482:
  42:adafruit_tft/ili9341.cpp ****         spi_handle.DmaTransmit(buffer, buff_size, NULL, NULL, NULL);
 1557              		.loc 1 42 9 view .LVU505
  42:adafruit_tft/ili9341.cpp ****         spi_handle.DmaTransmit(buffer, buff_size, NULL, NULL, NULL);
 1558              		.loc 1 42 15 is_stmt 0 view .LVU506
 1559 02ea 4FF04802 		mov	r2, #72
  43:adafruit_tft/ili9341.cpp ****     }
 1560              		.loc 1 43 31 view .LVU507
 1561 02ee 2346     		mov	r3, r4
 1562 02f0 2946     		mov	r1, r5
  42:adafruit_tft/ili9341.cpp ****         spi_handle.DmaTransmit(buffer, buff_size, NULL, NULL, NULL);
 1563              		.loc 1 42 15 view .LVU508
 1564 02f2 2A70     		strb	r2, [r5]
  43:adafruit_tft/ili9341.cpp ****     }
ARM GAS  /var/folders/0b/4qn_4lxx65nfvy4wf60ckd5w0000gn/T//ccJimYrc.s 			page 42


 1565              		.loc 1 43 9 is_stmt 1 view .LVU509
  43:adafruit_tft/ili9341.cpp ****     }
 1566              		.loc 1 43 31 is_stmt 0 view .LVU510
 1567 02f4 3846     		mov	r0, r7
 1568 02f6 3246     		mov	r2, r6
 1569 02f8 CDE90044 		strd	r4, r4, [sp]
 1570 02fc FFF7FEFF 		bl	_ZN5daisy9SpiHandle11DmaTransmitEPhjPFvPvEPFvS2_NS0_6ResultEES2_
 1571              	.LVL96:
  43:adafruit_tft/ili9341.cpp ****     }
 1572              		.loc 1 43 31 view .LVU511
 1573              	.LBE482:
 1574              	.LBE481:
 1575              	.LBE480:
 1576              	.LBE479:
 155:adafruit_tft/ili9341.cpp ****     {
 1577              		.loc 1 155 5 is_stmt 1 view .LVU512
 1578              	.LBB483:
 1579              	.LBI483:
  21:adafruit_tft/ili9341.cpp ****     gpio_dc.Write(false);
 1580              		.loc 1 21 13 view .LVU513
 1581              	.LBB484:
  22:adafruit_tft/ili9341.cpp ****     buffer[0] = cmd;
 1582              		.loc 1 22 5 view .LVU514
  22:adafruit_tft/ili9341.cpp ****     buffer[0] = cmd;
 1583              		.loc 1 22 18 is_stmt 0 view .LVU515
 1584 0300 2146     		mov	r1, r4
 1585 0302 4046     		mov	r0, r8
 1586 0304 FFF7FEFF 		bl	_ZN5daisy4GPIO5WriteEb
 1587              	.LVL97:
  23:adafruit_tft/ili9341.cpp ****     spi_handle.DmaTransmit(buffer, sizeof(cmd), NULL, NULL, NULL);
 1588              		.loc 1 23 5 is_stmt 1 view .LVU516
  23:adafruit_tft/ili9341.cpp ****     spi_handle.DmaTransmit(buffer, sizeof(cmd), NULL, NULL, NULL);
 1589              		.loc 1 23 15 is_stmt 0 view .LVU517
 1590 0308 3A23     		movs	r3, #58
  24:adafruit_tft/ili9341.cpp **** }
 1591              		.loc 1 24 27 view .LVU518
 1592 030a 3246     		mov	r2, r6
 1593 030c 2946     		mov	r1, r5
  23:adafruit_tft/ili9341.cpp ****     spi_handle.DmaTransmit(buffer, sizeof(cmd), NULL, NULL, NULL);
 1594              		.loc 1 23 15 view .LVU519
 1595 030e 2B70     		strb	r3, [r5]
  24:adafruit_tft/ili9341.cpp **** }
 1596              		.loc 1 24 5 is_stmt 1 view .LVU520
  24:adafruit_tft/ili9341.cpp **** }
 1597              		.loc 1 24 27 is_stmt 0 view .LVU521
 1598 0310 3846     		mov	r0, r7
 1599 0312 2346     		mov	r3, r4
 1600 0314 CDE90044 		strd	r4, r4, [sp]
 1601 0318 FFF7FEFF 		bl	_ZN5daisy9SpiHandle11DmaTransmitEPhjPFvPvEPFvS2_NS0_6ResultEES2_
 1602              	.LVL98:
  24:adafruit_tft/ili9341.cpp **** }
 1603              		.loc 1 24 27 view .LVU522
 1604              	.LBE484:
 1605              	.LBE483:
 156:adafruit_tft/ili9341.cpp ****         uint8_t data[] = { 0x55 };
 1606              		.loc 1 156 5 is_stmt 1 view .LVU523
 1607              	.LBB485:
ARM GAS  /var/folders/0b/4qn_4lxx65nfvy4wf60ckd5w0000gn/T//ccJimYrc.s 			page 43


 157:adafruit_tft/ili9341.cpp ****         ILI9341_WriteData(data, sizeof(data));
 1608              		.loc 1 157 9 view .LVU524
 158:adafruit_tft/ili9341.cpp ****     }
 1609              		.loc 1 158 9 view .LVU525
 1610              	.LBB486:
 1611              	.LBI486:
  27:adafruit_tft/ili9341.cpp ****     gpio_dc.Write(true);
 1612              		.loc 1 27 13 view .LVU526
 1613              	.LBB487:
  28:adafruit_tft/ili9341.cpp **** 
 1614              		.loc 1 28 5 view .LVU527
  28:adafruit_tft/ili9341.cpp **** 
 1615              		.loc 1 28 18 is_stmt 0 view .LVU528
 1616 031c 3146     		mov	r1, r6
 1617 031e 4046     		mov	r0, r8
 1618 0320 FFF7FEFF 		bl	_ZN5daisy4GPIO5WriteEb
 1619              	.LVL99:
  30:adafruit_tft/ili9341.cpp **** 
 1620              		.loc 1 30 5 is_stmt 1 view .LVU529
  33:adafruit_tft/ili9341.cpp ****         while(buff_size > 0) {
 1621              		.loc 1 33 5 view .LVU530
 1622              	.LBB488:
  42:adafruit_tft/ili9341.cpp ****         spi_handle.DmaTransmit(buffer, buff_size, NULL, NULL, NULL);
 1623              		.loc 1 42 9 view .LVU531
  42:adafruit_tft/ili9341.cpp ****         spi_handle.DmaTransmit(buffer, buff_size, NULL, NULL, NULL);
 1624              		.loc 1 42 15 is_stmt 0 view .LVU532
 1625 0324 5523     		movs	r3, #85
  43:adafruit_tft/ili9341.cpp ****     }
 1626              		.loc 1 43 31 view .LVU533
 1627 0326 3246     		mov	r2, r6
 1628 0328 2946     		mov	r1, r5
  42:adafruit_tft/ili9341.cpp ****         spi_handle.DmaTransmit(buffer, buff_size, NULL, NULL, NULL);
 1629              		.loc 1 42 15 view .LVU534
 1630 032a 2B70     		strb	r3, [r5]
  43:adafruit_tft/ili9341.cpp ****     }
 1631              		.loc 1 43 9 is_stmt 1 view .LVU535
  43:adafruit_tft/ili9341.cpp ****     }
 1632              		.loc 1 43 31 is_stmt 0 view .LVU536
 1633 032c 3846     		mov	r0, r7
 1634 032e 2346     		mov	r3, r4
 1635 0330 CDE90044 		strd	r4, r4, [sp]
 1636 0334 FFF7FEFF 		bl	_ZN5daisy9SpiHandle11DmaTransmitEPhjPFvPvEPFvS2_NS0_6ResultEES2_
 1637              	.LVL100:
  43:adafruit_tft/ili9341.cpp ****     }
 1638              		.loc 1 43 31 view .LVU537
 1639              	.LBE488:
 1640              	.LBE487:
 1641              	.LBE486:
 1642              	.LBE485:
 162:adafruit_tft/ili9341.cpp ****     {
 1643              		.loc 1 162 5 is_stmt 1 view .LVU538
 1644              	.LBB489:
 1645              	.LBI489:
  21:adafruit_tft/ili9341.cpp ****     gpio_dc.Write(false);
 1646              		.loc 1 21 13 view .LVU539
 1647              	.LBB490:
  22:adafruit_tft/ili9341.cpp ****     buffer[0] = cmd;
ARM GAS  /var/folders/0b/4qn_4lxx65nfvy4wf60ckd5w0000gn/T//ccJimYrc.s 			page 44


 1648              		.loc 1 22 5 view .LVU540
  22:adafruit_tft/ili9341.cpp ****     buffer[0] = cmd;
 1649              		.loc 1 22 18 is_stmt 0 view .LVU541
 1650 0338 2146     		mov	r1, r4
 1651 033a 4046     		mov	r0, r8
 1652 033c FFF7FEFF 		bl	_ZN5daisy4GPIO5WriteEb
 1653              	.LVL101:
  23:adafruit_tft/ili9341.cpp ****     spi_handle.DmaTransmit(buffer, sizeof(cmd), NULL, NULL, NULL);
 1654              		.loc 1 23 5 is_stmt 1 view .LVU542
  23:adafruit_tft/ili9341.cpp ****     spi_handle.DmaTransmit(buffer, sizeof(cmd), NULL, NULL, NULL);
 1655              		.loc 1 23 15 is_stmt 0 view .LVU543
 1656 0340 B123     		movs	r3, #177
  24:adafruit_tft/ili9341.cpp **** }
 1657              		.loc 1 24 27 view .LVU544
 1658 0342 3246     		mov	r2, r6
 1659 0344 2946     		mov	r1, r5
  23:adafruit_tft/ili9341.cpp ****     spi_handle.DmaTransmit(buffer, sizeof(cmd), NULL, NULL, NULL);
 1660              		.loc 1 23 15 view .LVU545
 1661 0346 2B70     		strb	r3, [r5]
  24:adafruit_tft/ili9341.cpp **** }
 1662              		.loc 1 24 5 is_stmt 1 view .LVU546
  24:adafruit_tft/ili9341.cpp **** }
 1663              		.loc 1 24 27 is_stmt 0 view .LVU547
 1664 0348 3846     		mov	r0, r7
 1665 034a 2346     		mov	r3, r4
 1666 034c CDE90044 		strd	r4, r4, [sp]
 1667 0350 FFF7FEFF 		bl	_ZN5daisy9SpiHandle11DmaTransmitEPhjPFvPvEPFvS2_NS0_6ResultEES2_
 1668              	.LVL102:
  24:adafruit_tft/ili9341.cpp **** }
 1669              		.loc 1 24 27 view .LVU548
 1670              	.LBE490:
 1671              	.LBE489:
 163:adafruit_tft/ili9341.cpp ****         uint8_t data[] = { 0x00, 0x18 };
 1672              		.loc 1 163 5 is_stmt 1 view .LVU549
 1673              	.LBB491:
 164:adafruit_tft/ili9341.cpp ****         ILI9341_WriteData(data, sizeof(data));
 1674              		.loc 1 164 9 view .LVU550
 165:adafruit_tft/ili9341.cpp ****     }
 1675              		.loc 1 165 9 view .LVU551
 1676              	.LBB492:
 1677              	.LBI492:
  27:adafruit_tft/ili9341.cpp ****     gpio_dc.Write(true);
 1678              		.loc 1 27 13 view .LVU552
 1679              	.LBB493:
  28:adafruit_tft/ili9341.cpp **** 
 1680              		.loc 1 28 5 view .LVU553
  28:adafruit_tft/ili9341.cpp **** 
 1681              		.loc 1 28 18 is_stmt 0 view .LVU554
 1682 0354 3146     		mov	r1, r6
 1683 0356 4046     		mov	r0, r8
 1684 0358 FFF7FEFF 		bl	_ZN5daisy4GPIO5WriteEb
 1685              	.LVL103:
  30:adafruit_tft/ili9341.cpp **** 
 1686              		.loc 1 30 5 is_stmt 1 view .LVU555
  33:adafruit_tft/ili9341.cpp ****         while(buff_size > 0) {
 1687              		.loc 1 33 5 view .LVU556
 1688              	.LBB494:
ARM GAS  /var/folders/0b/4qn_4lxx65nfvy4wf60ckd5w0000gn/T//ccJimYrc.s 			page 45


  42:adafruit_tft/ili9341.cpp ****         spi_handle.DmaTransmit(buffer, buff_size, NULL, NULL, NULL);
 1689              		.loc 1 42 9 view .LVU557
  42:adafruit_tft/ili9341.cpp ****         spi_handle.DmaTransmit(buffer, buff_size, NULL, NULL, NULL);
 1690              		.loc 1 42 15 is_stmt 0 view .LVU558
 1691 035c 4FF4C053 		mov	r3, #6144
  43:adafruit_tft/ili9341.cpp ****     }
 1692              		.loc 1 43 31 view .LVU559
 1693 0360 0222     		movs	r2, #2
 1694 0362 2946     		mov	r1, r5
  42:adafruit_tft/ili9341.cpp ****         spi_handle.DmaTransmit(buffer, buff_size, NULL, NULL, NULL);
 1695              		.loc 1 42 15 view .LVU560
 1696 0364 2B80     		strh	r3, [r5]	@ movhi
  43:adafruit_tft/ili9341.cpp ****     }
 1697              		.loc 1 43 9 is_stmt 1 view .LVU561
  43:adafruit_tft/ili9341.cpp ****     }
 1698              		.loc 1 43 31 is_stmt 0 view .LVU562
 1699 0366 3846     		mov	r0, r7
 1700 0368 2346     		mov	r3, r4
 1701 036a CDE90044 		strd	r4, r4, [sp]
 1702 036e FFF7FEFF 		bl	_ZN5daisy9SpiHandle11DmaTransmitEPhjPFvPvEPFvS2_NS0_6ResultEES2_
 1703              	.LVL104:
  43:adafruit_tft/ili9341.cpp ****     }
 1704              		.loc 1 43 31 view .LVU563
 1705              	.LBE494:
 1706              	.LBE493:
 1707              	.LBE492:
 1708              	.LBE491:
 169:adafruit_tft/ili9341.cpp ****     {
 1709              		.loc 1 169 5 is_stmt 1 view .LVU564
 1710              	.LBB495:
 1711              	.LBI495:
  21:adafruit_tft/ili9341.cpp ****     gpio_dc.Write(false);
 1712              		.loc 1 21 13 view .LVU565
 1713              	.LBB496:
  22:adafruit_tft/ili9341.cpp ****     buffer[0] = cmd;
 1714              		.loc 1 22 5 view .LVU566
  22:adafruit_tft/ili9341.cpp ****     buffer[0] = cmd;
 1715              		.loc 1 22 18 is_stmt 0 view .LVU567
 1716 0372 2146     		mov	r1, r4
 1717 0374 4046     		mov	r0, r8
 1718 0376 FFF7FEFF 		bl	_ZN5daisy4GPIO5WriteEb
 1719              	.LVL105:
  23:adafruit_tft/ili9341.cpp ****     spi_handle.DmaTransmit(buffer, sizeof(cmd), NULL, NULL, NULL);
 1720              		.loc 1 23 5 is_stmt 1 view .LVU568
  23:adafruit_tft/ili9341.cpp ****     spi_handle.DmaTransmit(buffer, sizeof(cmd), NULL, NULL, NULL);
 1721              		.loc 1 23 15 is_stmt 0 view .LVU569
 1722 037a B623     		movs	r3, #182
  24:adafruit_tft/ili9341.cpp **** }
 1723              		.loc 1 24 27 view .LVU570
 1724 037c 3246     		mov	r2, r6
 1725 037e 2946     		mov	r1, r5
  23:adafruit_tft/ili9341.cpp ****     spi_handle.DmaTransmit(buffer, sizeof(cmd), NULL, NULL, NULL);
 1726              		.loc 1 23 15 view .LVU571
 1727 0380 2B70     		strb	r3, [r5]
  24:adafruit_tft/ili9341.cpp **** }
 1728              		.loc 1 24 5 is_stmt 1 view .LVU572
  24:adafruit_tft/ili9341.cpp **** }
ARM GAS  /var/folders/0b/4qn_4lxx65nfvy4wf60ckd5w0000gn/T//ccJimYrc.s 			page 46


 1729              		.loc 1 24 27 is_stmt 0 view .LVU573
 1730 0382 3846     		mov	r0, r7
 1731 0384 2346     		mov	r3, r4
 1732 0386 CDE90044 		strd	r4, r4, [sp]
 1733 038a FFF7FEFF 		bl	_ZN5daisy9SpiHandle11DmaTransmitEPhjPFvPvEPFvS2_NS0_6ResultEES2_
 1734              	.LVL106:
  24:adafruit_tft/ili9341.cpp **** }
 1735              		.loc 1 24 27 view .LVU574
 1736              	.LBE496:
 1737              	.LBE495:
 170:adafruit_tft/ili9341.cpp ****         uint8_t data[] = { 0x08, 0x82, 0x27 };
 1738              		.loc 1 170 5 is_stmt 1 view .LVU575
 1739              	.LBB497:
 171:adafruit_tft/ili9341.cpp ****         ILI9341_WriteData(data, sizeof(data));
 1740              		.loc 1 171 9 view .LVU576
 171:adafruit_tft/ili9341.cpp ****         ILI9341_WriteData(data, sizeof(data));
 1741              		.loc 1 171 17 is_stmt 0 view .LVU577
 1742 038e 174B     		ldr	r3, .L30+24
 1743              	.LBB498:
 1744              	.LBB499:
  28:adafruit_tft/ili9341.cpp **** 
 1745              		.loc 1 28 18 view .LVU578
 1746 0390 3146     		mov	r1, r6
 1747 0392 4046     		mov	r0, r8
 1748              	.LBE499:
 1749              	.LBE498:
 171:adafruit_tft/ili9341.cpp ****         ILI9341_WriteData(data, sizeof(data));
 1750              		.loc 1 171 17 view .LVU579
 1751 0394 1B68     		ldr	r3, [r3]
 1752 0396 ADF80830 		strh	r3, [sp, #8]	@ movhi
 1753 039a 1B0C     		lsrs	r3, r3, #16
 1754 039c 8DF80A30 		strb	r3, [sp, #10]
 172:adafruit_tft/ili9341.cpp ****     }
 1755              		.loc 1 172 9 is_stmt 1 view .LVU580
 1756              	.LVL107:
 1757              	.LBB502:
 1758              	.LBI498:
  27:adafruit_tft/ili9341.cpp ****     gpio_dc.Write(true);
 1759              		.loc 1 27 13 view .LVU581
 1760              	.LBB501:
  28:adafruit_tft/ili9341.cpp **** 
 1761              		.loc 1 28 5 view .LVU582
  28:adafruit_tft/ili9341.cpp **** 
 1762              		.loc 1 28 18 is_stmt 0 view .LVU583
 1763 03a0 FFF7FEFF 		bl	_ZN5daisy4GPIO5WriteEb
 1764              	.LVL108:
  30:adafruit_tft/ili9341.cpp **** 
 1765              		.loc 1 30 5 is_stmt 1 view .LVU584
  33:adafruit_tft/ili9341.cpp ****         while(buff_size > 0) {
 1766              		.loc 1 33 5 view .LVU585
 1767              	.LBB500:
  42:adafruit_tft/ili9341.cpp ****         spi_handle.DmaTransmit(buffer, buff_size, NULL, NULL, NULL);
 1768              		.loc 1 42 9 view .LVU586
  42:adafruit_tft/ili9341.cpp ****         spi_handle.DmaTransmit(buffer, buff_size, NULL, NULL, NULL);
 1769              		.loc 1 42 15 is_stmt 0 view .LVU587
 1770 03a4 029B     		ldr	r3, [sp, #8]
  43:adafruit_tft/ili9341.cpp ****     }
ARM GAS  /var/folders/0b/4qn_4lxx65nfvy4wf60ckd5w0000gn/T//ccJimYrc.s 			page 47


 1771              		.loc 1 43 31 view .LVU588
 1772 03a6 0322     		movs	r2, #3
 1773 03a8 2946     		mov	r1, r5
 1774 03aa 3846     		mov	r0, r7
  42:adafruit_tft/ili9341.cpp ****         spi_handle.DmaTransmit(buffer, buff_size, NULL, NULL, NULL);
 1775              		.loc 1 42 15 view .LVU589
 1776 03ac 2B80     		strh	r3, [r5]	@ movhi
 1777 03ae 1B0C     		lsrs	r3, r3, #16
  43:adafruit_tft/ili9341.cpp ****     }
 1778              		.loc 1 43 31 view .LVU590
 1779 03b0 CDE90044 		strd	r4, r4, [sp]
  42:adafruit_tft/ili9341.cpp ****         spi_handle.DmaTransmit(buffer, buff_size, NULL, NULL, NULL);
 1780              		.loc 1 42 15 view .LVU591
 1781 03b4 AB70     		strb	r3, [r5, #2]
  43:adafruit_tft/ili9341.cpp ****     }
 1782              		.loc 1 43 9 is_stmt 1 view .LVU592
  43:adafruit_tft/ili9341.cpp ****     }
 1783              		.loc 1 43 31 is_stmt 0 view .LVU593
 1784 03b6 2346     		mov	r3, r4
 1785 03b8 FFF7FEFF 		bl	_ZN5daisy9SpiHandle11DmaTransmitEPhjPFvPvEPFvS2_NS0_6ResultEES2_
 1786              	.LVL109:
  43:adafruit_tft/ili9341.cpp ****     }
 1787              		.loc 1 43 31 view .LVU594
 1788              	.LBE500:
 1789              	.LBE501:
 1790              	.LBE502:
 1791              	.LBE497:
 176:adafruit_tft/ili9341.cpp ****     {
 1792              		.loc 1 176 5 is_stmt 1 view .LVU595
 1793              	.LBB503:
 1794              	.LBI503:
  21:adafruit_tft/ili9341.cpp ****     gpio_dc.Write(false);
 1795              		.loc 1 21 13 view .LVU596
 1796              	.LBB504:
  22:adafruit_tft/ili9341.cpp ****     buffer[0] = cmd;
 1797              		.loc 1 22 5 view .LVU597
  22:adafruit_tft/ili9341.cpp ****     buffer[0] = cmd;
 1798              		.loc 1 22 18 is_stmt 0 view .LVU598
 1799 03bc 2146     		mov	r1, r4
 1800 03be 4046     		mov	r0, r8
 1801 03c0 FFF7FEFF 		bl	_ZN5daisy4GPIO5WriteEb
 1802              	.LVL110:
  23:adafruit_tft/ili9341.cpp ****     spi_handle.DmaTransmit(buffer, sizeof(cmd), NULL, NULL, NULL);
 1803              		.loc 1 23 5 is_stmt 1 view .LVU599
  23:adafruit_tft/ili9341.cpp ****     spi_handle.DmaTransmit(buffer, sizeof(cmd), NULL, NULL, NULL);
 1804              		.loc 1 23 15 is_stmt 0 view .LVU600
 1805 03c4 F223     		movs	r3, #242
  24:adafruit_tft/ili9341.cpp **** }
 1806              		.loc 1 24 27 view .LVU601
 1807 03c6 3246     		mov	r2, r6
 1808 03c8 2946     		mov	r1, r5
  23:adafruit_tft/ili9341.cpp ****     spi_handle.DmaTransmit(buffer, sizeof(cmd), NULL, NULL, NULL);
 1809              		.loc 1 23 15 view .LVU602
 1810 03ca 2B70     		strb	r3, [r5]
  24:adafruit_tft/ili9341.cpp **** }
 1811              		.loc 1 24 5 is_stmt 1 view .LVU603
  24:adafruit_tft/ili9341.cpp **** }
ARM GAS  /var/folders/0b/4qn_4lxx65nfvy4wf60ckd5w0000gn/T//ccJimYrc.s 			page 48


 1812              		.loc 1 24 27 is_stmt 0 view .LVU604
 1813 03cc 3846     		mov	r0, r7
 1814 03ce 2346     		mov	r3, r4
 1815 03d0 12E0     		b	.L31
 1816              	.L32:
 1817 03d2 00BF     		.align	2
 1818              	.L30:
 1819 03d4 00000000 		.word	gpio_res
 1820 03d8 00000000 		.word	gpio_cs
 1821 03dc 00000000 		.word	hw
 1822 03e0 00000000 		.word	.LANCHOR0
 1823 03e4 00000000 		.word	spi_handle
 1824 03e8 64031281 		.word	-2129525916
 1825 03ec 00000000 		.word	.LC3
 1826 03f0 00000000 		.word	gpio_dc
 1827 03f4 00000000 		.word	.LANCHOR1
 1828              	.L31:
 1829 03f8 CDE90044 		strd	r4, r4, [sp]
 1830 03fc FFF7FEFF 		bl	_ZN5daisy9SpiHandle11DmaTransmitEPhjPFvPvEPFvS2_NS0_6ResultEES2_
 1831              	.LVL111:
  24:adafruit_tft/ili9341.cpp **** }
 1832              		.loc 1 24 27 view .LVU605
 1833              	.LBE504:
 1834              	.LBE503:
 177:adafruit_tft/ili9341.cpp ****         uint8_t data[] = { 0x00 };
 1835              		.loc 1 177 5 is_stmt 1 view .LVU606
 1836              	.LBB505:
 178:adafruit_tft/ili9341.cpp ****         ILI9341_WriteData(data, sizeof(data));
 1837              		.loc 1 178 9 view .LVU607
 179:adafruit_tft/ili9341.cpp ****     }
 1838              		.loc 1 179 9 view .LVU608
 1839              	.LBB506:
 1840              	.LBI506:
  27:adafruit_tft/ili9341.cpp ****     gpio_dc.Write(true);
 1841              		.loc 1 27 13 view .LVU609
 1842              	.LBB507:
  28:adafruit_tft/ili9341.cpp **** 
 1843              		.loc 1 28 5 view .LVU610
  28:adafruit_tft/ili9341.cpp **** 
 1844              		.loc 1 28 18 is_stmt 0 view .LVU611
 1845 0400 3146     		mov	r1, r6
 1846 0402 4046     		mov	r0, r8
 1847 0404 FFF7FEFF 		bl	_ZN5daisy4GPIO5WriteEb
 1848              	.LVL112:
  30:adafruit_tft/ili9341.cpp **** 
 1849              		.loc 1 30 5 is_stmt 1 view .LVU612
  33:adafruit_tft/ili9341.cpp ****         while(buff_size > 0) {
 1850              		.loc 1 33 5 view .LVU613
 1851              	.LBB508:
  42:adafruit_tft/ili9341.cpp ****         spi_handle.DmaTransmit(buffer, buff_size, NULL, NULL, NULL);
 1852              		.loc 1 42 9 view .LVU614
  43:adafruit_tft/ili9341.cpp ****     }
 1853              		.loc 1 43 31 is_stmt 0 view .LVU615
 1854 0408 2346     		mov	r3, r4
 1855 040a 3246     		mov	r2, r6
 1856 040c 2946     		mov	r1, r5
 1857 040e 3846     		mov	r0, r7
ARM GAS  /var/folders/0b/4qn_4lxx65nfvy4wf60ckd5w0000gn/T//ccJimYrc.s 			page 49


  42:adafruit_tft/ili9341.cpp ****         spi_handle.DmaTransmit(buffer, buff_size, NULL, NULL, NULL);
 1858              		.loc 1 42 15 view .LVU616
 1859 0410 2C70     		strb	r4, [r5]
  43:adafruit_tft/ili9341.cpp ****     }
 1860              		.loc 1 43 9 is_stmt 1 view .LVU617
  43:adafruit_tft/ili9341.cpp ****     }
 1861              		.loc 1 43 31 is_stmt 0 view .LVU618
 1862 0412 CDE90044 		strd	r4, r4, [sp]
 1863 0416 FFF7FEFF 		bl	_ZN5daisy9SpiHandle11DmaTransmitEPhjPFvPvEPFvS2_NS0_6ResultEES2_
 1864              	.LVL113:
  43:adafruit_tft/ili9341.cpp ****     }
 1865              		.loc 1 43 31 view .LVU619
 1866              	.LBE508:
 1867              	.LBE507:
 1868              	.LBE506:
 1869              	.LBE505:
 183:adafruit_tft/ili9341.cpp ****     {
 1870              		.loc 1 183 5 is_stmt 1 view .LVU620
 1871              	.LBB509:
 1872              	.LBI509:
  21:adafruit_tft/ili9341.cpp ****     gpio_dc.Write(false);
 1873              		.loc 1 21 13 view .LVU621
 1874              	.LBB510:
  22:adafruit_tft/ili9341.cpp ****     buffer[0] = cmd;
 1875              		.loc 1 22 5 view .LVU622
  22:adafruit_tft/ili9341.cpp ****     buffer[0] = cmd;
 1876              		.loc 1 22 18 is_stmt 0 view .LVU623
 1877 041a 2146     		mov	r1, r4
 1878 041c 4046     		mov	r0, r8
 1879 041e FFF7FEFF 		bl	_ZN5daisy4GPIO5WriteEb
 1880              	.LVL114:
  23:adafruit_tft/ili9341.cpp ****     spi_handle.DmaTransmit(buffer, sizeof(cmd), NULL, NULL, NULL);
 1881              		.loc 1 23 5 is_stmt 1 view .LVU624
  23:adafruit_tft/ili9341.cpp ****     spi_handle.DmaTransmit(buffer, sizeof(cmd), NULL, NULL, NULL);
 1882              		.loc 1 23 15 is_stmt 0 view .LVU625
 1883 0422 2623     		movs	r3, #38
  24:adafruit_tft/ili9341.cpp **** }
 1884              		.loc 1 24 27 view .LVU626
 1885 0424 3246     		mov	r2, r6
 1886 0426 2946     		mov	r1, r5
  23:adafruit_tft/ili9341.cpp ****     spi_handle.DmaTransmit(buffer, sizeof(cmd), NULL, NULL, NULL);
 1887              		.loc 1 23 15 view .LVU627
 1888 0428 2B70     		strb	r3, [r5]
  24:adafruit_tft/ili9341.cpp **** }
 1889              		.loc 1 24 5 is_stmt 1 view .LVU628
  24:adafruit_tft/ili9341.cpp **** }
 1890              		.loc 1 24 27 is_stmt 0 view .LVU629
 1891 042a 3846     		mov	r0, r7
 1892 042c 2346     		mov	r3, r4
 1893 042e CDE90044 		strd	r4, r4, [sp]
 1894 0432 FFF7FEFF 		bl	_ZN5daisy9SpiHandle11DmaTransmitEPhjPFvPvEPFvS2_NS0_6ResultEES2_
 1895              	.LVL115:
  24:adafruit_tft/ili9341.cpp **** }
 1896              		.loc 1 24 27 view .LVU630
 1897              	.LBE510:
 1898              	.LBE509:
 184:adafruit_tft/ili9341.cpp ****         uint8_t data[] = { 0x01 };
ARM GAS  /var/folders/0b/4qn_4lxx65nfvy4wf60ckd5w0000gn/T//ccJimYrc.s 			page 50


 1899              		.loc 1 184 5 is_stmt 1 view .LVU631
 1900              	.LBB511:
 185:adafruit_tft/ili9341.cpp ****         ILI9341_WriteData(data, sizeof(data));
 1901              		.loc 1 185 9 view .LVU632
 186:adafruit_tft/ili9341.cpp ****     }
 1902              		.loc 1 186 9 view .LVU633
 1903              	.LBB512:
 1904              	.LBI512:
  27:adafruit_tft/ili9341.cpp ****     gpio_dc.Write(true);
 1905              		.loc 1 27 13 view .LVU634
 1906              	.LBB513:
  28:adafruit_tft/ili9341.cpp **** 
 1907              		.loc 1 28 5 view .LVU635
  28:adafruit_tft/ili9341.cpp **** 
 1908              		.loc 1 28 18 is_stmt 0 view .LVU636
 1909 0436 3146     		mov	r1, r6
 1910 0438 4046     		mov	r0, r8
 1911 043a FFF7FEFF 		bl	_ZN5daisy4GPIO5WriteEb
 1912              	.LVL116:
  30:adafruit_tft/ili9341.cpp **** 
 1913              		.loc 1 30 5 is_stmt 1 view .LVU637
  33:adafruit_tft/ili9341.cpp ****         while(buff_size > 0) {
 1914              		.loc 1 33 5 view .LVU638
 1915              	.LBB514:
  42:adafruit_tft/ili9341.cpp ****         spi_handle.DmaTransmit(buffer, buff_size, NULL, NULL, NULL);
 1916              		.loc 1 42 9 view .LVU639
  43:adafruit_tft/ili9341.cpp ****     }
 1917              		.loc 1 43 31 is_stmt 0 view .LVU640
 1918 043e 2346     		mov	r3, r4
 1919 0440 3246     		mov	r2, r6
 1920 0442 2946     		mov	r1, r5
 1921 0444 3846     		mov	r0, r7
  42:adafruit_tft/ili9341.cpp ****         spi_handle.DmaTransmit(buffer, buff_size, NULL, NULL, NULL);
 1922              		.loc 1 42 15 view .LVU641
 1923 0446 2E70     		strb	r6, [r5]
  43:adafruit_tft/ili9341.cpp ****     }
 1924              		.loc 1 43 9 is_stmt 1 view .LVU642
  43:adafruit_tft/ili9341.cpp ****     }
 1925              		.loc 1 43 31 is_stmt 0 view .LVU643
 1926 0448 CDE90044 		strd	r4, r4, [sp]
 1927 044c FFF7FEFF 		bl	_ZN5daisy9SpiHandle11DmaTransmitEPhjPFvPvEPFvS2_NS0_6ResultEES2_
 1928              	.LVL117:
  43:adafruit_tft/ili9341.cpp ****     }
 1929              		.loc 1 43 31 view .LVU644
 1930              	.LBE514:
 1931              	.LBE513:
 1932              	.LBE512:
 1933              	.LBE511:
 190:adafruit_tft/ili9341.cpp ****     {
 1934              		.loc 1 190 5 is_stmt 1 view .LVU645
 1935              	.LBB515:
 1936              	.LBI515:
  21:adafruit_tft/ili9341.cpp ****     gpio_dc.Write(false);
 1937              		.loc 1 21 13 view .LVU646
 1938              	.LBB516:
  22:adafruit_tft/ili9341.cpp ****     buffer[0] = cmd;
 1939              		.loc 1 22 5 view .LVU647
ARM GAS  /var/folders/0b/4qn_4lxx65nfvy4wf60ckd5w0000gn/T//ccJimYrc.s 			page 51


  22:adafruit_tft/ili9341.cpp ****     buffer[0] = cmd;
 1940              		.loc 1 22 18 is_stmt 0 view .LVU648
 1941 0450 2146     		mov	r1, r4
 1942 0452 4046     		mov	r0, r8
 1943 0454 FFF7FEFF 		bl	_ZN5daisy4GPIO5WriteEb
 1944              	.LVL118:
  23:adafruit_tft/ili9341.cpp ****     spi_handle.DmaTransmit(buffer, sizeof(cmd), NULL, NULL, NULL);
 1945              		.loc 1 23 5 is_stmt 1 view .LVU649
  23:adafruit_tft/ili9341.cpp ****     spi_handle.DmaTransmit(buffer, sizeof(cmd), NULL, NULL, NULL);
 1946              		.loc 1 23 15 is_stmt 0 view .LVU650
 1947 0458 E023     		movs	r3, #224
  24:adafruit_tft/ili9341.cpp **** }
 1948              		.loc 1 24 27 view .LVU651
 1949 045a 3246     		mov	r2, r6
 1950 045c 2946     		mov	r1, r5
  23:adafruit_tft/ili9341.cpp ****     spi_handle.DmaTransmit(buffer, sizeof(cmd), NULL, NULL, NULL);
 1951              		.loc 1 23 15 view .LVU652
 1952 045e 2B70     		strb	r3, [r5]
  24:adafruit_tft/ili9341.cpp **** }
 1953              		.loc 1 24 5 is_stmt 1 view .LVU653
  24:adafruit_tft/ili9341.cpp **** }
 1954              		.loc 1 24 27 is_stmt 0 view .LVU654
 1955 0460 3846     		mov	r0, r7
 1956 0462 2346     		mov	r3, r4
 1957 0464 CDE90044 		strd	r4, r4, [sp]
 1958 0468 FFF7FEFF 		bl	_ZN5daisy9SpiHandle11DmaTransmitEPhjPFvPvEPFvS2_NS0_6ResultEES2_
 1959              	.LVL119:
  24:adafruit_tft/ili9341.cpp **** }
 1960              		.loc 1 24 27 view .LVU655
 1961              	.LBE516:
 1962              	.LBE515:
 191:adafruit_tft/ili9341.cpp ****         uint8_t data[] = { 0x0F, 0x31, 0x2B, 0x0C, 0x0E, 0x08, 0x4E, 0xF1,
 1963              		.loc 1 191 5 is_stmt 1 view .LVU656
 1964              	.LBB517:
 192:adafruit_tft/ili9341.cpp ****                            0x37, 0x07, 0x10, 0x03, 0x0E, 0x09, 0x00 };
 1965              		.loc 1 192 9 view .LVU657
 192:adafruit_tft/ili9341.cpp ****                            0x37, 0x07, 0x10, 0x03, 0x0E, 0x09, 0x00 };
 1966              		.loc 1 192 17 is_stmt 0 view .LVU658
 1967 046c 494B     		ldr	r3, .L33
 1968 046e DC46     		mov	ip, fp
 1969 0470 0FCB     		ldm	r3, {r0, r1, r2, r3}
 1970 0472 ACE80700 		stmia	ip!, {r0, r1, r2}
 1971 0476 2CF8023B 		strh	r3, [ip], #2	@ movhi
 1972 047a 1B0C     		lsrs	r3, r3, #16
 1973              	.LBB413:
 1974              	.LBB411:
  28:adafruit_tft/ili9341.cpp **** 
 1975              		.loc 1 28 18 view .LVU659
 1976 047c 3146     		mov	r1, r6
 1977 047e 4046     		mov	r0, r8
 1978              	.LBE411:
 1979              	.LBE413:
 192:adafruit_tft/ili9341.cpp ****                            0x37, 0x07, 0x10, 0x03, 0x0E, 0x09, 0x00 };
 1980              		.loc 1 192 17 view .LVU660
 1981 0480 8CF80030 		strb	r3, [ip]
 194:adafruit_tft/ili9341.cpp ****     }
 1982              		.loc 1 194 9 is_stmt 1 view .LVU661
ARM GAS  /var/folders/0b/4qn_4lxx65nfvy4wf60ckd5w0000gn/T//ccJimYrc.s 			page 52


 1983              	.LVL120:
 1984              	.LBB414:
 1985              	.LBI407:
  27:adafruit_tft/ili9341.cpp ****     gpio_dc.Write(true);
 1986              		.loc 1 27 13 view .LVU662
 1987              	.LBB412:
  28:adafruit_tft/ili9341.cpp **** 
 1988              		.loc 1 28 5 view .LVU663
  28:adafruit_tft/ili9341.cpp **** 
 1989              		.loc 1 28 18 is_stmt 0 view .LVU664
 1990 0484 FFF7FEFF 		bl	_ZN5daisy4GPIO5WriteEb
 1991              	.LVL121:
  30:adafruit_tft/ili9341.cpp **** 
 1992              		.loc 1 30 5 is_stmt 1 view .LVU665
  33:adafruit_tft/ili9341.cpp ****         while(buff_size > 0) {
 1993              		.loc 1 33 5 view .LVU666
 1994              	.LBB410:
  42:adafruit_tft/ili9341.cpp ****         spi_handle.DmaTransmit(buffer, buff_size, NULL, NULL, NULL);
 1995              		.loc 1 42 9 view .LVU667
  43:adafruit_tft/ili9341.cpp ****     }
 1996              		.loc 1 43 31 is_stmt 0 view .LVU668
 1997 0488 CDE90044 		strd	r4, r4, [sp]
  42:adafruit_tft/ili9341.cpp ****         spi_handle.DmaTransmit(buffer, buff_size, NULL, NULL, NULL);
 1998              		.loc 1 42 15 view .LVU669
 1999 048c 9BE80F00 		ldm	fp, {r0, r1, r2, r3}
 2000 0490 A9E80700 		stmia	r9!, {r0, r1, r2}
 2001 0494 A9F80030 		strh	r3, [r9]	@ movhi
 2002 0498 1B0C     		lsrs	r3, r3, #16
  43:adafruit_tft/ili9341.cpp ****     }
 2003              		.loc 1 43 31 view .LVU670
 2004 049a 0F22     		movs	r2, #15
 2005 049c 2946     		mov	r1, r5
  42:adafruit_tft/ili9341.cpp ****         spi_handle.DmaTransmit(buffer, buff_size, NULL, NULL, NULL);
 2006              		.loc 1 42 15 view .LVU671
 2007 049e 09F8023F 		strb	r3, [r9, #2]!
  43:adafruit_tft/ili9341.cpp ****     }
 2008              		.loc 1 43 9 is_stmt 1 view .LVU672
  43:adafruit_tft/ili9341.cpp ****     }
 2009              		.loc 1 43 31 is_stmt 0 view .LVU673
 2010 04a2 3846     		mov	r0, r7
 2011 04a4 2346     		mov	r3, r4
 2012 04a6 FFF7FEFF 		bl	_ZN5daisy9SpiHandle11DmaTransmitEPhjPFvPvEPFvS2_NS0_6ResultEES2_
 2013              	.LVL122:
  43:adafruit_tft/ili9341.cpp ****     }
 2014              		.loc 1 43 31 view .LVU674
 2015              	.LBE410:
 2016              	.LBE412:
 2017              	.LBE414:
 2018              	.LBE517:
 198:adafruit_tft/ili9341.cpp ****     {
 2019              		.loc 1 198 5 is_stmt 1 view .LVU675
 2020              	.LBB518:
 2021              	.LBI518:
  21:adafruit_tft/ili9341.cpp ****     gpio_dc.Write(false);
 2022              		.loc 1 21 13 view .LVU676
 2023              	.LBB519:
  22:adafruit_tft/ili9341.cpp ****     buffer[0] = cmd;
ARM GAS  /var/folders/0b/4qn_4lxx65nfvy4wf60ckd5w0000gn/T//ccJimYrc.s 			page 53


 2024              		.loc 1 22 5 view .LVU677
  22:adafruit_tft/ili9341.cpp ****     buffer[0] = cmd;
 2025              		.loc 1 22 18 is_stmt 0 view .LVU678
 2026 04aa 2146     		mov	r1, r4
 2027 04ac 4046     		mov	r0, r8
 2028 04ae FFF7FEFF 		bl	_ZN5daisy4GPIO5WriteEb
 2029              	.LVL123:
  23:adafruit_tft/ili9341.cpp ****     spi_handle.DmaTransmit(buffer, sizeof(cmd), NULL, NULL, NULL);
 2030              		.loc 1 23 5 is_stmt 1 view .LVU679
  23:adafruit_tft/ili9341.cpp ****     spi_handle.DmaTransmit(buffer, sizeof(cmd), NULL, NULL, NULL);
 2031              		.loc 1 23 15 is_stmt 0 view .LVU680
 2032 04b2 E123     		movs	r3, #225
  24:adafruit_tft/ili9341.cpp **** }
 2033              		.loc 1 24 27 view .LVU681
 2034 04b4 3246     		mov	r2, r6
 2035 04b6 2946     		mov	r1, r5
  23:adafruit_tft/ili9341.cpp ****     spi_handle.DmaTransmit(buffer, sizeof(cmd), NULL, NULL, NULL);
 2036              		.loc 1 23 15 view .LVU682
 2037 04b8 2B70     		strb	r3, [r5]
  24:adafruit_tft/ili9341.cpp **** }
 2038              		.loc 1 24 5 is_stmt 1 view .LVU683
  24:adafruit_tft/ili9341.cpp **** }
 2039              		.loc 1 24 27 is_stmt 0 view .LVU684
 2040 04ba 3846     		mov	r0, r7
 2041 04bc 2346     		mov	r3, r4
 2042 04be CDE90044 		strd	r4, r4, [sp]
 2043 04c2 FFF7FEFF 		bl	_ZN5daisy9SpiHandle11DmaTransmitEPhjPFvPvEPFvS2_NS0_6ResultEES2_
 2044              	.LVL124:
  24:adafruit_tft/ili9341.cpp **** }
 2045              		.loc 1 24 27 view .LVU685
 2046              	.LBE519:
 2047              	.LBE518:
 199:adafruit_tft/ili9341.cpp ****         uint8_t data[] = { 0x00, 0x0E, 0x14, 0x03, 0x11, 0x07, 0x31, 0xC1,
 2048              		.loc 1 199 5 is_stmt 1 view .LVU686
 2049              	.LBB520:
 200:adafruit_tft/ili9341.cpp ****                            0x48, 0x08, 0x0F, 0x0C, 0x31, 0x36, 0x0F };
 2050              		.loc 1 200 9 view .LVU687
 200:adafruit_tft/ili9341.cpp ****                            0x48, 0x08, 0x0F, 0x0C, 0x31, 0x36, 0x0F };
 2051              		.loc 1 200 17 is_stmt 0 view .LVU688
 2052 04c6 0AF11003 		add	r3, r10, #16
 2053 04ca DC46     		mov	ip, fp
 2054 04cc 0FCB     		ldm	r3, {r0, r1, r2, r3}
 2055 04ce ACE80700 		stmia	ip!, {r0, r1, r2}
 2056 04d2 2CF8023B 		strh	r3, [ip], #2	@ movhi
 2057 04d6 1B0C     		lsrs	r3, r3, #16
 2058              	.LBB521:
 2059              	.LBB522:
  28:adafruit_tft/ili9341.cpp **** 
 2060              		.loc 1 28 18 view .LVU689
 2061 04d8 3146     		mov	r1, r6
 2062 04da 4046     		mov	r0, r8
 2063              	.LBE522:
 2064              	.LBE521:
 200:adafruit_tft/ili9341.cpp ****                            0x48, 0x08, 0x0F, 0x0C, 0x31, 0x36, 0x0F };
 2065              		.loc 1 200 17 view .LVU690
 2066 04dc 8CF80030 		strb	r3, [ip]
 202:adafruit_tft/ili9341.cpp ****     }
ARM GAS  /var/folders/0b/4qn_4lxx65nfvy4wf60ckd5w0000gn/T//ccJimYrc.s 			page 54


 2067              		.loc 1 202 9 is_stmt 1 view .LVU691
 2068              	.LVL125:
 2069              	.LBB525:
 2070              	.LBI521:
  27:adafruit_tft/ili9341.cpp ****     gpio_dc.Write(true);
 2071              		.loc 1 27 13 view .LVU692
 2072              	.LBB524:
  28:adafruit_tft/ili9341.cpp **** 
 2073              		.loc 1 28 5 view .LVU693
  28:adafruit_tft/ili9341.cpp **** 
 2074              		.loc 1 28 18 is_stmt 0 view .LVU694
 2075 04e0 FFF7FEFF 		bl	_ZN5daisy4GPIO5WriteEb
 2076              	.LVL126:
  30:adafruit_tft/ili9341.cpp **** 
 2077              		.loc 1 30 5 is_stmt 1 view .LVU695
  33:adafruit_tft/ili9341.cpp ****         while(buff_size > 0) {
 2078              		.loc 1 33 5 view .LVU696
 2079              	.LBB523:
  42:adafruit_tft/ili9341.cpp ****         spi_handle.DmaTransmit(buffer, buff_size, NULL, NULL, NULL);
 2080              		.loc 1 42 9 view .LVU697
  42:adafruit_tft/ili9341.cpp ****         spi_handle.DmaTransmit(buffer, buff_size, NULL, NULL, NULL);
 2081              		.loc 1 42 15 is_stmt 0 view .LVU698
 2082 04e4 AC46     		mov	ip, r5
  43:adafruit_tft/ili9341.cpp ****     }
 2083              		.loc 1 43 31 view .LVU699
 2084 04e6 CDE90044 		strd	r4, r4, [sp]
  42:adafruit_tft/ili9341.cpp ****         spi_handle.DmaTransmit(buffer, buff_size, NULL, NULL, NULL);
 2085              		.loc 1 42 15 view .LVU700
 2086 04ea 9BE80F00 		ldm	fp, {r0, r1, r2, r3}
 2087 04ee ACE80700 		stmia	ip!, {r0, r1, r2}
 2088 04f2 ACF80030 		strh	r3, [ip]	@ movhi
 2089 04f6 1B0C     		lsrs	r3, r3, #16
  43:adafruit_tft/ili9341.cpp ****     }
 2090              		.loc 1 43 31 view .LVU701
 2091 04f8 0F22     		movs	r2, #15
 2092 04fa 2946     		mov	r1, r5
  42:adafruit_tft/ili9341.cpp ****         spi_handle.DmaTransmit(buffer, buff_size, NULL, NULL, NULL);
 2093              		.loc 1 42 15 view .LVU702
 2094 04fc 89F80030 		strb	r3, [r9]
  43:adafruit_tft/ili9341.cpp ****     }
 2095              		.loc 1 43 9 is_stmt 1 view .LVU703
  43:adafruit_tft/ili9341.cpp ****     }
 2096              		.loc 1 43 31 is_stmt 0 view .LVU704
 2097 0500 3846     		mov	r0, r7
 2098 0502 2346     		mov	r3, r4
 2099 0504 FFF7FEFF 		bl	_ZN5daisy9SpiHandle11DmaTransmitEPhjPFvPvEPFvS2_NS0_6ResultEES2_
 2100              	.LVL127:
  43:adafruit_tft/ili9341.cpp ****     }
 2101              		.loc 1 43 31 view .LVU705
 2102              	.LBE523:
 2103              	.LBE524:
 2104              	.LBE525:
 2105              	.LBE520:
 206:adafruit_tft/ili9341.cpp ****     hw.DelayMs(120);
 2106              		.loc 1 206 5 is_stmt 1 view .LVU706
 2107              	.LBB526:
 2108              	.LBI526:
ARM GAS  /var/folders/0b/4qn_4lxx65nfvy4wf60ckd5w0000gn/T//ccJimYrc.s 			page 55


  21:adafruit_tft/ili9341.cpp ****     gpio_dc.Write(false);
 2109              		.loc 1 21 13 view .LVU707
 2110              	.LBB527:
  22:adafruit_tft/ili9341.cpp ****     buffer[0] = cmd;
 2111              		.loc 1 22 5 view .LVU708
  22:adafruit_tft/ili9341.cpp ****     buffer[0] = cmd;
 2112              		.loc 1 22 18 is_stmt 0 view .LVU709
 2113 0508 2146     		mov	r1, r4
 2114 050a 4046     		mov	r0, r8
 2115 050c FFF7FEFF 		bl	_ZN5daisy4GPIO5WriteEb
 2116              	.LVL128:
  23:adafruit_tft/ili9341.cpp ****     spi_handle.DmaTransmit(buffer, sizeof(cmd), NULL, NULL, NULL);
 2117              		.loc 1 23 5 is_stmt 1 view .LVU710
  23:adafruit_tft/ili9341.cpp ****     spi_handle.DmaTransmit(buffer, sizeof(cmd), NULL, NULL, NULL);
 2118              		.loc 1 23 15 is_stmt 0 view .LVU711
 2119 0510 1123     		movs	r3, #17
  24:adafruit_tft/ili9341.cpp **** }
 2120              		.loc 1 24 27 view .LVU712
 2121 0512 3246     		mov	r2, r6
 2122 0514 2946     		mov	r1, r5
  23:adafruit_tft/ili9341.cpp ****     spi_handle.DmaTransmit(buffer, sizeof(cmd), NULL, NULL, NULL);
 2123              		.loc 1 23 15 view .LVU713
 2124 0516 2B70     		strb	r3, [r5]
  24:adafruit_tft/ili9341.cpp **** }
 2125              		.loc 1 24 5 is_stmt 1 view .LVU714
  24:adafruit_tft/ili9341.cpp **** }
 2126              		.loc 1 24 27 is_stmt 0 view .LVU715
 2127 0518 3846     		mov	r0, r7
 2128 051a 2346     		mov	r3, r4
 2129 051c CDE90044 		strd	r4, r4, [sp]
 2130 0520 FFF7FEFF 		bl	_ZN5daisy9SpiHandle11DmaTransmitEPhjPFvPvEPFvS2_NS0_6ResultEES2_
 2131              	.LVL129:
  24:adafruit_tft/ili9341.cpp **** }
 2132              		.loc 1 24 27 view .LVU716
 2133              	.LBE527:
 2134              	.LBE526:
 207:adafruit_tft/ili9341.cpp **** 
 2135              		.loc 1 207 5 is_stmt 1 view .LVU717
 207:adafruit_tft/ili9341.cpp **** 
 2136              		.loc 1 207 15 is_stmt 0 view .LVU718
 2137 0524 1C48     		ldr	r0, .L33+4
 2138 0526 7821     		movs	r1, #120
 2139 0528 FFF7FEFF 		bl	_ZN5daisy9DaisySeed7DelayMsEj
 2140              	.LVL130:
 210:adafruit_tft/ili9341.cpp **** 
 2141              		.loc 1 210 5 is_stmt 1 view .LVU719
 2142              	.LBB528:
 2143              	.LBI528:
  21:adafruit_tft/ili9341.cpp ****     gpio_dc.Write(false);
 2144              		.loc 1 21 13 view .LVU720
 2145              	.LBB529:
  22:adafruit_tft/ili9341.cpp ****     buffer[0] = cmd;
 2146              		.loc 1 22 5 view .LVU721
  22:adafruit_tft/ili9341.cpp ****     buffer[0] = cmd;
 2147              		.loc 1 22 18 is_stmt 0 view .LVU722
 2148 052c 2146     		mov	r1, r4
 2149 052e 4046     		mov	r0, r8
ARM GAS  /var/folders/0b/4qn_4lxx65nfvy4wf60ckd5w0000gn/T//ccJimYrc.s 			page 56


 2150 0530 FFF7FEFF 		bl	_ZN5daisy4GPIO5WriteEb
 2151              	.LVL131:
  23:adafruit_tft/ili9341.cpp ****     spi_handle.DmaTransmit(buffer, sizeof(cmd), NULL, NULL, NULL);
 2152              		.loc 1 23 5 is_stmt 1 view .LVU723
  23:adafruit_tft/ili9341.cpp ****     spi_handle.DmaTransmit(buffer, sizeof(cmd), NULL, NULL, NULL);
 2153              		.loc 1 23 15 is_stmt 0 view .LVU724
 2154 0534 2923     		movs	r3, #41
  24:adafruit_tft/ili9341.cpp **** }
 2155              		.loc 1 24 27 view .LVU725
 2156 0536 3246     		mov	r2, r6
 2157 0538 2946     		mov	r1, r5
  23:adafruit_tft/ili9341.cpp ****     spi_handle.DmaTransmit(buffer, sizeof(cmd), NULL, NULL, NULL);
 2158              		.loc 1 23 15 view .LVU726
 2159 053a 2B70     		strb	r3, [r5]
  24:adafruit_tft/ili9341.cpp **** }
 2160              		.loc 1 24 5 is_stmt 1 view .LVU727
  24:adafruit_tft/ili9341.cpp **** }
 2161              		.loc 1 24 27 is_stmt 0 view .LVU728
 2162 053c 3846     		mov	r0, r7
 2163 053e 2346     		mov	r3, r4
 2164 0540 CDE90044 		strd	r4, r4, [sp]
 2165 0544 FFF7FEFF 		bl	_ZN5daisy9SpiHandle11DmaTransmitEPhjPFvPvEPFvS2_NS0_6ResultEES2_
 2166              	.LVL132:
  24:adafruit_tft/ili9341.cpp **** }
 2167              		.loc 1 24 27 view .LVU729
 2168              	.LBE529:
 2169              	.LBE528:
 213:adafruit_tft/ili9341.cpp ****     {
 2170              		.loc 1 213 5 is_stmt 1 view .LVU730
 2171              	.LBB530:
 2172              	.LBI530:
  21:adafruit_tft/ili9341.cpp ****     gpio_dc.Write(false);
 2173              		.loc 1 21 13 view .LVU731
 2174              	.LBB531:
  22:adafruit_tft/ili9341.cpp ****     buffer[0] = cmd;
 2175              		.loc 1 22 5 view .LVU732
  22:adafruit_tft/ili9341.cpp ****     buffer[0] = cmd;
 2176              		.loc 1 22 18 is_stmt 0 view .LVU733
 2177 0548 2146     		mov	r1, r4
 2178 054a 4046     		mov	r0, r8
 2179 054c FFF7FEFF 		bl	_ZN5daisy4GPIO5WriteEb
 2180              	.LVL133:
  23:adafruit_tft/ili9341.cpp ****     spi_handle.DmaTransmit(buffer, sizeof(cmd), NULL, NULL, NULL);
 2181              		.loc 1 23 5 is_stmt 1 view .LVU734
  23:adafruit_tft/ili9341.cpp ****     spi_handle.DmaTransmit(buffer, sizeof(cmd), NULL, NULL, NULL);
 2182              		.loc 1 23 15 is_stmt 0 view .LVU735
 2183 0550 4FF03603 		mov	r3, #54
  24:adafruit_tft/ili9341.cpp **** }
 2184              		.loc 1 24 27 view .LVU736
 2185 0554 3246     		mov	r2, r6
 2186 0556 2946     		mov	r1, r5
  23:adafruit_tft/ili9341.cpp ****     spi_handle.DmaTransmit(buffer, sizeof(cmd), NULL, NULL, NULL);
 2187              		.loc 1 23 15 view .LVU737
 2188 0558 2B70     		strb	r3, [r5]
  24:adafruit_tft/ili9341.cpp **** }
 2189              		.loc 1 24 5 is_stmt 1 view .LVU738
  24:adafruit_tft/ili9341.cpp **** }
ARM GAS  /var/folders/0b/4qn_4lxx65nfvy4wf60ckd5w0000gn/T//ccJimYrc.s 			page 57


 2190              		.loc 1 24 27 is_stmt 0 view .LVU739
 2191 055a 3846     		mov	r0, r7
 2192 055c 2346     		mov	r3, r4
 2193 055e CDE90044 		strd	r4, r4, [sp]
 2194 0562 FFF7FEFF 		bl	_ZN5daisy9SpiHandle11DmaTransmitEPhjPFvPvEPFvS2_NS0_6ResultEES2_
 2195              	.LVL134:
  24:adafruit_tft/ili9341.cpp **** }
 2196              		.loc 1 24 27 view .LVU740
 2197              	.LBE531:
 2198              	.LBE530:
 214:adafruit_tft/ili9341.cpp ****         uint8_t data[] = { ILI9341_ROTATION };
 2199              		.loc 1 214 5 is_stmt 1 view .LVU741
 2200              	.LBB532:
 215:adafruit_tft/ili9341.cpp ****         ILI9341_WriteData(data, sizeof(data));
 2201              		.loc 1 215 9 view .LVU742
 216:adafruit_tft/ili9341.cpp ****     }
 2202              		.loc 1 216 9 view .LVU743
 2203              	.LBB533:
 2204              	.LBI533:
  27:adafruit_tft/ili9341.cpp ****     gpio_dc.Write(true);
 2205              		.loc 1 27 13 view .LVU744
 2206              	.LBB534:
  28:adafruit_tft/ili9341.cpp **** 
 2207              		.loc 1 28 5 view .LVU745
  28:adafruit_tft/ili9341.cpp **** 
 2208              		.loc 1 28 18 is_stmt 0 view .LVU746
 2209 0566 3146     		mov	r1, r6
 2210 0568 4046     		mov	r0, r8
 2211 056a FFF7FEFF 		bl	_ZN5daisy4GPIO5WriteEb
 2212              	.LVL135:
  30:adafruit_tft/ili9341.cpp **** 
 2213              		.loc 1 30 5 is_stmt 1 view .LVU747
  33:adafruit_tft/ili9341.cpp ****         while(buff_size > 0) {
 2214              		.loc 1 33 5 view .LVU748
 2215              	.LBB535:
  42:adafruit_tft/ili9341.cpp ****         spi_handle.DmaTransmit(buffer, buff_size, NULL, NULL, NULL);
 2216              		.loc 1 42 9 view .LVU749
  42:adafruit_tft/ili9341.cpp ****         spi_handle.DmaTransmit(buffer, buff_size, NULL, NULL, NULL);
 2217              		.loc 1 42 15 is_stmt 0 view .LVU750
 2218 056e 4FF04802 		mov	r2, #72
  43:adafruit_tft/ili9341.cpp ****     }
 2219              		.loc 1 43 31 view .LVU751
 2220 0572 2946     		mov	r1, r5
 2221 0574 3846     		mov	r0, r7
  42:adafruit_tft/ili9341.cpp ****         spi_handle.DmaTransmit(buffer, buff_size, NULL, NULL, NULL);
 2222              		.loc 1 42 15 view .LVU752
 2223 0576 2A70     		strb	r2, [r5]
  43:adafruit_tft/ili9341.cpp ****     }
 2224              		.loc 1 43 9 is_stmt 1 view .LVU753
  43:adafruit_tft/ili9341.cpp ****     }
 2225              		.loc 1 43 31 is_stmt 0 view .LVU754
 2226 0578 2346     		mov	r3, r4
 2227 057a 3246     		mov	r2, r6
 2228 057c CDE90044 		strd	r4, r4, [sp]
 2229 0580 FFF7FEFF 		bl	_ZN5daisy9SpiHandle11DmaTransmitEPhjPFvPvEPFvS2_NS0_6ResultEES2_
 2230              	.LVL136:
  43:adafruit_tft/ili9341.cpp ****     }
ARM GAS  /var/folders/0b/4qn_4lxx65nfvy4wf60ckd5w0000gn/T//ccJimYrc.s 			page 58


 2231              		.loc 1 43 31 view .LVU755
 2232              	.LBE535:
 2233              	.LBE534:
 2234              	.LBE533:
 2235              	.LBE532:
 219:adafruit_tft/ili9341.cpp **** }
 2236              		.loc 1 219 5 is_stmt 1 view .LVU756
 2237              	.LBB536:
 2238              	.LBI536:
  11:adafruit_tft/ili9341.cpp ****     gpio_cs.Write(true);
 2239              		.loc 1 11 6 view .LVU757
 2240              	.LBB537:
  12:adafruit_tft/ili9341.cpp **** }
 2241              		.loc 1 12 5 view .LVU758
  12:adafruit_tft/ili9341.cpp **** }
 2242              		.loc 1 12 18 is_stmt 0 view .LVU759
 2243 0584 3146     		mov	r1, r6
 2244 0586 0548     		ldr	r0, .L33+8
 2245              	.LBE537:
 2246              	.LBE536:
 220:adafruit_tft/ili9341.cpp **** 
 2247              		.loc 1 220 1 view .LVU760
 2248 0588 07B0     		add	sp, sp, #28
 2249              		.cfi_def_cfa_offset 36
 2250              		@ sp needed
 2251 058a BDE8F04F 		pop	{r4, r5, r6, r7, r8, r9, r10, fp, lr}
 2252              		.cfi_restore 14
 2253              		.cfi_restore 11
 2254              		.cfi_restore 10
 2255              		.cfi_restore 9
 2256              		.cfi_restore 8
 2257              		.cfi_restore 7
 2258              		.cfi_restore 6
 2259              		.cfi_restore 5
 2260              		.cfi_restore 4
 2261              		.cfi_def_cfa_offset 0
 2262              	.LBB539:
 2263              	.LBB538:
  12:adafruit_tft/ili9341.cpp **** }
 2264              		.loc 1 12 18 view .LVU761
 2265 058e FFF7FEBF 		b	_ZN5daisy4GPIO5WriteEb
 2266              	.LVL137:
 2267              	.L34:
 2268 0592 00BF     		.align	2
 2269              	.L33:
 2270 0594 04000000 		.word	.LC4
 2271 0598 00000000 		.word	hw
 2272 059c 00000000 		.word	gpio_cs
 2273              	.LBE538:
 2274              	.LBE539:
 2275              		.cfi_endproc
 2276              	.LFE4488:
 2278              		.section	.text._Z17ILI9341_DrawPixelttt,"ax",%progbits
 2279              		.align	1
 2280              		.p2align 2,,3
 2281              		.global	_Z17ILI9341_DrawPixelttt
 2282              		.syntax unified
ARM GAS  /var/folders/0b/4qn_4lxx65nfvy4wf60ckd5w0000gn/T//ccJimYrc.s 			page 59


 2283              		.thumb
 2284              		.thumb_func
 2286              	_Z17ILI9341_DrawPixelttt:
 2287              	.LVL138:
 2288              	.LFB4489:
 222:adafruit_tft/ili9341.cpp ****     if((x >= ILI9341_WIDTH) || (y >= ILI9341_HEIGHT))
 2289              		.loc 1 222 64 is_stmt 1 view -0
 2290              		.cfi_startproc
 2291              		@ args = 0, pretend = 0, frame = 8
 2292              		@ frame_needed = 0, uses_anonymous_args = 0
 223:adafruit_tft/ili9341.cpp ****         return;
 2293              		.loc 1 223 5 view .LVU763
 2294 0000 EF28     		cmp	r0, #239
 2295 0002 33D8     		bhi	.L40
 2296 0004 B1F5A07F 		cmp	r1, #320
 222:adafruit_tft/ili9341.cpp ****     if((x >= ILI9341_WIDTH) || (y >= ILI9341_HEIGHT))
 2297              		.loc 1 222 64 is_stmt 0 view .LVU764
 2298 0008 F0B5     		push	{r4, r5, r6, r7, lr}
 2299              		.cfi_def_cfa_offset 20
 2300              		.cfi_offset 4, -20
 2301              		.cfi_offset 5, -16
 2302              		.cfi_offset 6, -12
 2303              		.cfi_offset 7, -8
 2304              		.cfi_offset 14, -4
 223:adafruit_tft/ili9341.cpp ****         return;
 2305              		.loc 1 223 5 view .LVU765
 2306 000a 34BF     		ite	cc
 2307 000c 0027     		movcc	r7, #0
 2308 000e 0127     		movcs	r7, #1
 222:adafruit_tft/ili9341.cpp ****     if((x >= ILI9341_WIDTH) || (y >= ILI9341_HEIGHT))
 2309              		.loc 1 222 64 view .LVU766
 2310 0010 85B0     		sub	sp, sp, #20
 2311              		.cfi_def_cfa_offset 40
 2312 0012 0D46     		mov	r5, r1
 223:adafruit_tft/ili9341.cpp ****         return;
 2313              		.loc 1 223 5 view .LVU767
 2314 0014 47BB     		cbnz	r7, .L35
 226:adafruit_tft/ili9341.cpp **** 
 2315              		.loc 1 226 5 is_stmt 1 view .LVU768
 2316              	.LBB552:
 2317              	.LBI552:
   7:adafruit_tft/ili9341.cpp ****     gpio_cs.Write(false);
 2318              		.loc 1 7 13 view .LVU769
 2319              	.LBB553:
   8:adafruit_tft/ili9341.cpp **** }
 2320              		.loc 1 8 5 view .LVU770
 2321 0016 0446     		mov	r4, r0
   8:adafruit_tft/ili9341.cpp **** }
 2322              		.loc 1 8 18 is_stmt 0 view .LVU771
 2323 0018 3946     		mov	r1, r7
 2324              	.LVL139:
   8:adafruit_tft/ili9341.cpp **** }
 2325              		.loc 1 8 18 view .LVU772
 2326 001a 1548     		ldr	r0, .L43
 2327              	.LVL140:
   8:adafruit_tft/ili9341.cpp **** }
 2328              		.loc 1 8 18 view .LVU773
ARM GAS  /var/folders/0b/4qn_4lxx65nfvy4wf60ckd5w0000gn/T//ccJimYrc.s 			page 60


 2329 001c 1646     		mov	r6, r2
 2330 001e FFF7FEFF 		bl	_ZN5daisy4GPIO5WriteEb
 2331              	.LVL141:
   8:adafruit_tft/ili9341.cpp **** }
 2332              		.loc 1 8 18 view .LVU774
 2333              	.LBE553:
 2334              	.LBE552:
 228:adafruit_tft/ili9341.cpp ****     uint8_t data[] = { color >> 8, color & 0xFF };
 2335              		.loc 1 228 5 is_stmt 1 view .LVU775
 228:adafruit_tft/ili9341.cpp ****     uint8_t data[] = { color >> 8, color & 0xFF };
 2336              		.loc 1 228 29 is_stmt 0 view .LVU776
 2337 0022 6B1C     		adds	r3, r5, #1
 2338 0024 621C     		adds	r2, r4, #1
 2339 0026 2946     		mov	r1, r5
 2340 0028 2046     		mov	r0, r4
 2341 002a 9BB2     		uxth	r3, r3
 2342 002c 92B2     		uxth	r2, r2
 2343 002e FFF7FEFF 		bl	_ZL24ILI9341_SetAddressWindowtttt
 2344              	.LVL142:
 229:adafruit_tft/ili9341.cpp ****     ILI9341_WriteData(data, sizeof(data));
 2345              		.loc 1 229 5 is_stmt 1 view .LVU777
 2346              	.LBB554:
 2347              	.LBB555:
  28:adafruit_tft/ili9341.cpp **** 
 2348              		.loc 1 28 18 is_stmt 0 view .LVU778
 2349 0032 0121     		movs	r1, #1
 2350              	.LBE555:
 2351              	.LBE554:
 229:adafruit_tft/ili9341.cpp ****     ILI9341_WriteData(data, sizeof(data));
 2352              		.loc 1 229 30 view .LVU779
 2353 0034 330A     		lsrs	r3, r6, #8
 2354              	.LBB560:
 2355              	.LBB557:
  28:adafruit_tft/ili9341.cpp **** 
 2356              		.loc 1 28 18 view .LVU780
 2357 0036 0F48     		ldr	r0, .L43+4
 2358              	.LBE557:
 2359              	.LBE560:
 229:adafruit_tft/ili9341.cpp ****     ILI9341_WriteData(data, sizeof(data));
 2360              		.loc 1 229 49 view .LVU781
 2361 0038 8DF80D60 		strb	r6, [sp, #13]
 230:adafruit_tft/ili9341.cpp **** 
 2362              		.loc 1 230 5 is_stmt 1 view .LVU782
 2363              	.LVL143:
 2364              	.LBB561:
 2365              	.LBI554:
  27:adafruit_tft/ili9341.cpp ****     gpio_dc.Write(true);
 2366              		.loc 1 27 13 view .LVU783
 2367              	.LBB558:
  28:adafruit_tft/ili9341.cpp **** 
 2368              		.loc 1 28 5 view .LVU784
 2369              	.LBE558:
 2370              	.LBE561:
 229:adafruit_tft/ili9341.cpp ****     ILI9341_WriteData(data, sizeof(data));
 2371              		.loc 1 229 49 is_stmt 0 view .LVU785
 2372 003c 8DF80C30 		strb	r3, [sp, #12]
 2373              	.LBB562:
ARM GAS  /var/folders/0b/4qn_4lxx65nfvy4wf60ckd5w0000gn/T//ccJimYrc.s 			page 61


 2374              	.LBB559:
  28:adafruit_tft/ili9341.cpp **** 
 2375              		.loc 1 28 18 view .LVU786
 2376 0040 FFF7FEFF 		bl	_ZN5daisy4GPIO5WriteEb
 2377              	.LVL144:
  30:adafruit_tft/ili9341.cpp **** 
 2378              		.loc 1 30 5 is_stmt 1 view .LVU787
  33:adafruit_tft/ili9341.cpp ****         while(buff_size > 0) {
 2379              		.loc 1 33 5 view .LVU788
 2380              	.LBB556:
  42:adafruit_tft/ili9341.cpp ****         spi_handle.DmaTransmit(buffer, buff_size, NULL, NULL, NULL);
 2381              		.loc 1 42 9 view .LVU789
  42:adafruit_tft/ili9341.cpp ****         spi_handle.DmaTransmit(buffer, buff_size, NULL, NULL, NULL);
 2382              		.loc 1 42 15 is_stmt 0 view .LVU790
 2383 0044 BDF80C00 		ldrh	r0, [sp, #12]
  43:adafruit_tft/ili9341.cpp ****     }
 2384              		.loc 1 43 31 view .LVU791
 2385 0048 3B46     		mov	r3, r7
  42:adafruit_tft/ili9341.cpp ****         spi_handle.DmaTransmit(buffer, buff_size, NULL, NULL, NULL);
 2386              		.loc 1 42 15 view .LVU792
 2387 004a 0B49     		ldr	r1, .L43+8
  43:adafruit_tft/ili9341.cpp ****     }
 2388              		.loc 1 43 31 view .LVU793
 2389 004c 0222     		movs	r2, #2
 2390 004e CDE90077 		strd	r7, r7, [sp]
  42:adafruit_tft/ili9341.cpp ****         spi_handle.DmaTransmit(buffer, buff_size, NULL, NULL, NULL);
 2391              		.loc 1 42 15 view .LVU794
 2392 0052 0880     		strh	r0, [r1]	@ movhi
  43:adafruit_tft/ili9341.cpp ****     }
 2393              		.loc 1 43 9 is_stmt 1 view .LVU795
  43:adafruit_tft/ili9341.cpp ****     }
 2394              		.loc 1 43 31 is_stmt 0 view .LVU796
 2395 0054 0948     		ldr	r0, .L43+12
 2396 0056 FFF7FEFF 		bl	_ZN5daisy9SpiHandle11DmaTransmitEPhjPFvPvEPFvS2_NS0_6ResultEES2_
 2397              	.LVL145:
  43:adafruit_tft/ili9341.cpp ****     }
 2398              		.loc 1 43 31 view .LVU797
 2399              	.LBE556:
 2400              	.LBE559:
 2401              	.LBE562:
 232:adafruit_tft/ili9341.cpp **** }
 2402              		.loc 1 232 5 is_stmt 1 view .LVU798
 2403              	.LBB563:
 2404              	.LBI563:
  11:adafruit_tft/ili9341.cpp ****     gpio_cs.Write(true);
 2405              		.loc 1 11 6 view .LVU799
 2406              	.LBB564:
  12:adafruit_tft/ili9341.cpp **** }
 2407              		.loc 1 12 5 view .LVU800
  12:adafruit_tft/ili9341.cpp **** }
 2408              		.loc 1 12 18 is_stmt 0 view .LVU801
 2409 005a 0121     		movs	r1, #1
 2410 005c 0448     		ldr	r0, .L43
 2411              	.LBE564:
 2412              	.LBE563:
 233:adafruit_tft/ili9341.cpp **** 
 2413              		.loc 1 233 1 view .LVU802
ARM GAS  /var/folders/0b/4qn_4lxx65nfvy4wf60ckd5w0000gn/T//ccJimYrc.s 			page 62


 2414 005e 05B0     		add	sp, sp, #20
 2415              		.cfi_remember_state
 2416              		.cfi_def_cfa_offset 20
 2417              		@ sp needed
 2418 0060 BDE8F040 		pop	{r4, r5, r6, r7, lr}
 2419              		.cfi_restore 14
 2420              		.cfi_restore 7
 2421              		.cfi_restore 6
 2422              		.cfi_restore 5
 2423              		.cfi_restore 4
 2424              		.cfi_def_cfa_offset 0
 2425              	.LBB566:
 2426              	.LBB565:
  12:adafruit_tft/ili9341.cpp **** }
 2427              		.loc 1 12 18 view .LVU803
 2428 0064 FFF7FEBF 		b	_ZN5daisy4GPIO5WriteEb
 2429              	.LVL146:
 2430              	.L35:
 2431              		.cfi_restore_state
  12:adafruit_tft/ili9341.cpp **** }
 2432              		.loc 1 12 18 view .LVU804
 2433              	.LBE565:
 2434              	.LBE566:
 233:adafruit_tft/ili9341.cpp **** 
 2435              		.loc 1 233 1 view .LVU805
 2436 0068 05B0     		add	sp, sp, #20
 2437              		.cfi_def_cfa_offset 20
 2438              		@ sp needed
 2439 006a F0BD     		pop	{r4, r5, r6, r7, pc}
 2440              	.L40:
 2441              		.cfi_def_cfa_offset 0
 2442              		.cfi_restore 4
 2443              		.cfi_restore 5
 2444              		.cfi_restore 6
 2445              		.cfi_restore 7
 2446              		.cfi_restore 14
 2447 006c 7047     		bx	lr
 2448              	.L44:
 2449 006e 00BF     		.align	2
 2450              	.L43:
 2451 0070 00000000 		.word	gpio_cs
 2452 0074 00000000 		.word	gpio_dc
 2453 0078 00000000 		.word	.LANCHOR0
 2454 007c 00000000 		.word	spi_handle
 2455              		.cfi_endproc
 2456              	.LFE4489:
 2458              		.section	.text._Z19ILI9341_WriteStringttPKc20Adafruit_TFT_FontDeftt,"ax",%progbits
 2459              		.align	1
 2460              		.p2align 2,,3
 2461              		.global	_Z19ILI9341_WriteStringttPKc20Adafruit_TFT_FontDeftt
 2462              		.syntax unified
 2463              		.thumb
 2464              		.thumb_func
 2466              	_Z19ILI9341_WriteStringttPKc20Adafruit_TFT_FontDeftt:
 2467              	.LVL147:
 2468              	.LFB4491:
 254:adafruit_tft/ili9341.cpp ****     ILI9341_Select();
ARM GAS  /var/folders/0b/4qn_4lxx65nfvy4wf60ckd5w0000gn/T//ccJimYrc.s 			page 63


 2469              		.loc 1 254 128 is_stmt 1 view -0
 2470              		.cfi_startproc
 2471              		@ args = 20, pretend = 8, frame = 40
 2472              		@ frame_needed = 0, uses_anonymous_args = 0
 254:adafruit_tft/ili9341.cpp ****     ILI9341_Select();
 2473              		.loc 1 254 128 is_stmt 0 view .LVU807
 2474 0000 82B0     		sub	sp, sp, #8
 2475              		.cfi_def_cfa_offset 8
 2476 0002 2DE9F04F 		push	{r4, r5, r6, r7, r8, r9, r10, fp, lr}
 2477              		.cfi_def_cfa_offset 44
 2478              		.cfi_offset 4, -44
 2479              		.cfi_offset 5, -40
 2480              		.cfi_offset 6, -36
 2481              		.cfi_offset 7, -32
 2482              		.cfi_offset 8, -28
 2483              		.cfi_offset 9, -24
 2484              		.cfi_offset 10, -20
 2485              		.cfi_offset 11, -16
 2486              		.cfi_offset 14, -12
 2487 0006 8DB0     		sub	sp, sp, #52
 2488              		.cfi_def_cfa_offset 96
 254:adafruit_tft/ili9341.cpp ****     ILI9341_Select();
 2489              		.loc 1 254 128 view .LVU808
 2490 0008 1446     		mov	r4, r2
 2491 000a C3F30727 		ubfx	r7, r3, #8, #8
 2492 000e DDB2     		uxtb	r5, r3
 2493              	.LVL148:
 254:adafruit_tft/ili9341.cpp ****     ILI9341_Select();
 2494              		.loc 1 254 128 view .LVU809
 2495 0010 BDF86480 		ldrh	r8, [sp, #100]
 2496 0014 BDF86890 		ldrh	r9, [sp, #104]
 2497 0018 1793     		str	r3, [sp, #92]
 2498 001a 0597     		str	r7, [sp, #20]
 2499              	.LVL149:
 255:adafruit_tft/ili9341.cpp **** 
 2500              		.loc 1 255 5 is_stmt 1 view .LVU810
 2501              	.LBB595:
 2502              	.LBI595:
   7:adafruit_tft/ili9341.cpp ****     gpio_cs.Write(false);
 2503              		.loc 1 7 13 view .LVU811
 2504              	.LBB596:
   8:adafruit_tft/ili9341.cpp **** }
 2505              		.loc 1 8 5 view .LVU812
 2506              	.LBE596:
 2507              	.LBE595:
 254:adafruit_tft/ili9341.cpp ****     ILI9341_Select();
 2508              		.loc 1 254 128 is_stmt 0 view .LVU813
 2509 001c CDE90601 		strd	r0, r1, [sp, #24]
 2510              	.LBB598:
 2511              	.LBB597:
   8:adafruit_tft/ili9341.cpp **** }
 2512              		.loc 1 8 18 view .LVU814
 2513 0020 0021     		movs	r1, #0
 2514              	.LVL150:
   8:adafruit_tft/ili9341.cpp **** }
 2515              		.loc 1 8 18 view .LVU815
 2516 0022 4A48     		ldr	r0, .L69
ARM GAS  /var/folders/0b/4qn_4lxx65nfvy4wf60ckd5w0000gn/T//ccJimYrc.s 			page 64


 2517              	.LVL151:
   8:adafruit_tft/ili9341.cpp **** }
 2518              		.loc 1 8 18 view .LVU816
 2519 0024 FFF7FEFF 		bl	_ZN5daisy4GPIO5WriteEb
 2520              	.LVL152:
   8:adafruit_tft/ili9341.cpp **** }
 2521              		.loc 1 8 18 view .LVU817
 2522              	.LBE597:
 2523              	.LBE598:
 257:adafruit_tft/ili9341.cpp ****         if(x + font.width >= ILI9341_WIDTH) {
 2524              		.loc 1 257 5 is_stmt 1 view .LVU818
 257:adafruit_tft/ili9341.cpp ****         if(x + font.width >= ILI9341_WIDTH) {
 2525              		.loc 1 257 11 view .LVU819
 2526 0028 2678     		ldrb	r6, [r4]	@ zero_extendqisi2
 2527 002a 002E     		cmp	r6, #0
 2528 002c 7AD0     		beq	.L46
 2529 002e 631C     		adds	r3, r4, #1
 2530              	.LBB599:
 2531              	.LBB600:
 2532              	.LBB601:
 2533              	.LBB602:
 2534              	.LBB603:
 2535              	.LBB604:
 2536              	.LBB605:
 244:adafruit_tft/ili9341.cpp ****                 ILI9341_WriteData(data, sizeof(data));
 2537              		.loc 1 244 61 is_stmt 0 view .LVU820
 2538 0030 4FEA182B 		lsr	fp, r8, #8
 2539 0034 0893     		str	r3, [sp, #32]
 2540              	.LBE605:
 2541              	.LBB611:
 247:adafruit_tft/ili9341.cpp ****                 ILI9341_WriteData(data, sizeof(data));
 2542              		.loc 1 247 65 view .LVU821
 2543 0036 4FEA1923 		lsr	r3, r9, #8
 2544 003a 0293     		str	r3, [sp, #8]
 2545 003c BBB2     		uxth	r3, r7
 2546 003e 0993     		str	r3, [sp, #36]
 2547              	.LVL153:
 2548              	.L47:
 247:adafruit_tft/ili9341.cpp ****                 ILI9341_WriteData(data, sizeof(data));
 2549              		.loc 1 247 65 view .LVU822
 2550              	.LBE611:
 2551              	.LBE604:
 2552              	.LBE603:
 2553              	.LBE602:
 2554              	.LBE601:
 2555              	.LBE600:
 2556              	.LBE599:
 258:adafruit_tft/ili9341.cpp ****             x = 0;
 2557              		.loc 1 258 9 is_stmt 1 view .LVU823
 258:adafruit_tft/ili9341.cpp ****             x = 0;
 2558              		.loc 1 258 14 is_stmt 0 view .LVU824
 2559 0040 069B     		ldr	r3, [sp, #24]
 2560 0042 2B44     		add	r3, r3, r5
 258:adafruit_tft/ili9341.cpp ****             x = 0;
 2561              		.loc 1 258 9 view .LVU825
 2562 0044 EF2B     		cmp	r3, #239
 2563 0046 75DD     		ble	.L48
ARM GAS  /var/folders/0b/4qn_4lxx65nfvy4wf60ckd5w0000gn/T//ccJimYrc.s 			page 65


 259:adafruit_tft/ili9341.cpp ****             y += font.height;
 2564              		.loc 1 259 13 is_stmt 1 view .LVU826
 2565              	.LVL154:
 260:adafruit_tft/ili9341.cpp ****             if(y + font.height >= ILI9341_HEIGHT) {
 2566              		.loc 1 260 13 view .LVU827
 260:adafruit_tft/ili9341.cpp ****             if(y + font.height >= ILI9341_HEIGHT) {
 2567              		.loc 1 260 15 is_stmt 0 view .LVU828
 2568 0048 079B     		ldr	r3, [sp, #28]
 2569 004a 099A     		ldr	r2, [sp, #36]
 2570 004c 1344     		add	r3, r3, r2
 261:adafruit_tft/ili9341.cpp ****                 break;
 2571              		.loc 1 261 18 view .LVU829
 2572 004e 059A     		ldr	r2, [sp, #20]
 260:adafruit_tft/ili9341.cpp ****             if(y + font.height >= ILI9341_HEIGHT) {
 2573              		.loc 1 260 15 view .LVU830
 2574 0050 9BB2     		uxth	r3, r3
 2575 0052 0793     		str	r3, [sp, #28]
 2576              	.LVL155:
 261:adafruit_tft/ili9341.cpp ****                 break;
 2577              		.loc 1 261 13 is_stmt 1 view .LVU831
 261:adafruit_tft/ili9341.cpp ****                 break;
 2578              		.loc 1 261 18 is_stmt 0 view .LVU832
 2579 0054 1344     		add	r3, r3, r2
 2580              	.LVL156:
 261:adafruit_tft/ili9341.cpp ****                 break;
 2581              		.loc 1 261 13 view .LVU833
 2582 0056 B3F5A07F 		cmp	r3, #320
 2583 005a 63DA     		bge	.L46
 265:adafruit_tft/ili9341.cpp ****                 // skip spaces in the beginning of the new line
 2584              		.loc 1 265 13 is_stmt 1 view .LVU834
 2585 005c 202E     		cmp	r6, #32
 2586 005e 6BD0     		beq	.L67
 259:adafruit_tft/ili9341.cpp ****             y += font.height;
 2587              		.loc 1 259 15 is_stmt 0 view .LVU835
 2588 0060 0020     		movs	r0, #0
 2589              	.LVL157:
 2590              	.L49:
 272:adafruit_tft/ili9341.cpp ****         x += font.width;
 2591              		.loc 1 272 9 is_stmt 1 view .LVU836
 2592              	.LBB638:
 2593              	.LBB635:
 238:adafruit_tft/ili9341.cpp **** 
 2594              		.loc 1 238 37 is_stmt 0 view .LVU837
 2595 0062 4219     		adds	r2, r0, r5
 238:adafruit_tft/ili9341.cpp **** 
 2596              		.loc 1 238 29 view .LVU838
 2597 0064 0799     		ldr	r1, [sp, #28]
 2598 0066 099B     		ldr	r3, [sp, #36]
 238:adafruit_tft/ili9341.cpp **** 
 2599              		.loc 1 238 37 view .LVU839
 2600 0068 92B2     		uxth	r2, r2
 2601 006a 189C     		ldr	r4, [sp, #96]
 238:adafruit_tft/ili9341.cpp **** 
 2602              		.loc 1 238 29 view .LVU840
 2603 006c CB18     		adds	r3, r1, r3
 2604              	.LVL158:
 238:adafruit_tft/ili9341.cpp **** 
ARM GAS  /var/folders/0b/4qn_4lxx65nfvy4wf60ckd5w0000gn/T//ccJimYrc.s 			page 66


 2605              		.loc 1 238 29 view .LVU841
 2606              	.LBE635:
 2607              	.LBI599:
 235:adafruit_tft/ili9341.cpp ****     uint32_t i, b, j;
 2608              		.loc 1 235 13 is_stmt 1 view .LVU842
 2609              	.LBB636:
 236:adafruit_tft/ili9341.cpp **** 
 2610              		.loc 1 236 5 view .LVU843
 238:adafruit_tft/ili9341.cpp **** 
 2611              		.loc 1 238 5 view .LVU844
 238:adafruit_tft/ili9341.cpp **** 
 2612              		.loc 1 238 37 is_stmt 0 view .LVU845
 2613 006e 0692     		str	r2, [sp, #24]
 238:adafruit_tft/ili9341.cpp **** 
 2614              		.loc 1 238 29 view .LVU846
 2615 0070 013A     		subs	r2, r2, #1
 2616 0072 013B     		subs	r3, r3, #1
 2617 0074 92B2     		uxth	r2, r2
 2618 0076 9BB2     		uxth	r3, r3
 2619 0078 FFF7FEFF 		bl	_ZL24ILI9341_SetAddressWindowtttt
 2620              	.LVL159:
 240:adafruit_tft/ili9341.cpp ****         b = font.data[(ch - 32) * font.height + i];
 2621              		.loc 1 240 5 is_stmt 1 view .LVU847
 2622              	.LBB633:
 240:adafruit_tft/ili9341.cpp ****         b = font.data[(ch - 32) * font.height + i];
 2623              		.loc 1 240 18 view .LVU848
 2624 007c 059A     		ldr	r2, [sp, #20]
 2625 007e 002A     		cmp	r2, #0
 2626 0080 4AD0     		beq	.L50
 2627              	.LBB630:
 241:adafruit_tft/ili9341.cpp ****         for(j = 0; j < font.width; j++) {
 2628              		.loc 1 241 27 is_stmt 0 view .LVU849
 2629 0082 203E     		subs	r6, r6, #32
 2630              	.LVL160:
 241:adafruit_tft/ili9341.cpp ****         for(j = 0; j < font.width; j++) {
 2631              		.loc 1 241 27 view .LVU850
 2632 0084 6FF00043 		mvn	r3, #-2147483648
 2633 0088 02FB0633 		mla	r3, r2, r6, r3
 2634              	.LBE630:
 240:adafruit_tft/ili9341.cpp ****         b = font.data[(ch - 32) * font.height + i];
 2635              		.loc 1 240 11 view .LVU851
 2636 008c 0022     		movs	r2, #0
 2637 008e 04EB4303 		add	r3, r4, r3, lsl #1
 2638 0092 0392     		str	r2, [sp, #12]
 2639 0094 0493     		str	r3, [sp, #16]
 2640              	.LVL161:
 2641              	.L54:
 2642              	.LBB631:
 241:adafruit_tft/ili9341.cpp ****         for(j = 0; j < font.width; j++) {
 2643              		.loc 1 241 9 is_stmt 1 view .LVU852
 241:adafruit_tft/ili9341.cpp ****         for(j = 0; j < font.width; j++) {
 2644              		.loc 1 241 11 is_stmt 0 view .LVU853
 2645 0096 049B     		ldr	r3, [sp, #16]
 2646 0098 33F8026F 		ldrh	r6, [r3, #2]!
 2647 009c 0493     		str	r3, [sp, #16]
 2648              	.LVL162:
 242:adafruit_tft/ili9341.cpp ****             if((b << j) & 0x8000)  {
ARM GAS  /var/folders/0b/4qn_4lxx65nfvy4wf60ckd5w0000gn/T//ccJimYrc.s 			page 67


 2649              		.loc 1 242 9 is_stmt 1 view .LVU854
 2650              	.LBB628:
 242:adafruit_tft/ili9341.cpp ****             if((b << j) & 0x8000)  {
 2651              		.loc 1 242 22 view .LVU855
 2652 009e ADB3     		cbz	r5, .L57
 242:adafruit_tft/ili9341.cpp ****             if((b << j) & 0x8000)  {
 2653              		.loc 1 242 15 is_stmt 0 view .LVU856
 2654 00a0 0024     		movs	r4, #0
 2655 00a2 2B4F     		ldr	r7, .L69+4
 2656 00a4 13E0     		b	.L52
 2657              	.LVL163:
 2658              	.L68:
 2659              	.LBB624:
 2660              	.LBB617:
 244:adafruit_tft/ili9341.cpp ****                 ILI9341_WriteData(data, sizeof(data));
 2661              		.loc 1 244 61 view .LVU857
 2662 00a6 8DF82CB0 		strb	fp, [sp, #44]
 2663              	.LBE617:
 2664              	.LBE624:
 242:adafruit_tft/ili9341.cpp ****             if((b << j) & 0x8000)  {
 2665              		.loc 1 242 9 view .LVU858
 2666 00aa 0134     		adds	r4, r4, #1
 2667              	.LVL164:
 2668              	.LBB625:
 2669              	.LBB618:
 244:adafruit_tft/ili9341.cpp ****                 ILI9341_WriteData(data, sizeof(data));
 2670              		.loc 1 244 61 view .LVU859
 2671 00ac 8DF82D80 		strb	r8, [sp, #45]
 245:adafruit_tft/ili9341.cpp ****             } else {
 2672              		.loc 1 245 17 is_stmt 1 view .LVU860
 2673              	.LVL165:
 2674              	.LBB606:
 2675              	.LBI606:
  27:adafruit_tft/ili9341.cpp ****     gpio_dc.Write(true);
 2676              		.loc 1 27 13 view .LVU861
 2677              	.LBB607:
  28:adafruit_tft/ili9341.cpp **** 
 2678              		.loc 1 28 5 view .LVU862
  28:adafruit_tft/ili9341.cpp **** 
 2679              		.loc 1 28 18 is_stmt 0 view .LVU863
 2680 00b0 FFF7FEFF 		bl	_ZN5daisy4GPIO5WriteEb
 2681              	.LVL166:
  30:adafruit_tft/ili9341.cpp **** 
 2682              		.loc 1 30 5 is_stmt 1 view .LVU864
  33:adafruit_tft/ili9341.cpp ****         while(buff_size > 0) {
 2683              		.loc 1 33 5 view .LVU865
 2684              	.LBB608:
  42:adafruit_tft/ili9341.cpp ****         spi_handle.DmaTransmit(buffer, buff_size, NULL, NULL, NULL);
 2685              		.loc 1 42 9 view .LVU866
  42:adafruit_tft/ili9341.cpp ****         spi_handle.DmaTransmit(buffer, buff_size, NULL, NULL, NULL);
 2686              		.loc 1 42 15 is_stmt 0 view .LVU867
 2687 00b4 BDF82C00 		ldrh	r0, [sp, #44]
  43:adafruit_tft/ili9341.cpp ****     }
 2688              		.loc 1 43 31 view .LVU868
 2689 00b8 0023     		movs	r3, #0
 2690 00ba 0222     		movs	r2, #2
 2691 00bc 2449     		ldr	r1, .L69+4
ARM GAS  /var/folders/0b/4qn_4lxx65nfvy4wf60ckd5w0000gn/T//ccJimYrc.s 			page 68


 2692 00be CDE90033 		strd	r3, r3, [sp]
  42:adafruit_tft/ili9341.cpp ****         spi_handle.DmaTransmit(buffer, buff_size, NULL, NULL, NULL);
 2693              		.loc 1 42 15 view .LVU869
 2694 00c2 3880     		strh	r0, [r7]	@ movhi
  43:adafruit_tft/ili9341.cpp ****     }
 2695              		.loc 1 43 9 is_stmt 1 view .LVU870
  43:adafruit_tft/ili9341.cpp ****     }
 2696              		.loc 1 43 31 is_stmt 0 view .LVU871
 2697 00c4 2348     		ldr	r0, .L69+8
 2698 00c6 FFF7FEFF 		bl	_ZN5daisy9SpiHandle11DmaTransmitEPhjPFvPvEPFvS2_NS0_6ResultEES2_
 2699              	.LVL167:
  43:adafruit_tft/ili9341.cpp ****     }
 2700              		.loc 1 43 31 view .LVU872
 2701              	.LBE608:
 2702              	.LBE607:
 2703              	.LBE606:
 2704              	.LBE618:
 2705              	.LBE625:
 242:adafruit_tft/ili9341.cpp ****             if((b << j) & 0x8000)  {
 2706              		.loc 1 242 9 is_stmt 1 view .LVU873
 242:adafruit_tft/ili9341.cpp ****             if((b << j) & 0x8000)  {
 2707              		.loc 1 242 22 view .LVU874
 2708 00ca A542     		cmp	r5, r4
 2709 00cc 1ED0     		beq	.L57
 2710              	.LVL168:
 2711              	.L52:
 242:adafruit_tft/ili9341.cpp ****             if((b << j) & 0x8000)  {
 2712              		.loc 1 242 22 is_stmt 0 view .LVU875
 2713              	.LBE628:
 2714              	.LBE631:
 2715              	.LBE633:
 2716              	.LBE636:
 2717              	.LBE638:
 243:adafruit_tft/ili9341.cpp ****                 uint8_t data[] = { color >> 8, color & 0xFF };
 2718              		.loc 1 243 13 is_stmt 1 view .LVU876
 2719              	.LBB639:
 2720              	.LBB637:
 2721              	.LBB634:
 2722              	.LBB632:
 2723              	.LBB629:
 2724              	.LBB626:
 2725              	.LBB619:
 244:adafruit_tft/ili9341.cpp ****                 ILI9341_WriteData(data, sizeof(data));
 2726              		.loc 1 244 17 view .LVU877
 2727              	.LBE619:
 2728              	.LBB620:
 247:adafruit_tft/ili9341.cpp ****                 ILI9341_WriteData(data, sizeof(data));
 2729              		.loc 1 247 17 view .LVU878
 2730              	.LBE620:
 243:adafruit_tft/ili9341.cpp ****                 uint8_t data[] = { color >> 8, color & 0xFF };
 2731              		.loc 1 243 19 is_stmt 0 view .LVU879
 2732 00ce 06FA04F3 		lsl	r3, r6, r4
 2733              	.LBB621:
 2734              	.LBB610:
 2735              	.LBB609:
  28:adafruit_tft/ili9341.cpp **** 
 2736              		.loc 1 28 18 view .LVU880
ARM GAS  /var/folders/0b/4qn_4lxx65nfvy4wf60ckd5w0000gn/T//ccJimYrc.s 			page 69


 2737 00d2 0121     		movs	r1, #1
 2738 00d4 2048     		ldr	r0, .L69+12
 2739              	.LBE609:
 2740              	.LBE610:
 2741              	.LBE621:
 243:adafruit_tft/ili9341.cpp ****                 uint8_t data[] = { color >> 8, color & 0xFF };
 2742              		.loc 1 243 13 view .LVU881
 2743 00d6 13F4004A 		ands	r10, r3, #32768
 2744 00da E4D1     		bne	.L68
 2745              	.LBB622:
 247:adafruit_tft/ili9341.cpp ****                 ILI9341_WriteData(data, sizeof(data));
 2746              		.loc 1 247 65 view .LVU882
 2747 00dc 029B     		ldr	r3, [sp, #8]
 2748              	.LBB612:
 2749              	.LBB613:
  28:adafruit_tft/ili9341.cpp **** 
 2750              		.loc 1 28 18 view .LVU883
 2751 00de 0121     		movs	r1, #1
 2752 00e0 1D48     		ldr	r0, .L69+12
 2753              	.LBE613:
 2754              	.LBE612:
 2755              	.LBE622:
 2756              	.LBE626:
 242:adafruit_tft/ili9341.cpp ****             if((b << j) & 0x8000)  {
 2757              		.loc 1 242 9 view .LVU884
 2758 00e2 0134     		adds	r4, r4, #1
 2759              	.LVL169:
 2760              	.LBB627:
 2761              	.LBB623:
 247:adafruit_tft/ili9341.cpp ****                 ILI9341_WriteData(data, sizeof(data));
 2762              		.loc 1 247 65 view .LVU885
 2763 00e4 8DF82C30 		strb	r3, [sp, #44]
 2764 00e8 8DF82D90 		strb	r9, [sp, #45]
 248:adafruit_tft/ili9341.cpp ****             }
 2765              		.loc 1 248 17 is_stmt 1 view .LVU886
 2766              	.LVL170:
 2767              	.LBB616:
 2768              	.LBI612:
  27:adafruit_tft/ili9341.cpp ****     gpio_dc.Write(true);
 2769              		.loc 1 27 13 view .LVU887
 2770              	.LBB615:
  28:adafruit_tft/ili9341.cpp **** 
 2771              		.loc 1 28 5 view .LVU888
  28:adafruit_tft/ili9341.cpp **** 
 2772              		.loc 1 28 18 is_stmt 0 view .LVU889
 2773 00ec FFF7FEFF 		bl	_ZN5daisy4GPIO5WriteEb
 2774              	.LVL171:
  30:adafruit_tft/ili9341.cpp **** 
 2775              		.loc 1 30 5 is_stmt 1 view .LVU890
  33:adafruit_tft/ili9341.cpp ****         while(buff_size > 0) {
 2776              		.loc 1 33 5 view .LVU891
 2777              	.LBB614:
  42:adafruit_tft/ili9341.cpp ****         spi_handle.DmaTransmit(buffer, buff_size, NULL, NULL, NULL);
 2778              		.loc 1 42 9 view .LVU892
  42:adafruit_tft/ili9341.cpp ****         spi_handle.DmaTransmit(buffer, buff_size, NULL, NULL, NULL);
 2779              		.loc 1 42 15 is_stmt 0 view .LVU893
 2780 00f0 BDF82CC0 		ldrh	ip, [sp, #44]
ARM GAS  /var/folders/0b/4qn_4lxx65nfvy4wf60ckd5w0000gn/T//ccJimYrc.s 			page 70


  43:adafruit_tft/ili9341.cpp ****     }
 2781              		.loc 1 43 31 view .LVU894
 2782 00f4 5346     		mov	r3, r10
 2783 00f6 0222     		movs	r2, #2
 2784 00f8 1549     		ldr	r1, .L69+4
 2785 00fa 1648     		ldr	r0, .L69+8
 2786 00fc CDE900AA 		strd	r10, r10, [sp]
  42:adafruit_tft/ili9341.cpp ****         spi_handle.DmaTransmit(buffer, buff_size, NULL, NULL, NULL);
 2787              		.loc 1 42 15 view .LVU895
 2788 0100 A7F800C0 		strh	ip, [r7]	@ movhi
  43:adafruit_tft/ili9341.cpp ****     }
 2789              		.loc 1 43 9 is_stmt 1 view .LVU896
  43:adafruit_tft/ili9341.cpp ****     }
 2790              		.loc 1 43 31 is_stmt 0 view .LVU897
 2791 0104 FFF7FEFF 		bl	_ZN5daisy9SpiHandle11DmaTransmitEPhjPFvPvEPFvS2_NS0_6ResultEES2_
 2792              	.LVL172:
  43:adafruit_tft/ili9341.cpp ****     }
 2793              		.loc 1 43 31 view .LVU898
 2794              	.LBE614:
 2795              	.LBE615:
 2796              	.LBE616:
 2797              	.LBE623:
 2798              	.LBE627:
 242:adafruit_tft/ili9341.cpp ****             if((b << j) & 0x8000)  {
 2799              		.loc 1 242 9 is_stmt 1 view .LVU899
 242:adafruit_tft/ili9341.cpp ****             if((b << j) & 0x8000)  {
 2800              		.loc 1 242 22 view .LVU900
 2801 0108 A542     		cmp	r5, r4
 2802 010a E0D1     		bne	.L52
 2803              	.LVL173:
 2804              	.L57:
 242:adafruit_tft/ili9341.cpp ****             if((b << j) & 0x8000)  {
 2805              		.loc 1 242 22 is_stmt 0 view .LVU901
 2806              	.LBE629:
 2807              	.LBE632:
 240:adafruit_tft/ili9341.cpp ****         b = font.data[(ch - 32) * font.height + i];
 2808              		.loc 1 240 5 is_stmt 1 view .LVU902
 2809 010c 039B     		ldr	r3, [sp, #12]
 240:adafruit_tft/ili9341.cpp ****         b = font.data[(ch - 32) * font.height + i];
 2810              		.loc 1 240 18 is_stmt 0 view .LVU903
 2811 010e 059A     		ldr	r2, [sp, #20]
 240:adafruit_tft/ili9341.cpp ****         b = font.data[(ch - 32) * font.height + i];
 2812              		.loc 1 240 5 view .LVU904
 2813 0110 0133     		adds	r3, r3, #1
 240:adafruit_tft/ili9341.cpp ****         b = font.data[(ch - 32) * font.height + i];
 2814              		.loc 1 240 18 view .LVU905
 2815 0112 9A42     		cmp	r2, r3
 240:adafruit_tft/ili9341.cpp ****         b = font.data[(ch - 32) * font.height + i];
 2816              		.loc 1 240 5 view .LVU906
 2817 0114 0393     		str	r3, [sp, #12]
 2818              	.LVL174:
 240:adafruit_tft/ili9341.cpp ****         b = font.data[(ch - 32) * font.height + i];
 2819              		.loc 1 240 18 is_stmt 1 view .LVU907
 2820 0116 BED1     		bne	.L54
 2821              	.LVL175:
 2822              	.L50:
 240:adafruit_tft/ili9341.cpp ****         b = font.data[(ch - 32) * font.height + i];
ARM GAS  /var/folders/0b/4qn_4lxx65nfvy4wf60ckd5w0000gn/T//ccJimYrc.s 			page 71


 2823              		.loc 1 240 18 is_stmt 0 view .LVU908
 2824              	.LBE634:
 2825              	.LBE637:
 2826              	.LBE639:
 257:adafruit_tft/ili9341.cpp ****         if(x + font.width >= ILI9341_WIDTH) {
 2827              		.loc 1 257 5 is_stmt 1 view .LVU909
 257:adafruit_tft/ili9341.cpp ****         if(x + font.width >= ILI9341_WIDTH) {
 2828              		.loc 1 257 11 view .LVU910
 2829 0118 089B     		ldr	r3, [sp, #32]
 2830 011a 13F8016B 		ldrb	r6, [r3], #1	@ zero_extendqisi2
 2831 011e 0893     		str	r3, [sp, #32]
 2832              	.LVL176:
 257:adafruit_tft/ili9341.cpp ****         if(x + font.width >= ILI9341_WIDTH) {
 2833              		.loc 1 257 11 is_stmt 0 view .LVU911
 2834 0120 002E     		cmp	r6, #0
 2835 0122 8DD1     		bne	.L47
 2836              	.LVL177:
 2837              	.L46:
 277:adafruit_tft/ili9341.cpp **** }
 2838              		.loc 1 277 5 is_stmt 1 view .LVU912
 2839              	.LBB640:
 2840              	.LBI640:
  11:adafruit_tft/ili9341.cpp ****     gpio_cs.Write(true);
 2841              		.loc 1 11 6 view .LVU913
 2842              	.LBB641:
  12:adafruit_tft/ili9341.cpp **** }
 2843              		.loc 1 12 5 view .LVU914
  12:adafruit_tft/ili9341.cpp **** }
 2844              		.loc 1 12 18 is_stmt 0 view .LVU915
 2845 0124 0121     		movs	r1, #1
 2846 0126 0948     		ldr	r0, .L69
 2847              	.LBE641:
 2848              	.LBE640:
 278:adafruit_tft/ili9341.cpp **** 
 2849              		.loc 1 278 1 view .LVU916
 2850 0128 0DB0     		add	sp, sp, #52
 2851              		.cfi_remember_state
 2852              		.cfi_def_cfa_offset 44
 2853              		@ sp needed
 2854 012a BDE8F04F 		pop	{r4, r5, r6, r7, r8, r9, r10, fp, lr}
 2855              		.cfi_restore 14
 2856              		.cfi_restore 11
 2857              		.cfi_restore 10
 2858              		.cfi_restore 9
 2859              		.cfi_restore 8
 2860              		.cfi_restore 7
 2861              		.cfi_restore 6
 2862              		.cfi_restore 5
 2863              		.cfi_restore 4
 2864              		.cfi_def_cfa_offset 8
 2865              	.LVL178:
 278:adafruit_tft/ili9341.cpp **** 
 2866              		.loc 1 278 1 view .LVU917
 2867 012e 02B0     		add	sp, sp, #8
 2868              		.cfi_def_cfa_offset 0
 2869              	.LBB643:
 2870              	.LBB642:
ARM GAS  /var/folders/0b/4qn_4lxx65nfvy4wf60ckd5w0000gn/T//ccJimYrc.s 			page 72


  12:adafruit_tft/ili9341.cpp **** }
 2871              		.loc 1 12 18 view .LVU918
 2872 0130 FFF7FEBF 		b	_ZN5daisy4GPIO5WriteEb
 2873              	.LVL179:
 2874              	.L48:
 2875              		.cfi_restore_state
  12:adafruit_tft/ili9341.cpp **** }
 2876              		.loc 1 12 18 view .LVU919
 2877              	.LBE642:
 2878              	.LBE643:
 260:adafruit_tft/ili9341.cpp ****             if(y + font.height >= ILI9341_HEIGHT) {
 2879              		.loc 1 260 23 view .LVU920
 2880 0134 0698     		ldr	r0, [sp, #24]
 2881 0136 94E7     		b	.L49
 2882              	.LVL180:
 2883              	.L67:
 267:adafruit_tft/ili9341.cpp ****                 continue;
 2884              		.loc 1 267 17 is_stmt 1 discriminator 1 view .LVU921
 268:adafruit_tft/ili9341.cpp ****             }
 2885              		.loc 1 268 17 discriminator 1 view .LVU922
 259:adafruit_tft/ili9341.cpp ****             y += font.height;
 2886              		.loc 1 259 15 is_stmt 0 discriminator 1 view .LVU923
 2887 0138 0023     		movs	r3, #0
 2888 013a 0693     		str	r3, [sp, #24]
 2889              	.LVL181:
 257:adafruit_tft/ili9341.cpp ****         if(x + font.width >= ILI9341_WIDTH) {
 2890              		.loc 1 257 5 is_stmt 1 discriminator 1 view .LVU924
 257:adafruit_tft/ili9341.cpp ****         if(x + font.width >= ILI9341_WIDTH) {
 2891              		.loc 1 257 11 discriminator 1 view .LVU925
 2892 013c 089B     		ldr	r3, [sp, #32]
 2893 013e 13F8016B 		ldrb	r6, [r3], #1	@ zero_extendqisi2
 2894 0142 0893     		str	r3, [sp, #32]
 2895              	.LVL182:
 257:adafruit_tft/ili9341.cpp ****         if(x + font.width >= ILI9341_WIDTH) {
 2896              		.loc 1 257 11 is_stmt 0 discriminator 1 view .LVU926
 2897 0144 002E     		cmp	r6, #0
 2898 0146 7FF47BAF 		bne	.L47
 2899 014a EBE7     		b	.L46
 2900              	.L70:
 2901              		.align	2
 2902              	.L69:
 2903 014c 00000000 		.word	gpio_cs
 2904 0150 00000000 		.word	.LANCHOR0
 2905 0154 00000000 		.word	spi_handle
 2906 0158 00000000 		.word	gpio_dc
 2907              		.cfi_endproc
 2908              	.LFE4491:
 2910              		.section	.text._Z21ILI9341_FillRectanglettttt,"ax",%progbits
 2911              		.align	1
 2912              		.p2align 2,,3
 2913              		.global	_Z21ILI9341_FillRectanglettttt
 2914              		.syntax unified
 2915              		.thumb
 2916              		.thumb_func
 2918              	_Z21ILI9341_FillRectanglettttt:
 2919              	.LVL183:
 2920              	.LFB4492:
ARM GAS  /var/folders/0b/4qn_4lxx65nfvy4wf60ckd5w0000gn/T//ccJimYrc.s 			page 73


 280:adafruit_tft/ili9341.cpp ****     // clipping
 2921              		.loc 1 280 92 is_stmt 1 view -0
 2922              		.cfi_startproc
 2923              		@ args = 4, pretend = 0, frame = 0
 2924              		@ frame_needed = 0, uses_anonymous_args = 0
 2925              		@ link register save eliminated.
 282:adafruit_tft/ili9341.cpp ****     if((x + w - 1) >= ILI9341_WIDTH) w = ILI9341_WIDTH - x;
 2926              		.loc 1 282 5 view .LVU928
 2927 0000 EF28     		cmp	r0, #239
 280:adafruit_tft/ili9341.cpp ****     // clipping
 2928              		.loc 1 280 92 is_stmt 0 view .LVU929
 2929 0002 10B4     		push	{r4}
 2930              		.cfi_def_cfa_offset 4
 2931              		.cfi_offset 4, -4
 280:adafruit_tft/ili9341.cpp ****     // clipping
 2932              		.loc 1 280 92 view .LVU930
 2933 0004 BDF80440 		ldrh	r4, [sp, #4]
 282:adafruit_tft/ili9341.cpp ****     if((x + w - 1) >= ILI9341_WIDTH) w = ILI9341_WIDTH - x;
 2934              		.loc 1 282 5 view .LVU931
 2935 0008 07D8     		bhi	.L71
 2936 000a B1F5A07F 		cmp	r1, #320
 2937 000e 04D2     		bcs	.L71
 2938 0010 0194     		str	r4, [sp, #4]
 2939              	.LVL184:
 2940              		.loc 1 298 1 view .LVU932
 2941 0012 5DF8044B 		ldr	r4, [sp], #4
 2942              		.cfi_remember_state
 2943              		.cfi_restore 4
 2944              		.cfi_def_cfa_offset 0
 2945 0016 FFF7FEBF 		b	_Z21ILI9341_FillRectanglettttt.part.0
 2946              	.LVL185:
 2947              	.L71:
 2948              		.cfi_restore_state
 2949              		.loc 1 298 1 view .LVU933
 2950 001a 5DF8044B 		ldr	r4, [sp], #4
 2951              		.cfi_restore 4
 2952              		.cfi_def_cfa_offset 0
 2953              	.LVL186:
 2954              		.loc 1 298 1 view .LVU934
 2955 001e 7047     		bx	lr
 2956              		.cfi_endproc
 2957              	.LFE4492:
 2959              		.section	.text._Z18ILI9341_FillScreent,"ax",%progbits
 2960              		.align	1
 2961              		.p2align 2,,3
 2962              		.global	_Z18ILI9341_FillScreent
 2963              		.syntax unified
 2964              		.thumb
 2965              		.thumb_func
 2967              	_Z18ILI9341_FillScreent:
 2968              	.LVL187:
 2969              	.LFB4493:
 299:adafruit_tft/ili9341.cpp **** 
 300:adafruit_tft/ili9341.cpp **** void ILI9341_FillScreen(uint16_t color) {
 2970              		.loc 1 300 41 is_stmt 1 view -0
 2971              		.cfi_startproc
 2972              		@ args = 0, pretend = 0, frame = 0
ARM GAS  /var/folders/0b/4qn_4lxx65nfvy4wf60ckd5w0000gn/T//ccJimYrc.s 			page 74


 2973              		@ frame_needed = 0, uses_anonymous_args = 0
 301:adafruit_tft/ili9341.cpp ****     ILI9341_FillRectangle(0, 0, ILI9341_WIDTH, ILI9341_HEIGHT, color);
 2974              		.loc 1 301 5 view .LVU936
 2975              	.LBB644:
 2976              	.LBB645:
 2977              		.loc 1 301 5 is_stmt 0 view .LVU937
 2978 0000 0021     		movs	r1, #0
 2979 0002 4FF4A073 		mov	r3, #320
 2980 0006 F022     		movs	r2, #240
 2981              	.LBE645:
 2982              	.LBE644:
 300:adafruit_tft/ili9341.cpp ****     ILI9341_FillRectangle(0, 0, ILI9341_WIDTH, ILI9341_HEIGHT, color);
 2983              		.loc 1 300 41 view .LVU938
 2984 0008 10B5     		push	{r4, lr}
 2985              		.cfi_def_cfa_offset 8
 2986              		.cfi_offset 4, -8
 2987              		.cfi_offset 14, -4
 2988 000a 0446     		mov	r4, r0
 2989              	.LVL188:
 2990              	.LBB648:
 2991              	.LBI644:
 280:adafruit_tft/ili9341.cpp ****     // clipping
 2992              		.loc 1 280 6 is_stmt 1 view .LVU939
 2993              	.LBB646:
 282:adafruit_tft/ili9341.cpp ****     if((x + w - 1) >= ILI9341_WIDTH) w = ILI9341_WIDTH - x;
 2994              		.loc 1 282 5 view .LVU940
 2995              	.LBE646:
 2996              	.LBE648:
 300:adafruit_tft/ili9341.cpp ****     ILI9341_FillRectangle(0, 0, ILI9341_WIDTH, ILI9341_HEIGHT, color);
 2997              		.loc 1 300 41 is_stmt 0 view .LVU941
 2998 000c 82B0     		sub	sp, sp, #8
 2999              		.cfi_def_cfa_offset 16
 3000              	.LBB649:
 3001              	.LBB647:
 3002 000e 0846     		mov	r0, r1
 3003              	.LVL189:
 300:adafruit_tft/ili9341.cpp ****     ILI9341_FillRectangle(0, 0, ILI9341_WIDTH, ILI9341_HEIGHT, color);
 3004              		.loc 1 300 41 view .LVU942
 3005 0010 0094     		str	r4, [sp]
 3006 0012 FFF7FEFF 		bl	_Z21ILI9341_FillRectanglettttt.part.0
 3007              	.LVL190:
 300:adafruit_tft/ili9341.cpp ****     ILI9341_FillRectangle(0, 0, ILI9341_WIDTH, ILI9341_HEIGHT, color);
 3008              		.loc 1 300 41 view .LVU943
 3009              	.LBE647:
 3010              	.LBE649:
 302:adafruit_tft/ili9341.cpp **** }
 3011              		.loc 1 302 1 view .LVU944
 3012 0016 02B0     		add	sp, sp, #8
 3013              		.cfi_def_cfa_offset 8
 3014              		@ sp needed
 3015 0018 10BD     		pop	{r4, pc}
 3016              		.cfi_endproc
 3017              	.LFE4493:
 3019 001a 00BF     		.section	.text._Z17ILI9341_DrawImagettttPKt,"ax",%progbits
 3020              		.align	1
 3021              		.p2align 2,,3
 3022              		.global	_Z17ILI9341_DrawImagettttPKt
ARM GAS  /var/folders/0b/4qn_4lxx65nfvy4wf60ckd5w0000gn/T//ccJimYrc.s 			page 75


 3023              		.syntax unified
 3024              		.thumb
 3025              		.thumb_func
 3027              	_Z17ILI9341_DrawImagettttPKt:
 3028              	.LVL191:
 3029              	.LFB4494:
 303:adafruit_tft/ili9341.cpp **** 
 304:adafruit_tft/ili9341.cpp **** void ILI9341_DrawImage(uint16_t x, uint16_t y, uint16_t w, uint16_t h, const uint16_t* data) {
 3030              		.loc 1 304 94 is_stmt 1 view -0
 3031              		.cfi_startproc
 3032              		@ args = 4, pretend = 0, frame = 0
 3033              		@ frame_needed = 0, uses_anonymous_args = 0
 305:adafruit_tft/ili9341.cpp ****     if((x >= ILI9341_WIDTH) || (y >= ILI9341_HEIGHT)) return;
 3034              		.loc 1 305 5 view .LVU946
 304:adafruit_tft/ili9341.cpp ****     if((x >= ILI9341_WIDTH) || (y >= ILI9341_HEIGHT)) return;
 3035              		.loc 1 304 94 is_stmt 0 view .LVU947
 3036 0000 2DE9F043 		push	{r4, r5, r6, r7, r8, r9, lr}
 3037              		.cfi_def_cfa_offset 28
 3038              		.cfi_offset 4, -28
 3039              		.cfi_offset 5, -24
 3040              		.cfi_offset 6, -20
 3041              		.cfi_offset 7, -16
 3042              		.cfi_offset 8, -12
 3043              		.cfi_offset 9, -8
 3044              		.cfi_offset 14, -4
 3045              		.loc 1 305 5 view .LVU948
 3046 0004 EF28     		cmp	r0, #239
 304:adafruit_tft/ili9341.cpp ****     if((x >= ILI9341_WIDTH) || (y >= ILI9341_HEIGHT)) return;
 3047              		.loc 1 304 94 view .LVU949
 3048 0006 83B0     		sub	sp, sp, #12
 3049              		.cfi_def_cfa_offset 40
 304:adafruit_tft/ili9341.cpp ****     if((x >= ILI9341_WIDTH) || (y >= ILI9341_HEIGHT)) return;
 3050              		.loc 1 304 94 view .LVU950
 3051 0008 DDF82880 		ldr	r8, [sp, #40]
 3052              		.loc 1 305 5 view .LVU951
 3053 000c 46D8     		bhi	.L76
 3054 000e B1F5A07F 		cmp	r1, #320
 3055 0012 0E46     		mov	r6, r1
 3056 0014 34BF     		ite	cc
 3057 0016 4FF00009 		movcc	r9, #0
 3058 001a 4FF00109 		movcs	r9, #1
 3059 001e B9F1000F 		cmp	r9, #0
 3060 0022 3BD1     		bne	.L76
 3061 0024 1C46     		mov	r4, r3
 306:adafruit_tft/ili9341.cpp ****     if((x + w - 1) >= ILI9341_WIDTH) return;
 3062              		.loc 1 306 5 is_stmt 1 view .LVU952
 3063              		.loc 1 306 11 is_stmt 0 view .LVU953
 3064 0026 8318     		adds	r3, r0, r2
 3065              	.LVL192:
 3066              		.loc 1 306 11 view .LVU954
 3067 0028 0746     		mov	r7, r0
 3068 002a 1546     		mov	r5, r2
 3069              		.loc 1 306 5 view .LVU955
 3070 002c F02B     		cmp	r3, #240
 3071 002e 35DC     		bgt	.L76
 307:adafruit_tft/ili9341.cpp ****     if((y + h - 1) >= ILI9341_HEIGHT) return;
 3072              		.loc 1 307 5 is_stmt 1 view .LVU956
ARM GAS  /var/folders/0b/4qn_4lxx65nfvy4wf60ckd5w0000gn/T//ccJimYrc.s 			page 76


 3073              		.loc 1 307 11 is_stmt 0 view .LVU957
 3074 0030 0B19     		adds	r3, r1, r4
 3075              		.loc 1 307 5 view .LVU958
 3076 0032 B3F5A07F 		cmp	r3, #320
 3077 0036 31DC     		bgt	.L76
 308:adafruit_tft/ili9341.cpp **** 
 309:adafruit_tft/ili9341.cpp ****     ILI9341_Select();
 3078              		.loc 1 309 5 is_stmt 1 view .LVU959
 3079              	.LBB662:
 3080              	.LBI662:
   7:adafruit_tft/ili9341.cpp ****     gpio_cs.Write(false);
 3081              		.loc 1 7 13 view .LVU960
 3082              	.LBB663:
   8:adafruit_tft/ili9341.cpp **** }
 3083              		.loc 1 8 5 view .LVU961
   8:adafruit_tft/ili9341.cpp **** }
 3084              		.loc 1 8 18 is_stmt 0 view .LVU962
 3085 0038 4946     		mov	r1, r9
 3086              	.LVL193:
   8:adafruit_tft/ili9341.cpp **** }
 3087              		.loc 1 8 18 view .LVU963
 3088 003a 2148     		ldr	r0, .L85
 3089              	.LVL194:
   8:adafruit_tft/ili9341.cpp **** }
 3090              		.loc 1 8 18 view .LVU964
 3091 003c FFF7FEFF 		bl	_ZN5daisy4GPIO5WriteEb
 3092              	.LVL195:
   8:adafruit_tft/ili9341.cpp **** }
 3093              		.loc 1 8 18 view .LVU965
 3094              	.LBE663:
 3095              	.LBE662:
 310:adafruit_tft/ili9341.cpp ****     ILI9341_SetAddressWindow(x, y, x+w-1, y+h-1);
 3096              		.loc 1 310 5 is_stmt 1 view .LVU966
 3097              		.loc 1 310 29 is_stmt 0 view .LVU967
 3098 0040 631E     		subs	r3, r4, #1
 3099 0042 6A1E     		subs	r2, r5, #1
 3100 0044 3146     		mov	r1, r6
 3101 0046 3344     		add	r3, r3, r6
 3102 0048 3846     		mov	r0, r7
 3103 004a 3A44     		add	r2, r2, r7
 311:adafruit_tft/ili9341.cpp ****     ILI9341_WriteData((uint8_t*)data, sizeof(uint16_t)*w*h);
 3104              		.loc 1 311 22 view .LVU968
 3105 004c 05FB04F4 		mul	r4, r5, r4
 310:adafruit_tft/ili9341.cpp ****     ILI9341_SetAddressWindow(x, y, x+w-1, y+h-1);
 3106              		.loc 1 310 29 view .LVU969
 3107 0050 9BB2     		uxth	r3, r3
 3108 0052 92B2     		uxth	r2, r2
 3109 0054 FFF7FEFF 		bl	_ZL24ILI9341_SetAddressWindowtttt
 3110              	.LVL196:
 3111              		.loc 1 311 5 is_stmt 1 view .LVU970
 3112              	.LBB664:
 3113              	.LBB665:
  28:adafruit_tft/ili9341.cpp **** 
 3114              		.loc 1 28 18 is_stmt 0 view .LVU971
 3115 0058 0121     		movs	r1, #1
 3116 005a 1A48     		ldr	r0, .L85+4
 3117              	.LBE665:
ARM GAS  /var/folders/0b/4qn_4lxx65nfvy4wf60ckd5w0000gn/T//ccJimYrc.s 			page 77


 3118              	.LBE664:
 3119              		.loc 1 311 22 view .LVU972
 3120 005c 8C40     		lsls	r4, r4, r1
 3121              	.LVL197:
 3122              	.LBB674:
 3123              	.LBI664:
  27:adafruit_tft/ili9341.cpp ****     gpio_dc.Write(true);
 3124              		.loc 1 27 13 is_stmt 1 view .LVU973
 3125              	.LBB672:
  28:adafruit_tft/ili9341.cpp **** 
 3126              		.loc 1 28 5 view .LVU974
  28:adafruit_tft/ili9341.cpp **** 
 3127              		.loc 1 28 18 is_stmt 0 view .LVU975
 3128 005e FFF7FEFF 		bl	_ZN5daisy4GPIO5WriteEb
 3129              	.LVL198:
  30:adafruit_tft/ili9341.cpp **** 
 3130              		.loc 1 30 5 is_stmt 1 view .LVU976
  33:adafruit_tft/ili9341.cpp ****         while(buff_size > 0) {
 3131              		.loc 1 33 5 view .LVU977
 3132              	.LBB666:
 3133 0062 102C     		cmp	r4, #16
 3134 0064 1DD9     		bls	.L78
 3135              	.LVL199:
 3136              	.L80:
  33:adafruit_tft/ili9341.cpp ****         while(buff_size > 0) {
 3137              		.loc 1 33 5 is_stmt 0 view .LVU978
 3138              	.LBE666:
 3139              	.LBB667:
 3140              	.LBB668:
 3141              	.LBB669:
 3142              	.LBB670:
  35:adafruit_tft/ili9341.cpp ****             memcpy(buffer, buff, chunk_size);
 3143              		.loc 1 35 13 is_stmt 1 view .LVU979
 3144 0066 102C     		cmp	r4, #16
 3145 0068 2546     		mov	r5, r4
  36:adafruit_tft/ili9341.cpp ****             spi_handle.DmaTransmit(buffer, chunk_size, NULL, NULL, NULL);
 3146              		.loc 1 36 19 is_stmt 0 view .LVU980
 3147 006a 4146     		mov	r1, r8
 3148 006c 1648     		ldr	r0, .L85+8
 3149 006e 28BF     		it	cs
 3150 0070 1025     		movcs	r5, #16
 3151              	.LVL200:
  36:adafruit_tft/ili9341.cpp ****             spi_handle.DmaTransmit(buffer, chunk_size, NULL, NULL, NULL);
 3152              		.loc 1 36 13 is_stmt 1 view .LVU981
  36:adafruit_tft/ili9341.cpp ****             spi_handle.DmaTransmit(buffer, chunk_size, NULL, NULL, NULL);
 3153              		.loc 1 36 19 is_stmt 0 view .LVU982
 3154 0072 2A46     		mov	r2, r5
  38:adafruit_tft/ili9341.cpp ****             buff_size -= chunk_size;
 3155              		.loc 1 38 18 view .LVU983
 3156 0074 A844     		add	r8, r8, r5
 3157              	.LVL201:
  36:adafruit_tft/ili9341.cpp ****             spi_handle.DmaTransmit(buffer, chunk_size, NULL, NULL, NULL);
 3158              		.loc 1 36 19 view .LVU984
 3159 0076 FFF7FEFF 		bl	memcpy
 3160              	.LVL202:
  37:adafruit_tft/ili9341.cpp ****             buff += chunk_size;
 3161              		.loc 1 37 13 is_stmt 1 view .LVU985
ARM GAS  /var/folders/0b/4qn_4lxx65nfvy4wf60ckd5w0000gn/T//ccJimYrc.s 			page 78


  37:adafruit_tft/ili9341.cpp ****             buff += chunk_size;
 3162              		.loc 1 37 35 is_stmt 0 view .LVU986
 3163 007a 0023     		movs	r3, #0
 3164 007c 2A46     		mov	r2, r5
 3165 007e 1249     		ldr	r1, .L85+8
 3166 0080 1248     		ldr	r0, .L85+12
 3167 0082 CDE90033 		strd	r3, r3, [sp]
 3168 0086 FFF7FEFF 		bl	_ZN5daisy9SpiHandle11DmaTransmitEPhjPFvPvEPFvS2_NS0_6ResultEES2_
 3169              	.LVL203:
  38:adafruit_tft/ili9341.cpp ****             buff_size -= chunk_size;
 3170              		.loc 1 38 13 is_stmt 1 view .LVU987
  39:adafruit_tft/ili9341.cpp ****         }
 3171              		.loc 1 39 13 view .LVU988
  39:adafruit_tft/ili9341.cpp ****         }
 3172              		.loc 1 39 13 is_stmt 0 view .LVU989
 3173              	.LBE670:
  34:adafruit_tft/ili9341.cpp ****             uint16_t chunk_size = buff_size > buffer_size ? buffer_size : buff_size;
 3174              		.loc 1 34 9 is_stmt 1 view .LVU990
  34:adafruit_tft/ili9341.cpp ****             uint16_t chunk_size = buff_size > buffer_size ? buffer_size : buff_size;
 3175              		.loc 1 34 25 view .LVU991
 3176 008a 641B     		subs	r4, r4, r5
 3177              	.LVL204:
  34:adafruit_tft/ili9341.cpp ****             uint16_t chunk_size = buff_size > buffer_size ? buffer_size : buff_size;
 3178              		.loc 1 34 25 is_stmt 0 view .LVU992
 3179 008c EBD1     		bne	.L80
 3180              	.LVL205:
 3181              	.L79:
  34:adafruit_tft/ili9341.cpp ****             uint16_t chunk_size = buff_size > buffer_size ? buffer_size : buff_size;
 3182              		.loc 1 34 25 view .LVU993
 3183              	.LBE669:
 3184              	.LBE668:
 3185              	.LBE667:
 3186              	.LBE672:
 3187              	.LBE674:
 312:adafruit_tft/ili9341.cpp ****     ILI9341_Unselect();
 3188              		.loc 1 312 5 is_stmt 1 view .LVU994
 3189              	.LBB675:
 3190              	.LBI675:
  11:adafruit_tft/ili9341.cpp ****     gpio_cs.Write(true);
 3191              		.loc 1 11 6 view .LVU995
 3192              	.LBB676:
  12:adafruit_tft/ili9341.cpp **** }
 3193              		.loc 1 12 5 view .LVU996
  12:adafruit_tft/ili9341.cpp **** }
 3194              		.loc 1 12 18 is_stmt 0 view .LVU997
 3195 008e 0121     		movs	r1, #1
 3196 0090 0B48     		ldr	r0, .L85
 3197              	.LBE676:
 3198              	.LBE675:
 313:adafruit_tft/ili9341.cpp **** }
 3199              		.loc 1 313 1 view .LVU998
 3200 0092 03B0     		add	sp, sp, #12
 3201              		.cfi_remember_state
 3202              		.cfi_def_cfa_offset 28
 3203              		@ sp needed
 3204 0094 BDE8F043 		pop	{r4, r5, r6, r7, r8, r9, lr}
 3205              		.cfi_restore 14
ARM GAS  /var/folders/0b/4qn_4lxx65nfvy4wf60ckd5w0000gn/T//ccJimYrc.s 			page 79


 3206              		.cfi_restore 9
 3207              		.cfi_restore 8
 3208              		.cfi_restore 7
 3209              		.cfi_restore 6
 3210              		.cfi_restore 5
 3211              		.cfi_restore 4
 3212              		.cfi_def_cfa_offset 0
 3213              	.LVL206:
 3214              	.LBB678:
 3215              	.LBB677:
  12:adafruit_tft/ili9341.cpp **** }
 3216              		.loc 1 12 18 view .LVU999
 3217 0098 FFF7FEBF 		b	_ZN5daisy4GPIO5WriteEb
 3218              	.LVL207:
 3219              	.L76:
 3220              		.cfi_restore_state
  12:adafruit_tft/ili9341.cpp **** }
 3221              		.loc 1 12 18 view .LVU1000
 3222              	.LBE677:
 3223              	.LBE678:
 3224              		.loc 1 313 1 view .LVU1001
 3225 009c 03B0     		add	sp, sp, #12
 3226              		.cfi_remember_state
 3227              		.cfi_def_cfa_offset 28
 3228              		@ sp needed
 3229 009e BDE8F083 		pop	{r4, r5, r6, r7, r8, r9, pc}
 3230              	.LVL208:
 3231              	.L78:
 3232              		.cfi_restore_state
 3233              	.LBB679:
 3234              	.LBB673:
 3235              	.LBB671:
  42:adafruit_tft/ili9341.cpp ****         spi_handle.DmaTransmit(buffer, buff_size, NULL, NULL, NULL);
 3236              		.loc 1 42 9 is_stmt 1 view .LVU1002
  42:adafruit_tft/ili9341.cpp ****         spi_handle.DmaTransmit(buffer, buff_size, NULL, NULL, NULL);
 3237              		.loc 1 42 15 is_stmt 0 view .LVU1003
 3238 00a2 2246     		mov	r2, r4
 3239 00a4 4146     		mov	r1, r8
 3240 00a6 0848     		ldr	r0, .L85+8
 3241 00a8 FFF7FEFF 		bl	memcpy
 3242              	.LVL209:
  43:adafruit_tft/ili9341.cpp ****     }
 3243              		.loc 1 43 9 is_stmt 1 view .LVU1004
  43:adafruit_tft/ili9341.cpp ****     }
 3244              		.loc 1 43 31 is_stmt 0 view .LVU1005
 3245 00ac 4B46     		mov	r3, r9
 3246 00ae 2246     		mov	r2, r4
 3247 00b0 0549     		ldr	r1, .L85+8
 3248 00b2 0648     		ldr	r0, .L85+12
 3249 00b4 CDE90099 		strd	r9, r9, [sp]
 3250 00b8 FFF7FEFF 		bl	_ZN5daisy9SpiHandle11DmaTransmitEPhjPFvPvEPFvS2_NS0_6ResultEES2_
 3251              	.LVL210:
 3252 00bc E7E7     		b	.L79
 3253              	.L86:
 3254 00be 00BF     		.align	2
 3255              	.L85:
 3256 00c0 00000000 		.word	gpio_cs
ARM GAS  /var/folders/0b/4qn_4lxx65nfvy4wf60ckd5w0000gn/T//ccJimYrc.s 			page 80


 3257 00c4 00000000 		.word	gpio_dc
 3258 00c8 00000000 		.word	.LANCHOR0
 3259 00cc 00000000 		.word	spi_handle
 3260              	.LBE671:
 3261              	.LBE673:
 3262              	.LBE679:
 3263              		.cfi_endproc
 3264              	.LFE4494:
 3266              		.section	.text._Z20ILI9341_InvertColorsb,"ax",%progbits
 3267              		.align	1
 3268              		.p2align 2,,3
 3269              		.global	_Z20ILI9341_InvertColorsb
 3270              		.syntax unified
 3271              		.thumb
 3272              		.thumb_func
 3274              	_Z20ILI9341_InvertColorsb:
 3275              	.LVL211:
 3276              	.LFB4495:
 314:adafruit_tft/ili9341.cpp **** 
 315:adafruit_tft/ili9341.cpp **** void ILI9341_InvertColors(bool invert) {
 3277              		.loc 1 315 40 is_stmt 1 view -0
 3278              		.cfi_startproc
 3279              		@ args = 0, pretend = 0, frame = 0
 3280              		@ frame_needed = 0, uses_anonymous_args = 0
 316:adafruit_tft/ili9341.cpp ****     ILI9341_Select();
 3281              		.loc 1 316 5 view .LVU1007
 3282              	.LBB686:
 3283              	.LBI686:
   7:adafruit_tft/ili9341.cpp ****     gpio_cs.Write(false);
 3284              		.loc 1 7 13 view .LVU1008
 3285              	.LBB687:
   8:adafruit_tft/ili9341.cpp **** }
 3286              		.loc 1 8 5 view .LVU1009
 3287              	.LBE687:
 3288              	.LBE686:
 315:adafruit_tft/ili9341.cpp ****     ILI9341_Select();
 3289              		.loc 1 315 40 is_stmt 0 view .LVU1010
 3290 0000 10B5     		push	{r4, lr}
 3291              		.cfi_def_cfa_offset 8
 3292              		.cfi_offset 4, -8
 3293              		.cfi_offset 14, -4
 3294              	.LBB690:
 3295              	.LBB688:
   8:adafruit_tft/ili9341.cpp **** }
 3296              		.loc 1 8 18 view .LVU1011
 3297 0002 0021     		movs	r1, #0
 3298              	.LBE688:
 3299              	.LBE690:
 315:adafruit_tft/ili9341.cpp ****     ILI9341_Select();
 3300              		.loc 1 315 40 view .LVU1012
 3301 0004 82B0     		sub	sp, sp, #8
 3302              		.cfi_def_cfa_offset 16
 315:adafruit_tft/ili9341.cpp ****     ILI9341_Select();
 3303              		.loc 1 315 40 view .LVU1013
 3304 0006 0446     		mov	r4, r0
 3305              	.LBB691:
 3306              	.LBB689:
ARM GAS  /var/folders/0b/4qn_4lxx65nfvy4wf60ckd5w0000gn/T//ccJimYrc.s 			page 81


   8:adafruit_tft/ili9341.cpp **** }
 3307              		.loc 1 8 18 view .LVU1014
 3308 0008 0D48     		ldr	r0, .L91
 3309              	.LVL212:
   8:adafruit_tft/ili9341.cpp **** }
 3310              		.loc 1 8 18 view .LVU1015
 3311 000a FFF7FEFF 		bl	_ZN5daisy4GPIO5WriteEb
 3312              	.LVL213:
 3313              	.LBE689:
 3314              	.LBE691:
 317:adafruit_tft/ili9341.cpp ****     ILI9341_WriteCommand(invert ? 0x21 /* INVON */ : 0x20 /* INVOFF */);
 3315              		.loc 1 317 5 is_stmt 1 view .LVU1016
 3316              	.LBB692:
 3317              	.LBB693:
  22:adafruit_tft/ili9341.cpp ****     buffer[0] = cmd;
 3318              		.loc 1 22 18 is_stmt 0 view .LVU1017
 3319 000e 0021     		movs	r1, #0
 3320 0010 0C48     		ldr	r0, .L91+4
 3321              	.LBE693:
 3322              	.LBE692:
 3323              		.loc 1 317 25 view .LVU1018
 3324 0012 8C42     		cmp	r4, r1
 3325 0014 14BF     		ite	ne
 3326 0016 2124     		movne	r4, #33
 3327 0018 2024     		moveq	r4, #32
 3328              	.LVL214:
 3329              	.LBB695:
 3330              	.LBI692:
  21:adafruit_tft/ili9341.cpp ****     gpio_dc.Write(false);
 3331              		.loc 1 21 13 is_stmt 1 view .LVU1019
 3332              	.LBB694:
  22:adafruit_tft/ili9341.cpp ****     buffer[0] = cmd;
 3333              		.loc 1 22 5 view .LVU1020
  22:adafruit_tft/ili9341.cpp ****     buffer[0] = cmd;
 3334              		.loc 1 22 18 is_stmt 0 view .LVU1021
 3335 001a FFF7FEFF 		bl	_ZN5daisy4GPIO5WriteEb
 3336              	.LVL215:
  23:adafruit_tft/ili9341.cpp ****     spi_handle.DmaTransmit(buffer, sizeof(cmd), NULL, NULL, NULL);
 3337              		.loc 1 23 5 is_stmt 1 view .LVU1022
  24:adafruit_tft/ili9341.cpp **** }
 3338              		.loc 1 24 27 is_stmt 0 view .LVU1023
 3339 001e 0023     		movs	r3, #0
  23:adafruit_tft/ili9341.cpp ****     spi_handle.DmaTransmit(buffer, sizeof(cmd), NULL, NULL, NULL);
 3340              		.loc 1 23 15 view .LVU1024
 3341 0020 0949     		ldr	r1, .L91+8
  24:adafruit_tft/ili9341.cpp **** }
 3342              		.loc 1 24 27 view .LVU1025
 3343 0022 0122     		movs	r2, #1
 3344 0024 0948     		ldr	r0, .L91+12
 3345 0026 CDE90033 		strd	r3, r3, [sp]
  23:adafruit_tft/ili9341.cpp ****     spi_handle.DmaTransmit(buffer, sizeof(cmd), NULL, NULL, NULL);
 3346              		.loc 1 23 15 view .LVU1026
 3347 002a 0C70     		strb	r4, [r1]
  24:adafruit_tft/ili9341.cpp **** }
 3348              		.loc 1 24 5 is_stmt 1 view .LVU1027
  24:adafruit_tft/ili9341.cpp **** }
 3349              		.loc 1 24 27 is_stmt 0 view .LVU1028
ARM GAS  /var/folders/0b/4qn_4lxx65nfvy4wf60ckd5w0000gn/T//ccJimYrc.s 			page 82


 3350 002c FFF7FEFF 		bl	_ZN5daisy9SpiHandle11DmaTransmitEPhjPFvPvEPFvS2_NS0_6ResultEES2_
 3351              	.LVL216:
  24:adafruit_tft/ili9341.cpp **** }
 3352              		.loc 1 24 27 view .LVU1029
 3353              	.LBE694:
 3354              	.LBE695:
 318:adafruit_tft/ili9341.cpp ****     ILI9341_Unselect();
 3355              		.loc 1 318 5 is_stmt 1 view .LVU1030
 3356              	.LBB696:
 3357              	.LBI696:
  11:adafruit_tft/ili9341.cpp ****     gpio_cs.Write(true);
 3358              		.loc 1 11 6 view .LVU1031
 3359              	.LBB697:
  12:adafruit_tft/ili9341.cpp **** }
 3360              		.loc 1 12 5 view .LVU1032
  12:adafruit_tft/ili9341.cpp **** }
 3361              		.loc 1 12 18 is_stmt 0 view .LVU1033
 3362 0030 0121     		movs	r1, #1
 3363 0032 0348     		ldr	r0, .L91
 3364              	.LBE697:
 3365              	.LBE696:
 319:adafruit_tft/ili9341.cpp **** }
 3366              		.loc 1 319 1 view .LVU1034
 3367 0034 02B0     		add	sp, sp, #8
 3368              		.cfi_def_cfa_offset 8
 3369              		@ sp needed
 3370 0036 BDE81040 		pop	{r4, lr}
 3371              		.cfi_restore 14
 3372              		.cfi_restore 4
 3373              		.cfi_def_cfa_offset 0
 3374              	.LBB699:
 3375              	.LBB698:
  12:adafruit_tft/ili9341.cpp **** }
 3376              		.loc 1 12 18 view .LVU1035
 3377 003a FFF7FEBF 		b	_ZN5daisy4GPIO5WriteEb
 3378              	.LVL217:
 3379              	.L92:
 3380 003e 00BF     		.align	2
 3381              	.L91:
 3382 0040 00000000 		.word	gpio_cs
 3383 0044 00000000 		.word	gpio_dc
 3384 0048 00000000 		.word	.LANCHOR0
 3385 004c 00000000 		.word	spi_handle
 3386              	.LBE698:
 3387              	.LBE699:
 3388              		.cfi_endproc
 3389              	.LFE4495:
 3391              		.global	buffer
 3392              		.section	.rodata
 3393              		.align	2
 3394              		.set	.LANCHOR1,. + 0
 3395              	.LC0:
 3396 0000 392C0034 		.ascii	"9,\0004\002"
 3396      02
 3397 0005 000000   		.space	3
 3398              	.LC1:
 3399 0008 00C130   		.ascii	"\000\3010"
ARM GAS  /var/folders/0b/4qn_4lxx65nfvy4wf60ckd5w0000gn/T//ccJimYrc.s 			page 83


 3400 000b 00       		.space	1
 3401              	.LC2:
 3402 000c 850078   		.ascii	"\205\000x"
 3403 000f 00       		.space	1
 3404              	.LC5:
 3405 0010 000E1403 		.ascii	"\000\016\024\003\021\0071\301H\010\017\01416\017"
 3405      110731C1 
 3405      48080F0C 
 3405      31360F
 3406              		.section	.sram1_bss,"aw"
 3407              		.align	2
 3408              		.set	.LANCHOR0,. + 0
 3411              	buffer:
 3412 0000 00000000 		.space	16
 3412      00000000 
 3412      00000000 
 3412      00000000 
 3413              		.text
 3414              	.Letext0:
 3415              		.file 2 "/Library/DaisyToolchain/0.2.0/arm/arm-none-eabi/include/machine/_default_types.h"
 3416              		.file 3 "/Library/DaisyToolchain/0.2.0/arm/arm-none-eabi/include/sys/_stdint.h"
 3417              		.file 4 "/Library/DaisyToolchain/0.2.0/arm/arm-none-eabi/include/stdint.h"
 3418              		.file 5 "/Library/DaisyToolchain/0.2.0/arm/lib/gcc/arm-none-eabi/10.3.1/include/stddef.h"
 3419              		.file 6 "/Library/DaisyToolchain/0.2.0/arm/arm-none-eabi/include/c++/10.3.1/cmath"
 3420              		.file 7 "/Library/DaisyToolchain/0.2.0/arm/arm-none-eabi/include/c++/10.3.1/type_traits"
 3421              		.file 8 "/Library/DaisyToolchain/0.2.0/arm/arm-none-eabi/include/c++/10.3.1/debug/debug.h"
 3422              		.file 9 "/Library/DaisyToolchain/0.2.0/arm/arm-none-eabi/include/c++/10.3.1/bits/std_abs.h"
 3423              		.file 10 "/Library/DaisyToolchain/0.2.0/arm/arm-none-eabi/include/c++/10.3.1/cstdlib"
 3424              		.file 11 "/Library/DaisyToolchain/0.2.0/arm/arm-none-eabi/include/c++/10.3.1/cstdint"
 3425              		.file 12 "/Library/DaisyToolchain/0.2.0/arm/arm-none-eabi/include/c++/10.3.1/arm-none-eabi/thumb/v
 3426              		.file 13 "/Library/DaisyToolchain/0.2.0/arm/arm-none-eabi/include/c++/10.3.1/bits/algorithmfwd.h"
 3427              		.file 14 "/Library/DaisyToolchain/0.2.0/arm/arm-none-eabi/include/c++/10.3.1/bits/exception_ptr.h"
 3428              		.file 15 "/Library/DaisyToolchain/0.2.0/arm/arm-none-eabi/include/c++/10.3.1/bits/stl_iterator.h"
 3429              		.file 16 "/Library/DaisyToolchain/0.2.0/arm/arm-none-eabi/include/c++/10.3.1/functional"
 3430              		.file 17 "/Library/DaisyToolchain/0.2.0/arm/arm-none-eabi/include/c++/10.3.1/cstdarg"
 3431              		.file 18 "/Library/DaisyToolchain/0.2.0/arm/arm-none-eabi/include/c++/10.3.1/cstdio"
 3432              		.file 19 "/Library/DaisyToolchain/0.2.0/arm/arm-none-eabi/include/c++/10.3.1/cstring"
 3433              		.file 20 "/Library/DaisyToolchain/0.2.0/arm/arm-none-eabi/include/c++/10.3.1/cwchar"
 3434              		.file 21 "/Library/DaisyToolchain/0.2.0/arm/arm-none-eabi/include/c++/10.3.1/string_view"
 3435              		.file 22 "/Library/DaisyToolchain/0.2.0/arm/arm-none-eabi/include/c++/10.3.1/bits/predefined_ops.h
 3436              		.file 23 "/Library/DaisyToolchain/0.2.0/arm/arm-none-eabi/include/sys/_types.h"
 3437              		.file 24 "/Library/DaisyToolchain/0.2.0/arm/arm-none-eabi/include/sys/reent.h"
 3438              		.file 25 "/Library/DaisyToolchain/0.2.0/arm/arm-none-eabi/include/sys/lock.h"
 3439              		.file 26 "/Library/DaisyToolchain/0.2.0/arm/arm-none-eabi/include/math.h"
 3440              		.file 27 "/Library/DaisyToolchain/0.2.0/arm/arm-none-eabi/include/stdlib.h"
 3441              		.file 28 "/Library/DaisyToolchain/0.2.0/arm/arm-none-eabi/include/c++/10.3.1/math.h"
 3442              		.file 29 "adafruit_tft/fonts.h"
 3443              		.file 30 "/Library/DaisyToolchain/0.2.0/arm/arm-none-eabi/include/c++/10.3.1/stdlib.h"
 3444              		.file 31 "../../DaisySeed/DaisyExamples/libDaisy/src/daisy_core.h"
 3445              		.file 32 "../../DaisySeed/DaisyExamples/libDaisy/src/per/tim.h"
 3446              		.file 33 "../../DaisySeed/DaisyExamples/libDaisy/src/sys/system.h"
 3447              		.file 34 "../../DaisySeed/DaisyExamples/libDaisy/src/per/qspi.h"
 3448              		.file 35 "../../DaisySeed/DaisyExamples/libDaisy/src/per/dac.h"
 3449              		.file 36 "../../DaisySeed/DaisyExamples/libDaisy/src/per/gpio.h"
 3450              		.file 37 "../../DaisySeed/DaisyExamples/libDaisy/src/per/sai.h"
 3451              		.file 38 "../../DaisySeed/DaisyExamples/libDaisy/src/hid/audio.h"
 3452              		.file 39 "../../DaisySeed/DaisyExamples/libDaisy/src/per/adc.h"
ARM GAS  /var/folders/0b/4qn_4lxx65nfvy4wf60ckd5w0000gn/T//ccJimYrc.s 			page 84


 3453              		.file 40 "../../DaisySeed/DaisyExamples/libDaisy/src/hid/usb.h"
 3454              		.file 41 "../../DaisySeed/DaisyExamples/libDaisy/src/per/spi.h"
 3455              		.file 42 "../../DaisySeed/DaisyExamples/libDaisy/src/util/wav_format.h"
 3456              		.file 43 "../../DaisySeed/DaisyExamples/libDaisy/src/dev/max11300.h"
 3457              		.file 44 "../../DaisySeed/DaisyExamples/libDaisy/src/daisy_seed.h"
 3458              		.file 45 "../../DaisySeed/DaisyExamples/libDaisy/src/dev/sdram.h"
 3459              		.file 46 "/Library/DaisyToolchain/0.2.0/arm/arm-none-eabi/include/c++/10.3.1/pstl/execution_defs.h
 3460              		.file 47 "/Library/DaisyToolchain/0.2.0/arm/lib/gcc/arm-none-eabi/10.3.1/include/stdarg.h"
 3461              		.file 48 "/Library/DaisyToolchain/0.2.0/arm/arm-none-eabi/include/stdio.h"
 3462              		.file 49 "/Library/DaisyToolchain/0.2.0/arm/arm-none-eabi/include/string.h"
 3463              		.file 50 "/Library/DaisyToolchain/0.2.0/arm/arm-none-eabi/include/wchar.h"
 3464              		.file 51 "adafruit_tft/ili9341.hpp"
 3465              		.file 52 "../../DaisySeed/DaisyExamples/libDaisy/src/dev/sr_595.h"
 3466              		.file 53 "<built-in>"
ARM GAS  /var/folders/0b/4qn_4lxx65nfvy4wf60ckd5w0000gn/T//ccJimYrc.s 			page 85


DEFINED SYMBOLS
                            *ABS*:0000000000000000 ili9341.cpp
/var/folders/0b/4qn_4lxx65nfvy4wf60ckd5w0000gn/T//ccJimYrc.s:19     .text._ZL24ILI9341_SetAddressWindowtttt:0000000000000000 $t
/var/folders/0b/4qn_4lxx65nfvy4wf60ckd5w0000gn/T//ccJimYrc.s:25     .text._ZL24ILI9341_SetAddressWindowtttt:0000000000000000 _ZL24ILI9341_SetAddressWindowtttt
/var/folders/0b/4qn_4lxx65nfvy4wf60ckd5w0000gn/T//ccJimYrc.s:287    .text._ZL24ILI9341_SetAddressWindowtttt:00000000000000d8 $d
/var/folders/0b/4qn_4lxx65nfvy4wf60ckd5w0000gn/T//ccJimYrc.s:294    .text._Z21ILI9341_FillRectanglettttt.part.0:0000000000000000 $t
/var/folders/0b/4qn_4lxx65nfvy4wf60ckd5w0000gn/T//ccJimYrc.s:300    .text._Z21ILI9341_FillRectanglettttt.part.0:0000000000000000 _Z21ILI9341_FillRectanglettttt.part.0
/var/folders/0b/4qn_4lxx65nfvy4wf60ckd5w0000gn/T//ccJimYrc.s:580    .text._Z21ILI9341_FillRectanglettttt.part.0:00000000000000e0 $d
/var/folders/0b/4qn_4lxx65nfvy4wf60ckd5w0000gn/T//ccJimYrc.s:588    .text._Z16ILI9341_Unselectv:0000000000000000 $t
/var/folders/0b/4qn_4lxx65nfvy4wf60ckd5w0000gn/T//ccJimYrc.s:595    .text._Z16ILI9341_Unselectv:0000000000000000 _Z16ILI9341_Unselectv
/var/folders/0b/4qn_4lxx65nfvy4wf60ckd5w0000gn/T//ccJimYrc.s:611    .text._Z16ILI9341_Unselectv:0000000000000008 $d
/var/folders/0b/4qn_4lxx65nfvy4wf60ckd5w0000gn/T//ccJimYrc.s:616    .rodata._Z12ILI9341_Initv.str1.4:0000000000000000 $d
/var/folders/0b/4qn_4lxx65nfvy4wf60ckd5w0000gn/T//ccJimYrc.s:623    .text._Z12ILI9341_Initv:0000000000000000 $t
/var/folders/0b/4qn_4lxx65nfvy4wf60ckd5w0000gn/T//ccJimYrc.s:630    .text._Z12ILI9341_Initv:0000000000000000 _Z12ILI9341_Initv
/var/folders/0b/4qn_4lxx65nfvy4wf60ckd5w0000gn/T//ccJimYrc.s:1819   .text._Z12ILI9341_Initv:00000000000003d4 $d
/var/folders/0b/4qn_4lxx65nfvy4wf60ckd5w0000gn/T//ccJimYrc.s:1829   .text._Z12ILI9341_Initv:00000000000003f8 $t
/var/folders/0b/4qn_4lxx65nfvy4wf60ckd5w0000gn/T//ccJimYrc.s:2270   .text._Z12ILI9341_Initv:0000000000000594 $d
/var/folders/0b/4qn_4lxx65nfvy4wf60ckd5w0000gn/T//ccJimYrc.s:2279   .text._Z17ILI9341_DrawPixelttt:0000000000000000 $t
/var/folders/0b/4qn_4lxx65nfvy4wf60ckd5w0000gn/T//ccJimYrc.s:2286   .text._Z17ILI9341_DrawPixelttt:0000000000000000 _Z17ILI9341_DrawPixelttt
/var/folders/0b/4qn_4lxx65nfvy4wf60ckd5w0000gn/T//ccJimYrc.s:2451   .text._Z17ILI9341_DrawPixelttt:0000000000000070 $d
/var/folders/0b/4qn_4lxx65nfvy4wf60ckd5w0000gn/T//ccJimYrc.s:2459   .text._Z19ILI9341_WriteStringttPKc20Adafruit_TFT_FontDeftt:0000000000000000 $t
/var/folders/0b/4qn_4lxx65nfvy4wf60ckd5w0000gn/T//ccJimYrc.s:2466   .text._Z19ILI9341_WriteStringttPKc20Adafruit_TFT_FontDeftt:0000000000000000 _Z19ILI9341_WriteStringttPKc20Adafruit_TFT_FontDeftt
/var/folders/0b/4qn_4lxx65nfvy4wf60ckd5w0000gn/T//ccJimYrc.s:2903   .text._Z19ILI9341_WriteStringttPKc20Adafruit_TFT_FontDeftt:000000000000014c $d
/var/folders/0b/4qn_4lxx65nfvy4wf60ckd5w0000gn/T//ccJimYrc.s:2911   .text._Z21ILI9341_FillRectanglettttt:0000000000000000 $t
/var/folders/0b/4qn_4lxx65nfvy4wf60ckd5w0000gn/T//ccJimYrc.s:2918   .text._Z21ILI9341_FillRectanglettttt:0000000000000000 _Z21ILI9341_FillRectanglettttt
/var/folders/0b/4qn_4lxx65nfvy4wf60ckd5w0000gn/T//ccJimYrc.s:2960   .text._Z18ILI9341_FillScreent:0000000000000000 $t
/var/folders/0b/4qn_4lxx65nfvy4wf60ckd5w0000gn/T//ccJimYrc.s:2967   .text._Z18ILI9341_FillScreent:0000000000000000 _Z18ILI9341_FillScreent
/var/folders/0b/4qn_4lxx65nfvy4wf60ckd5w0000gn/T//ccJimYrc.s:3020   .text._Z17ILI9341_DrawImagettttPKt:0000000000000000 $t
/var/folders/0b/4qn_4lxx65nfvy4wf60ckd5w0000gn/T//ccJimYrc.s:3027   .text._Z17ILI9341_DrawImagettttPKt:0000000000000000 _Z17ILI9341_DrawImagettttPKt
/var/folders/0b/4qn_4lxx65nfvy4wf60ckd5w0000gn/T//ccJimYrc.s:3256   .text._Z17ILI9341_DrawImagettttPKt:00000000000000c0 $d
/var/folders/0b/4qn_4lxx65nfvy4wf60ckd5w0000gn/T//ccJimYrc.s:3267   .text._Z20ILI9341_InvertColorsb:0000000000000000 $t
/var/folders/0b/4qn_4lxx65nfvy4wf60ckd5w0000gn/T//ccJimYrc.s:3274   .text._Z20ILI9341_InvertColorsb:0000000000000000 _Z20ILI9341_InvertColorsb
/var/folders/0b/4qn_4lxx65nfvy4wf60ckd5w0000gn/T//ccJimYrc.s:3382   .text._Z20ILI9341_InvertColorsb:0000000000000040 $d
/var/folders/0b/4qn_4lxx65nfvy4wf60ckd5w0000gn/T//ccJimYrc.s:3411   .sram1_bss:0000000000000000 buffer
/var/folders/0b/4qn_4lxx65nfvy4wf60ckd5w0000gn/T//ccJimYrc.s:3393   .rodata:0000000000000000 $d
/var/folders/0b/4qn_4lxx65nfvy4wf60ckd5w0000gn/T//ccJimYrc.s:3407   .sram1_bss:0000000000000000 $d

UNDEFINED SYMBOLS
_ZN5daisy4GPIO5WriteEb
_ZN5daisy9SpiHandle11DmaTransmitEPhjPFvPvEPFvS2_NS0_6ResultEES2_
gpio_dc
spi_handle
gpio_cs
_ZN5daisy9DaisySeed7DelayMsEj
gpio_res
hw
memcpy
