ARM GAS  /var/folders/0b/4qn_4lxx65nfvy4wf60ckd5w0000gn/T//ccwEFg80.s 			page 1


   1              		.cpu cortex-m7
   2              		.arch armv7e-m
   3              		.fpu fpv5-d16
   4              		.eabi_attribute 28, 1
   5              		.eabi_attribute 20, 1
   6              		.eabi_attribute 21, 1
   7              		.eabi_attribute 23, 3
   8              		.eabi_attribute 24, 1
   9              		.eabi_attribute 25, 1
  10              		.eabi_attribute 26, 1
  11              		.eabi_attribute 30, 2
  12              		.eabi_attribute 34, 1
  13              		.eabi_attribute 18, 4
  14              		.file	"main.cpp"
  15              		.text
  16              	.Ltext0:
  17              		.cfi_sections	.debug_frame
  18              		.section	.text._ZN5daisy9DaisySeedD2Ev,"axG",%progbits,_ZN5daisy9DaisySeedD5Ev,comdat
  19              		.align	1
  20              		.p2align 2,,3
  21              		.weak	_ZN5daisy9DaisySeedD2Ev
  22              		.syntax unified
  23              		.thumb
  24              		.thumb_func
  26              	_ZN5daisy9DaisySeedD2Ev:
  27              	.LVL0:
  28              	.LFB4477:
  29              		.file 1 "../../DaisySeed/DaisyExamples/libDaisy/src/daisy_seed.h"
   1:../../DaisySeed/DaisyExamples/libDaisy/src/daisy_seed.h **** #pragma once
   2:../../DaisySeed/DaisyExamples/libDaisy/src/daisy_seed.h **** #ifndef DSY_SEED_H
   3:../../DaisySeed/DaisyExamples/libDaisy/src/daisy_seed.h **** #define DSY_SEED_H
   4:../../DaisySeed/DaisyExamples/libDaisy/src/daisy_seed.h **** 
   5:../../DaisySeed/DaisyExamples/libDaisy/src/daisy_seed.h **** #include "daisy.h"
   6:../../DaisySeed/DaisyExamples/libDaisy/src/daisy_seed.h **** 
   7:../../DaisySeed/DaisyExamples/libDaisy/src/daisy_seed.h **** //Uncomment this out if you're still using the rev2 hardware
   8:../../DaisySeed/DaisyExamples/libDaisy/src/daisy_seed.h **** //#define SEED_REV2
   9:../../DaisySeed/DaisyExamples/libDaisy/src/daisy_seed.h **** 
  10:../../DaisySeed/DaisyExamples/libDaisy/src/daisy_seed.h **** namespace daisy
  11:../../DaisySeed/DaisyExamples/libDaisy/src/daisy_seed.h **** {
  12:../../DaisySeed/DaisyExamples/libDaisy/src/daisy_seed.h **** /**
  13:../../DaisySeed/DaisyExamples/libDaisy/src/daisy_seed.h ****    @brief This is the higher-level interface for the Daisy board. \n 
  14:../../DaisySeed/DaisyExamples/libDaisy/src/daisy_seed.h ****     All basic peripheral configuration/initialization is setup here. \n
  15:../../DaisySeed/DaisyExamples/libDaisy/src/daisy_seed.h **** 
  16:../../DaisySeed/DaisyExamples/libDaisy/src/daisy_seed.h ****    @ingroup boards
  17:../../DaisySeed/DaisyExamples/libDaisy/src/daisy_seed.h **** */
  18:../../DaisySeed/DaisyExamples/libDaisy/src/daisy_seed.h **** class DaisySeed
  19:../../DaisySeed/DaisyExamples/libDaisy/src/daisy_seed.h **** {
  20:../../DaisySeed/DaisyExamples/libDaisy/src/daisy_seed.h ****   public:
  21:../../DaisySeed/DaisyExamples/libDaisy/src/daisy_seed.h ****     DaisySeed() {}
  22:../../DaisySeed/DaisyExamples/libDaisy/src/daisy_seed.h ****     ~DaisySeed() {}
  30              		.loc 1 22 5 view -0
  31              		.cfi_startproc
  32              		@ args = 0, pretend = 0, frame = 0
  33              		@ frame_needed = 0, uses_anonymous_args = 0
  34              		@ link register save eliminated.
  35              	.LBB170:
  36              	.LBI170:
ARM GAS  /var/folders/0b/4qn_4lxx65nfvy4wf60ckd5w0000gn/T//ccwEFg80.s 			page 2


  37              		.file 2 "../../DaisySeed/DaisyExamples/libDaisy/src/sys/system.h"
   1:../../DaisySeed/DaisyExamples/libDaisy/src/sys/system.h **** #ifndef DSY_SYSTEM_H
   2:../../DaisySeed/DaisyExamples/libDaisy/src/sys/system.h **** #define DSY_SYSTEM_H
   3:../../DaisySeed/DaisyExamples/libDaisy/src/sys/system.h **** 
   4:../../DaisySeed/DaisyExamples/libDaisy/src/sys/system.h **** #ifndef UNIT_TEST // for unit tests, a dummy implementation is provided below
   5:../../DaisySeed/DaisyExamples/libDaisy/src/sys/system.h **** 
   6:../../DaisySeed/DaisyExamples/libDaisy/src/sys/system.h **** #include <cstdint>
   7:../../DaisySeed/DaisyExamples/libDaisy/src/sys/system.h **** #include "per/tim.h"
   8:../../DaisySeed/DaisyExamples/libDaisy/src/sys/system.h **** 
   9:../../DaisySeed/DaisyExamples/libDaisy/src/sys/system.h **** namespace daisy
  10:../../DaisySeed/DaisyExamples/libDaisy/src/sys/system.h **** {
  11:../../DaisySeed/DaisyExamples/libDaisy/src/sys/system.h **** /** A handle for interacting with the Core System.
  12:../../DaisySeed/DaisyExamples/libDaisy/src/sys/system.h ****  ** This includes the Clock tree, MPU, global DMA initialization,
  13:../../DaisySeed/DaisyExamples/libDaisy/src/sys/system.h ****  ** cache handling, and any other necessary global initiailzation
  14:../../DaisySeed/DaisyExamples/libDaisy/src/sys/system.h ****  **
  15:../../DaisySeed/DaisyExamples/libDaisy/src/sys/system.h ****  ** @author shensley
  16:../../DaisySeed/DaisyExamples/libDaisy/src/sys/system.h ****  ** @ingroup system
  17:../../DaisySeed/DaisyExamples/libDaisy/src/sys/system.h ****  */
  18:../../DaisySeed/DaisyExamples/libDaisy/src/sys/system.h **** class System
  19:../../DaisySeed/DaisyExamples/libDaisy/src/sys/system.h **** {
  20:../../DaisySeed/DaisyExamples/libDaisy/src/sys/system.h ****   public:
  21:../../DaisySeed/DaisyExamples/libDaisy/src/sys/system.h ****     /** Contains settings for initializing the System */
  22:../../DaisySeed/DaisyExamples/libDaisy/src/sys/system.h ****     struct Config
  23:../../DaisySeed/DaisyExamples/libDaisy/src/sys/system.h ****     {
  24:../../DaisySeed/DaisyExamples/libDaisy/src/sys/system.h ****         /** Specifies the system clock frequency that feeds APB/AHB clocks, etc. */
  25:../../DaisySeed/DaisyExamples/libDaisy/src/sys/system.h ****         enum class SysClkFreq
  26:../../DaisySeed/DaisyExamples/libDaisy/src/sys/system.h ****         {
  27:../../DaisySeed/DaisyExamples/libDaisy/src/sys/system.h ****             FREQ_400MHZ,
  28:../../DaisySeed/DaisyExamples/libDaisy/src/sys/system.h ****             FREQ_480MHZ,
  29:../../DaisySeed/DaisyExamples/libDaisy/src/sys/system.h ****         };
  30:../../DaisySeed/DaisyExamples/libDaisy/src/sys/system.h **** 
  31:../../DaisySeed/DaisyExamples/libDaisy/src/sys/system.h ****         /** Method to call on the struct to set to defaults
  32:../../DaisySeed/DaisyExamples/libDaisy/src/sys/system.h ****          ** CPU Freq set to 400MHz
  33:../../DaisySeed/DaisyExamples/libDaisy/src/sys/system.h ****          ** Cache Enabled
  34:../../DaisySeed/DaisyExamples/libDaisy/src/sys/system.h ****          ** */
  35:../../DaisySeed/DaisyExamples/libDaisy/src/sys/system.h ****         void Defaults()
  36:../../DaisySeed/DaisyExamples/libDaisy/src/sys/system.h ****         {
  37:../../DaisySeed/DaisyExamples/libDaisy/src/sys/system.h ****             cpu_freq    = SysClkFreq::FREQ_400MHZ;
  38:../../DaisySeed/DaisyExamples/libDaisy/src/sys/system.h ****             use_dcache  = true;
  39:../../DaisySeed/DaisyExamples/libDaisy/src/sys/system.h ****             use_icache  = true;
  40:../../DaisySeed/DaisyExamples/libDaisy/src/sys/system.h ****             skip_clocks = false;
  41:../../DaisySeed/DaisyExamples/libDaisy/src/sys/system.h ****         }
  42:../../DaisySeed/DaisyExamples/libDaisy/src/sys/system.h **** 
  43:../../DaisySeed/DaisyExamples/libDaisy/src/sys/system.h ****         /** Method to call on the struct to set to boost mode:
  44:../../DaisySeed/DaisyExamples/libDaisy/src/sys/system.h ****          ** CPU Freq set to 480MHz
  45:../../DaisySeed/DaisyExamples/libDaisy/src/sys/system.h ****          ** Cache Enabled
  46:../../DaisySeed/DaisyExamples/libDaisy/src/sys/system.h ****          ** */
  47:../../DaisySeed/DaisyExamples/libDaisy/src/sys/system.h ****         void Boost()
  48:../../DaisySeed/DaisyExamples/libDaisy/src/sys/system.h ****         {
  49:../../DaisySeed/DaisyExamples/libDaisy/src/sys/system.h ****             cpu_freq    = SysClkFreq::FREQ_480MHZ;
  50:../../DaisySeed/DaisyExamples/libDaisy/src/sys/system.h ****             use_dcache  = true;
  51:../../DaisySeed/DaisyExamples/libDaisy/src/sys/system.h ****             use_icache  = true;
  52:../../DaisySeed/DaisyExamples/libDaisy/src/sys/system.h ****             skip_clocks = false;
  53:../../DaisySeed/DaisyExamples/libDaisy/src/sys/system.h ****         }
  54:../../DaisySeed/DaisyExamples/libDaisy/src/sys/system.h **** 
  55:../../DaisySeed/DaisyExamples/libDaisy/src/sys/system.h ****         SysClkFreq cpu_freq;
  56:../../DaisySeed/DaisyExamples/libDaisy/src/sys/system.h ****         bool       use_dcache;
ARM GAS  /var/folders/0b/4qn_4lxx65nfvy4wf60ckd5w0000gn/T//ccwEFg80.s 			page 3


  57:../../DaisySeed/DaisyExamples/libDaisy/src/sys/system.h ****         bool       use_icache;
  58:../../DaisySeed/DaisyExamples/libDaisy/src/sys/system.h ****         bool       skip_clocks;
  59:../../DaisySeed/DaisyExamples/libDaisy/src/sys/system.h ****     };
  60:../../DaisySeed/DaisyExamples/libDaisy/src/sys/system.h **** 
  61:../../DaisySeed/DaisyExamples/libDaisy/src/sys/system.h ****     /** Describes the different regions of memory available to the Daisy */
  62:../../DaisySeed/DaisyExamples/libDaisy/src/sys/system.h ****     enum MemoryRegion
  63:../../DaisySeed/DaisyExamples/libDaisy/src/sys/system.h ****     {
  64:../../DaisySeed/DaisyExamples/libDaisy/src/sys/system.h ****         INTERNAL_FLASH = 0,
  65:../../DaisySeed/DaisyExamples/libDaisy/src/sys/system.h ****         ITCMRAM,
  66:../../DaisySeed/DaisyExamples/libDaisy/src/sys/system.h ****         DTCMRAM,
  67:../../DaisySeed/DaisyExamples/libDaisy/src/sys/system.h ****         SRAM_D1,
  68:../../DaisySeed/DaisyExamples/libDaisy/src/sys/system.h ****         SRAM_D2,
  69:../../DaisySeed/DaisyExamples/libDaisy/src/sys/system.h ****         SRAM_D3,
  70:../../DaisySeed/DaisyExamples/libDaisy/src/sys/system.h ****         SDRAM,
  71:../../DaisySeed/DaisyExamples/libDaisy/src/sys/system.h ****         QSPI,
  72:../../DaisySeed/DaisyExamples/libDaisy/src/sys/system.h ****         INVALID_ADDRESS,
  73:../../DaisySeed/DaisyExamples/libDaisy/src/sys/system.h ****     };
  74:../../DaisySeed/DaisyExamples/libDaisy/src/sys/system.h **** 
  75:../../DaisySeed/DaisyExamples/libDaisy/src/sys/system.h ****     /** Bootloader struct for controlling bootloading parameters */
  76:../../DaisySeed/DaisyExamples/libDaisy/src/sys/system.h ****     struct BootInfo
  77:../../DaisySeed/DaisyExamples/libDaisy/src/sys/system.h ****     {
  78:../../DaisySeed/DaisyExamples/libDaisy/src/sys/system.h ****         enum class Type : uint32_t
  79:../../DaisySeed/DaisyExamples/libDaisy/src/sys/system.h ****         {
  80:../../DaisySeed/DaisyExamples/libDaisy/src/sys/system.h ****             INVALID      = 0x00000000,
  81:../../DaisySeed/DaisyExamples/libDaisy/src/sys/system.h ****             JUMP         = 0xDEADBEEF,
  82:../../DaisySeed/DaisyExamples/libDaisy/src/sys/system.h ****             SKIP_TIMEOUT = 0x5AFEB007,
  83:../../DaisySeed/DaisyExamples/libDaisy/src/sys/system.h ****             INF_TIMEOUT  = 0xB0074EFA,
  84:../../DaisySeed/DaisyExamples/libDaisy/src/sys/system.h ****         } status;
  85:../../DaisySeed/DaisyExamples/libDaisy/src/sys/system.h ****         uint32_t data;
  86:../../DaisySeed/DaisyExamples/libDaisy/src/sys/system.h ****         enum class Version : uint32_t
  87:../../DaisySeed/DaisyExamples/libDaisy/src/sys/system.h ****         {
  88:../../DaisySeed/DaisyExamples/libDaisy/src/sys/system.h ****             LT_v6_0 = 0, // Less than v6.0
  89:../../DaisySeed/DaisyExamples/libDaisy/src/sys/system.h ****             NONE,        // No bootloader present
  90:../../DaisySeed/DaisyExamples/libDaisy/src/sys/system.h ****             v6_0,        // v6.0
  91:../../DaisySeed/DaisyExamples/libDaisy/src/sys/system.h ****             v6_1,        // v6.1 or greater
  92:../../DaisySeed/DaisyExamples/libDaisy/src/sys/system.h ****             LAST
  93:../../DaisySeed/DaisyExamples/libDaisy/src/sys/system.h ****         } version;
  94:../../DaisySeed/DaisyExamples/libDaisy/src/sys/system.h ****     };
  95:../../DaisySeed/DaisyExamples/libDaisy/src/sys/system.h **** 
  96:../../DaisySeed/DaisyExamples/libDaisy/src/sys/system.h ****     System() {}
  97:../../DaisySeed/DaisyExamples/libDaisy/src/sys/system.h ****     ~System() {}
  38              		.loc 2 97 5 view .LVU1
  39              		.loc 2 97 5 is_stmt 0 view .LVU2
  40              	.LBE170:
  41              	.LBB171:
  42              	.LBI171:
  43              		.file 3 "../../DaisySeed/DaisyExamples/libDaisy/src/hid/usb.h"
   1:../../DaisySeed/DaisyExamples/libDaisy/src/hid/usb.h **** #pragma once
   2:../../DaisySeed/DaisyExamples/libDaisy/src/hid/usb.h **** #ifndef DSY_HID_USB_H
   3:../../DaisySeed/DaisyExamples/libDaisy/src/hid/usb.h **** #define DSY_HID_USB_H
   4:../../DaisySeed/DaisyExamples/libDaisy/src/hid/usb.h **** #include <stdint.h>
   5:../../DaisySeed/DaisyExamples/libDaisy/src/hid/usb.h **** #include <stdlib.h>
   6:../../DaisySeed/DaisyExamples/libDaisy/src/hid/usb.h **** 
   7:../../DaisySeed/DaisyExamples/libDaisy/src/hid/usb.h **** namespace daisy
   8:../../DaisySeed/DaisyExamples/libDaisy/src/hid/usb.h **** /** @addtogroup human_interface
   9:../../DaisySeed/DaisyExamples/libDaisy/src/hid/usb.h ****     @{
  10:../../DaisySeed/DaisyExamples/libDaisy/src/hid/usb.h **** */
ARM GAS  /var/folders/0b/4qn_4lxx65nfvy4wf60ckd5w0000gn/T//ccwEFg80.s 			page 4


  11:../../DaisySeed/DaisyExamples/libDaisy/src/hid/usb.h **** 
  12:../../DaisySeed/DaisyExamples/libDaisy/src/hid/usb.h **** {
  13:../../DaisySeed/DaisyExamples/libDaisy/src/hid/usb.h **** /** 
  14:../../DaisySeed/DaisyExamples/libDaisy/src/hid/usb.h ****     @brief Interface for initializing and using the USB Peripherals on the daisy
  15:../../DaisySeed/DaisyExamples/libDaisy/src/hid/usb.h ****     @author Stephen Hensley
  16:../../DaisySeed/DaisyExamples/libDaisy/src/hid/usb.h ****     @date December 2019
  17:../../DaisySeed/DaisyExamples/libDaisy/src/hid/usb.h **** */
  18:../../DaisySeed/DaisyExamples/libDaisy/src/hid/usb.h **** class UsbHandle
  19:../../DaisySeed/DaisyExamples/libDaisy/src/hid/usb.h **** {
  20:../../DaisySeed/DaisyExamples/libDaisy/src/hid/usb.h ****   public:
  21:../../DaisySeed/DaisyExamples/libDaisy/src/hid/usb.h ****     /** Return values for USBHandle Functions */
  22:../../DaisySeed/DaisyExamples/libDaisy/src/hid/usb.h ****     enum class Result
  23:../../DaisySeed/DaisyExamples/libDaisy/src/hid/usb.h ****     {
  24:../../DaisySeed/DaisyExamples/libDaisy/src/hid/usb.h ****         OK,
  25:../../DaisySeed/DaisyExamples/libDaisy/src/hid/usb.h ****         ERR,
  26:../../DaisySeed/DaisyExamples/libDaisy/src/hid/usb.h ****     };
  27:../../DaisySeed/DaisyExamples/libDaisy/src/hid/usb.h **** 
  28:../../DaisySeed/DaisyExamples/libDaisy/src/hid/usb.h ****     /** Specified which of the two USB Peripherals to initialize. */
  29:../../DaisySeed/DaisyExamples/libDaisy/src/hid/usb.h ****     enum UsbPeriph
  30:../../DaisySeed/DaisyExamples/libDaisy/src/hid/usb.h ****     {
  31:../../DaisySeed/DaisyExamples/libDaisy/src/hid/usb.h ****         FS_INTERNAL, /**< Internal pin */
  32:../../DaisySeed/DaisyExamples/libDaisy/src/hid/usb.h ****         FS_EXTERNAL, /**< FS External D+ pin is Pin 38 (GPIO32). FS External D- pin is Pin 37 (GPIO
  33:../../DaisySeed/DaisyExamples/libDaisy/src/hid/usb.h ****         FS_BOTH,     /**< Both */
  34:../../DaisySeed/DaisyExamples/libDaisy/src/hid/usb.h ****     };
  35:../../DaisySeed/DaisyExamples/libDaisy/src/hid/usb.h **** 
  36:../../DaisySeed/DaisyExamples/libDaisy/src/hid/usb.h **** 
  37:../../DaisySeed/DaisyExamples/libDaisy/src/hid/usb.h ****     /** Function called upon reception of a buffer */
  38:../../DaisySeed/DaisyExamples/libDaisy/src/hid/usb.h ****     typedef void (*ReceiveCallback)(uint8_t* buff, uint32_t* len);
  39:../../DaisySeed/DaisyExamples/libDaisy/src/hid/usb.h **** 
  40:../../DaisySeed/DaisyExamples/libDaisy/src/hid/usb.h ****     UsbHandle() {}
  41:../../DaisySeed/DaisyExamples/libDaisy/src/hid/usb.h **** 
  42:../../DaisySeed/DaisyExamples/libDaisy/src/hid/usb.h ****     ~UsbHandle() {}
  44              		.loc 3 42 5 is_stmt 1 view .LVU3
  45              		.loc 3 42 5 is_stmt 0 view .LVU4
  46              	.LBE171:
  47              	.LBB172:
  48              	.LBI172:
  49              		.file 4 "../../DaisySeed/DaisyExamples/libDaisy/src/per/adc.h"
   1:../../DaisySeed/DaisyExamples/libDaisy/src/per/adc.h **** #pragma once
   2:../../DaisySeed/DaisyExamples/libDaisy/src/per/adc.h **** #ifndef DSY_ADC_H
   3:../../DaisySeed/DaisyExamples/libDaisy/src/per/adc.h **** #define DSY_ADC_H /**< Macro */
   4:../../DaisySeed/DaisyExamples/libDaisy/src/per/adc.h **** #include <stdint.h>
   5:../../DaisySeed/DaisyExamples/libDaisy/src/per/adc.h **** #include <stdlib.h>
   6:../../DaisySeed/DaisyExamples/libDaisy/src/per/adc.h **** #include "daisy_core.h"
   7:../../DaisySeed/DaisyExamples/libDaisy/src/per/adc.h **** #include "per/gpio.h"
   8:../../DaisySeed/DaisyExamples/libDaisy/src/per/adc.h **** 
   9:../../DaisySeed/DaisyExamples/libDaisy/src/per/adc.h **** #define DSY_ADC_MAX_CHANNELS 16 /**< Maximum number of ADC channels */
  10:../../DaisySeed/DaisyExamples/libDaisy/src/per/adc.h **** 
  11:../../DaisySeed/DaisyExamples/libDaisy/src/per/adc.h **** namespace daisy
  12:../../DaisySeed/DaisyExamples/libDaisy/src/per/adc.h **** {
  13:../../DaisySeed/DaisyExamples/libDaisy/src/per/adc.h **** /** @addtogroup per_analog
  14:../../DaisySeed/DaisyExamples/libDaisy/src/per/adc.h ****     @{
  15:../../DaisySeed/DaisyExamples/libDaisy/src/per/adc.h **** */
  16:../../DaisySeed/DaisyExamples/libDaisy/src/per/adc.h **** 
  17:../../DaisySeed/DaisyExamples/libDaisy/src/per/adc.h **** /* While there may not be many configuration options here,
  18:../../DaisySeed/DaisyExamples/libDaisy/src/per/adc.h **** using a struct like this allows us to add more configuration
  19:../../DaisySeed/DaisyExamples/libDaisy/src/per/adc.h **** later without breaking existing functionality.
ARM GAS  /var/folders/0b/4qn_4lxx65nfvy4wf60ckd5w0000gn/T//ccwEFg80.s 			page 5


  20:../../DaisySeed/DaisyExamples/libDaisy/src/per/adc.h **** */
  21:../../DaisySeed/DaisyExamples/libDaisy/src/per/adc.h **** 
  22:../../DaisySeed/DaisyExamples/libDaisy/src/per/adc.h **** /** @brief   Configuration Structure for an ADC Channel 
  23:../../DaisySeed/DaisyExamples/libDaisy/src/per/adc.h ****  *  @details This can be used to configure a a single input, 
  24:../../DaisySeed/DaisyExamples/libDaisy/src/per/adc.h ****  *           or a multiplexed input, allowing up to 8 inputs on 
  25:../../DaisySeed/DaisyExamples/libDaisy/src/per/adc.h ****  *           one channel.
  26:../../DaisySeed/DaisyExamples/libDaisy/src/per/adc.h ****  *  @note    Sharing data lines to multiple muxes _is_ possible, but
  27:../../DaisySeed/DaisyExamples/libDaisy/src/per/adc.h ****  *           each channel sharing data lines must be set to the maximum
  28:../../DaisySeed/DaisyExamples/libDaisy/src/per/adc.h ****  *           number of channels, even if some multiplexers have fewer
  29:../../DaisySeed/DaisyExamples/libDaisy/src/per/adc.h ****  *           inputs connected.
  30:../../DaisySeed/DaisyExamples/libDaisy/src/per/adc.h **** */
  31:../../DaisySeed/DaisyExamples/libDaisy/src/per/adc.h **** struct AdcChannelConfig
  32:../../DaisySeed/DaisyExamples/libDaisy/src/per/adc.h **** {
  33:../../DaisySeed/DaisyExamples/libDaisy/src/per/adc.h ****     /** Which pin to use for multiplexing */
  34:../../DaisySeed/DaisyExamples/libDaisy/src/per/adc.h ****     enum MuxPin
  35:../../DaisySeed/DaisyExamples/libDaisy/src/per/adc.h ****     {
  36:../../DaisySeed/DaisyExamples/libDaisy/src/per/adc.h ****         MUX_SEL_0,    /**< & */
  37:../../DaisySeed/DaisyExamples/libDaisy/src/per/adc.h ****         MUX_SEL_1,    /**< & */
  38:../../DaisySeed/DaisyExamples/libDaisy/src/per/adc.h ****         MUX_SEL_2,    /**< & */
  39:../../DaisySeed/DaisyExamples/libDaisy/src/per/adc.h ****         MUX_SEL_LAST, /**< & */
  40:../../DaisySeed/DaisyExamples/libDaisy/src/per/adc.h ****     };
  41:../../DaisySeed/DaisyExamples/libDaisy/src/per/adc.h **** 
  42:../../DaisySeed/DaisyExamples/libDaisy/src/per/adc.h ****     /** \brief per channel conversion speed added to fixed time based on bitdepth, etc. */
  43:../../DaisySeed/DaisyExamples/libDaisy/src/per/adc.h ****     enum ConversionSpeed
  44:../../DaisySeed/DaisyExamples/libDaisy/src/per/adc.h ****     {
  45:../../DaisySeed/DaisyExamples/libDaisy/src/per/adc.h ****         SPEED_1CYCLES_5,
  46:../../DaisySeed/DaisyExamples/libDaisy/src/per/adc.h ****         SPEED_2CYCLES_5,
  47:../../DaisySeed/DaisyExamples/libDaisy/src/per/adc.h ****         SPEED_8CYCLES_5,
  48:../../DaisySeed/DaisyExamples/libDaisy/src/per/adc.h ****         SPEED_16CYCLES_5,
  49:../../DaisySeed/DaisyExamples/libDaisy/src/per/adc.h ****         SPEED_32CYCLES_5,
  50:../../DaisySeed/DaisyExamples/libDaisy/src/per/adc.h ****         SPEED_64CYCLES_5,
  51:../../DaisySeed/DaisyExamples/libDaisy/src/per/adc.h ****         SPEED_387CYCLES_5,
  52:../../DaisySeed/DaisyExamples/libDaisy/src/per/adc.h ****         SPEED_810CYCLES_5,
  53:../../DaisySeed/DaisyExamples/libDaisy/src/per/adc.h ****     };
  54:../../DaisySeed/DaisyExamples/libDaisy/src/per/adc.h **** 
  55:../../DaisySeed/DaisyExamples/libDaisy/src/per/adc.h ****     /** Initializes a single ADC pin as an ADC. 
  56:../../DaisySeed/DaisyExamples/libDaisy/src/per/adc.h ****     \param pin Pin to init.
  57:../../DaisySeed/DaisyExamples/libDaisy/src/per/adc.h ****     \param speed conversion speed for this pin defaults to 8.5 cycles
  58:../../DaisySeed/DaisyExamples/libDaisy/src/per/adc.h ****      */
  59:../../DaisySeed/DaisyExamples/libDaisy/src/per/adc.h ****     void InitSingle(dsy_gpio_pin pin, ConversionSpeed speed = SPEED_8CYCLES_5);
  60:../../DaisySeed/DaisyExamples/libDaisy/src/per/adc.h **** 
  61:../../DaisySeed/DaisyExamples/libDaisy/src/per/adc.h ****     /** 
  62:../../DaisySeed/DaisyExamples/libDaisy/src/per/adc.h ****     Initializes a single ADC pin as a Multiplexed ADC.
  63:../../DaisySeed/DaisyExamples/libDaisy/src/per/adc.h ****     Requires a CD405X Multiplexer connected to the pin.
  64:../../DaisySeed/DaisyExamples/libDaisy/src/per/adc.h ****     You only need to supply the mux pins that are required,
  65:../../DaisySeed/DaisyExamples/libDaisy/src/per/adc.h ****     e.g. a 4052 mux would only require mux_0 and mux_1.
  66:../../DaisySeed/DaisyExamples/libDaisy/src/per/adc.h ****     Internal Callbacks handle the pin addressing.
  67:../../DaisySeed/DaisyExamples/libDaisy/src/per/adc.h ****     \param adc_pin &
  68:../../DaisySeed/DaisyExamples/libDaisy/src/per/adc.h ****     \param mux_channels must be 1-8
  69:../../DaisySeed/DaisyExamples/libDaisy/src/per/adc.h ****     \param mux_0 First mux pin
  70:../../DaisySeed/DaisyExamples/libDaisy/src/per/adc.h ****     \param mux_1 Second mux pin
  71:../../DaisySeed/DaisyExamples/libDaisy/src/per/adc.h ****     \param mux_2 Third mux pin
  72:../../DaisySeed/DaisyExamples/libDaisy/src/per/adc.h ****     \param speed conversion speed for this pin defaults to 8.5 cycles
  73:../../DaisySeed/DaisyExamples/libDaisy/src/per/adc.h ****     */
  74:../../DaisySeed/DaisyExamples/libDaisy/src/per/adc.h ****     void InitMux(dsy_gpio_pin    adc_pin,
  75:../../DaisySeed/DaisyExamples/libDaisy/src/per/adc.h ****                  size_t          mux_channels,
  76:../../DaisySeed/DaisyExamples/libDaisy/src/per/adc.h ****                  dsy_gpio_pin    mux_0,
ARM GAS  /var/folders/0b/4qn_4lxx65nfvy4wf60ckd5w0000gn/T//ccwEFg80.s 			page 6


  77:../../DaisySeed/DaisyExamples/libDaisy/src/per/adc.h ****                  dsy_gpio_pin    mux_1 = {DSY_GPIOX, 0},
  78:../../DaisySeed/DaisyExamples/libDaisy/src/per/adc.h ****                  dsy_gpio_pin    mux_2 = {DSY_GPIOX, 0},
  79:../../DaisySeed/DaisyExamples/libDaisy/src/per/adc.h ****                  ConversionSpeed speed = SPEED_8CYCLES_5);
  80:../../DaisySeed/DaisyExamples/libDaisy/src/per/adc.h **** 
  81:../../DaisySeed/DaisyExamples/libDaisy/src/per/adc.h ****     dsy_gpio        pin_;                   /**< & */
  82:../../DaisySeed/DaisyExamples/libDaisy/src/per/adc.h ****     dsy_gpio        mux_pin_[MUX_SEL_LAST]; /**< & */
  83:../../DaisySeed/DaisyExamples/libDaisy/src/per/adc.h ****     uint8_t         mux_channels_;          /**< & */
  84:../../DaisySeed/DaisyExamples/libDaisy/src/per/adc.h ****     ConversionSpeed speed_;
  85:../../DaisySeed/DaisyExamples/libDaisy/src/per/adc.h **** };
  86:../../DaisySeed/DaisyExamples/libDaisy/src/per/adc.h **** 
  87:../../DaisySeed/DaisyExamples/libDaisy/src/per/adc.h **** /**
  88:../../DaisySeed/DaisyExamples/libDaisy/src/per/adc.h ****    @brief Handler for analog to digital conversion
  89:../../DaisySeed/DaisyExamples/libDaisy/src/per/adc.h **** */
  90:../../DaisySeed/DaisyExamples/libDaisy/src/per/adc.h **** class AdcHandle
  91:../../DaisySeed/DaisyExamples/libDaisy/src/per/adc.h **** {
  92:../../DaisySeed/DaisyExamples/libDaisy/src/per/adc.h ****   public:
  93:../../DaisySeed/DaisyExamples/libDaisy/src/per/adc.h ****     /** Supported oversampling amounts */
  94:../../DaisySeed/DaisyExamples/libDaisy/src/per/adc.h ****     enum OverSampling
  95:../../DaisySeed/DaisyExamples/libDaisy/src/per/adc.h ****     {
  96:../../DaisySeed/DaisyExamples/libDaisy/src/per/adc.h ****         OVS_NONE, /**< & */
  97:../../DaisySeed/DaisyExamples/libDaisy/src/per/adc.h ****         OVS_4,    /**< & */
  98:../../DaisySeed/DaisyExamples/libDaisy/src/per/adc.h ****         OVS_8,    /**< & */
  99:../../DaisySeed/DaisyExamples/libDaisy/src/per/adc.h ****         OVS_16,   /**< & */
 100:../../DaisySeed/DaisyExamples/libDaisy/src/per/adc.h ****         OVS_32,   /**< & */
 101:../../DaisySeed/DaisyExamples/libDaisy/src/per/adc.h ****         OVS_64,   /**< & */
 102:../../DaisySeed/DaisyExamples/libDaisy/src/per/adc.h ****         OVS_128,  /**< & */
 103:../../DaisySeed/DaisyExamples/libDaisy/src/per/adc.h ****         OVS_256,  /**< & */
 104:../../DaisySeed/DaisyExamples/libDaisy/src/per/adc.h ****         OVS_512,  /**< & */
 105:../../DaisySeed/DaisyExamples/libDaisy/src/per/adc.h ****         OVS_1024, /**< & */
 106:../../DaisySeed/DaisyExamples/libDaisy/src/per/adc.h ****         OVS_LAST, /**< & */
 107:../../DaisySeed/DaisyExamples/libDaisy/src/per/adc.h ****     };
 108:../../DaisySeed/DaisyExamples/libDaisy/src/per/adc.h **** 
 109:../../DaisySeed/DaisyExamples/libDaisy/src/per/adc.h ****     AdcHandle() {}
 110:../../DaisySeed/DaisyExamples/libDaisy/src/per/adc.h ****     ~AdcHandle() {}
  50              		.loc 4 110 5 is_stmt 1 view .LVU5
  51              		.loc 4 110 5 is_stmt 0 view .LVU6
  52              	.LBE172:
  53              	.LBB173:
  54              	.LBI173:
  55              		.file 5 "../../DaisySeed/DaisyExamples/libDaisy/src/hid/audio.h"
   1:../../DaisySeed/DaisyExamples/libDaisy/src/hid/audio.h **** #ifndef DSY_AUDIO_H
   2:../../DaisySeed/DaisyExamples/libDaisy/src/hid/audio.h **** #define DSY_AUDIO_H /**< & */
   3:../../DaisySeed/DaisyExamples/libDaisy/src/hid/audio.h **** 
   4:../../DaisySeed/DaisyExamples/libDaisy/src/hid/audio.h **** #include "per/sai.h"
   5:../../DaisySeed/DaisyExamples/libDaisy/src/hid/audio.h **** 
   6:../../DaisySeed/DaisyExamples/libDaisy/src/hid/audio.h **** namespace daisy
   7:../../DaisySeed/DaisyExamples/libDaisy/src/hid/audio.h **** {
   8:../../DaisySeed/DaisyExamples/libDaisy/src/hid/audio.h **** /** @brief Audio Engine Handle
   9:../../DaisySeed/DaisyExamples/libDaisy/src/hid/audio.h ****  *  @ingroup audio 
  10:../../DaisySeed/DaisyExamples/libDaisy/src/hid/audio.h ****  *  @details This class allows for higher level access to an audio engine.
  11:../../DaisySeed/DaisyExamples/libDaisy/src/hid/audio.h ****  *           If you're using a SOM like the DaisySeed or DaisyPatchSM (or any 
  12:../../DaisySeed/DaisyExamples/libDaisy/src/hid/audio.h ****  *            board that includes one of those objects) then the intialization
  13:../../DaisySeed/DaisyExamples/libDaisy/src/hid/audio.h ****  *            is already taken  care of.
  14:../../DaisySeed/DaisyExamples/libDaisy/src/hid/audio.h ****  *           If you're setting up your own custom hardware, or need to make changes
  15:../../DaisySeed/DaisyExamples/libDaisy/src/hid/audio.h ****  *           you will have to take the following steps:
  16:../../DaisySeed/DaisyExamples/libDaisy/src/hid/audio.h ****  *             1. Create and Initialize an SaiHandle or two depending on your requirements
  17:../../DaisySeed/DaisyExamples/libDaisy/src/hid/audio.h ****  *             2. Initialize the Audio Handle with the desired settings and the Initialized SaiHand
ARM GAS  /var/folders/0b/4qn_4lxx65nfvy4wf60ckd5w0000gn/T//ccwEFg80.s 			page 7


  18:../../DaisySeed/DaisyExamples/libDaisy/src/hid/audio.h ****  *             3. If the connected codec requires special configuration or initialization, do so
  19:../../DaisySeed/DaisyExamples/libDaisy/src/hid/audio.h ****  *             4. Write a callback method using either the AudioCallback or the InterleavingAudioCa
  20:../../DaisySeed/DaisyExamples/libDaisy/src/hid/audio.h ****  *             5. Start the Audio using one of the StartAudio function
  21:../../DaisySeed/DaisyExamples/libDaisy/src/hid/audio.h ****  */
  22:../../DaisySeed/DaisyExamples/libDaisy/src/hid/audio.h **** class AudioHandle
  23:../../DaisySeed/DaisyExamples/libDaisy/src/hid/audio.h **** {
  24:../../DaisySeed/DaisyExamples/libDaisy/src/hid/audio.h ****   public:
  25:../../DaisySeed/DaisyExamples/libDaisy/src/hid/audio.h ****     /** Manually configurable details about the Audio Engine */
  26:../../DaisySeed/DaisyExamples/libDaisy/src/hid/audio.h ****     /** TODO: Figure out how to get samplerate in here. */
  27:../../DaisySeed/DaisyExamples/libDaisy/src/hid/audio.h ****     struct Config
  28:../../DaisySeed/DaisyExamples/libDaisy/src/hid/audio.h ****     {
  29:../../DaisySeed/DaisyExamples/libDaisy/src/hid/audio.h ****         /** number of samples to process per callback */
  30:../../DaisySeed/DaisyExamples/libDaisy/src/hid/audio.h ****         size_t blocksize;
  31:../../DaisySeed/DaisyExamples/libDaisy/src/hid/audio.h **** 
  32:../../DaisySeed/DaisyExamples/libDaisy/src/hid/audio.h ****         /**< Sample rate of audio */
  33:../../DaisySeed/DaisyExamples/libDaisy/src/hid/audio.h ****         SaiHandle::Config::SampleRate samplerate;
  34:../../DaisySeed/DaisyExamples/libDaisy/src/hid/audio.h **** 
  35:../../DaisySeed/DaisyExamples/libDaisy/src/hid/audio.h ****         /** factor for adjustment before and after callback for hardware that may have extra headro
  36:../../DaisySeed/DaisyExamples/libDaisy/src/hid/audio.h ****         float postgain;
  37:../../DaisySeed/DaisyExamples/libDaisy/src/hid/audio.h **** 
  38:../../DaisySeed/DaisyExamples/libDaisy/src/hid/audio.h ****         /** factor for additional one-sided compensation to audio path for hardware that may
  39:../../DaisySeed/DaisyExamples/libDaisy/src/hid/audio.h ****          *  have unequal input/output ranges
  40:../../DaisySeed/DaisyExamples/libDaisy/src/hid/audio.h ****          */
  41:../../DaisySeed/DaisyExamples/libDaisy/src/hid/audio.h ****         float output_compensation;
  42:../../DaisySeed/DaisyExamples/libDaisy/src/hid/audio.h **** 
  43:../../DaisySeed/DaisyExamples/libDaisy/src/hid/audio.h ****         /** Sets default values for config struct */
  44:../../DaisySeed/DaisyExamples/libDaisy/src/hid/audio.h ****         Config()
  45:../../DaisySeed/DaisyExamples/libDaisy/src/hid/audio.h ****         : blocksize(48),
  46:../../DaisySeed/DaisyExamples/libDaisy/src/hid/audio.h ****           samplerate(SaiHandle::Config::SampleRate::SAI_48KHZ),
  47:../../DaisySeed/DaisyExamples/libDaisy/src/hid/audio.h ****           postgain(1.f),
  48:../../DaisySeed/DaisyExamples/libDaisy/src/hid/audio.h ****           output_compensation(1.f)
  49:../../DaisySeed/DaisyExamples/libDaisy/src/hid/audio.h ****         {
  50:../../DaisySeed/DaisyExamples/libDaisy/src/hid/audio.h ****         }
  51:../../DaisySeed/DaisyExamples/libDaisy/src/hid/audio.h ****     };
  52:../../DaisySeed/DaisyExamples/libDaisy/src/hid/audio.h **** 
  53:../../DaisySeed/DaisyExamples/libDaisy/src/hid/audio.h ****     enum class Result
  54:../../DaisySeed/DaisyExamples/libDaisy/src/hid/audio.h ****     {
  55:../../DaisySeed/DaisyExamples/libDaisy/src/hid/audio.h ****         OK,
  56:../../DaisySeed/DaisyExamples/libDaisy/src/hid/audio.h ****         ERR,
  57:../../DaisySeed/DaisyExamples/libDaisy/src/hid/audio.h ****     };
  58:../../DaisySeed/DaisyExamples/libDaisy/src/hid/audio.h **** 
  59:../../DaisySeed/DaisyExamples/libDaisy/src/hid/audio.h ****     /** Non-Interleaving input buffer
  60:../../DaisySeed/DaisyExamples/libDaisy/src/hid/audio.h ****      * Buffer arranged by float[chn][sample] 
  61:../../DaisySeed/DaisyExamples/libDaisy/src/hid/audio.h ****      * const so that the user can't modify the input
  62:../../DaisySeed/DaisyExamples/libDaisy/src/hid/audio.h ****      */
  63:../../DaisySeed/DaisyExamples/libDaisy/src/hid/audio.h ****     typedef const float* const* InputBuffer;
  64:../../DaisySeed/DaisyExamples/libDaisy/src/hid/audio.h **** 
  65:../../DaisySeed/DaisyExamples/libDaisy/src/hid/audio.h ****     /** Non-Interleaving output buffer
  66:../../DaisySeed/DaisyExamples/libDaisy/src/hid/audio.h ****      * Arranged by float[chn][sample] 
  67:../../DaisySeed/DaisyExamples/libDaisy/src/hid/audio.h ****      */
  68:../../DaisySeed/DaisyExamples/libDaisy/src/hid/audio.h ****     typedef float** OutputBuffer;
  69:../../DaisySeed/DaisyExamples/libDaisy/src/hid/audio.h **** 
  70:../../DaisySeed/DaisyExamples/libDaisy/src/hid/audio.h ****     /** Type for a Non-Interleaving audio callback 
  71:../../DaisySeed/DaisyExamples/libDaisy/src/hid/audio.h ****      * Non-Interleaving audio callbacks in daisy will be of this type
  72:../../DaisySeed/DaisyExamples/libDaisy/src/hid/audio.h ****      */
  73:../../DaisySeed/DaisyExamples/libDaisy/src/hid/audio.h ****     typedef void (*AudioCallback)(InputBuffer  in,
  74:../../DaisySeed/DaisyExamples/libDaisy/src/hid/audio.h ****                                   OutputBuffer out,
ARM GAS  /var/folders/0b/4qn_4lxx65nfvy4wf60ckd5w0000gn/T//ccwEFg80.s 			page 8


  75:../../DaisySeed/DaisyExamples/libDaisy/src/hid/audio.h ****                                   size_t       size);
  76:../../DaisySeed/DaisyExamples/libDaisy/src/hid/audio.h **** 
  77:../../DaisySeed/DaisyExamples/libDaisy/src/hid/audio.h ****     /** Interleaving Input buffer
  78:../../DaisySeed/DaisyExamples/libDaisy/src/hid/audio.h ****      ** audio is prepared as { L0, R0, L1, R1, . . . LN, RN }]
  79:../../DaisySeed/DaisyExamples/libDaisy/src/hid/audio.h ****      ** this is const, as the user shouldn't modify it
  80:../../DaisySeed/DaisyExamples/libDaisy/src/hid/audio.h ****     */
  81:../../DaisySeed/DaisyExamples/libDaisy/src/hid/audio.h ****     typedef const float* InterleavingInputBuffer;
  82:../../DaisySeed/DaisyExamples/libDaisy/src/hid/audio.h **** 
  83:../../DaisySeed/DaisyExamples/libDaisy/src/hid/audio.h ****     /** Interleaving Output buffer 
  84:../../DaisySeed/DaisyExamples/libDaisy/src/hid/audio.h ****      ** audio is prepared as { L0, R0, L1, R1, . . . LN, RN }
  85:../../DaisySeed/DaisyExamples/libDaisy/src/hid/audio.h ****     */
  86:../../DaisySeed/DaisyExamples/libDaisy/src/hid/audio.h ****     typedef float* InterleavingOutputBuffer;
  87:../../DaisySeed/DaisyExamples/libDaisy/src/hid/audio.h **** 
  88:../../DaisySeed/DaisyExamples/libDaisy/src/hid/audio.h ****     /** Interleaving Audio Callback 
  89:../../DaisySeed/DaisyExamples/libDaisy/src/hid/audio.h ****      * Interleaving audio callbacks in daisy must be of this type
  90:../../DaisySeed/DaisyExamples/libDaisy/src/hid/audio.h ****      */
  91:../../DaisySeed/DaisyExamples/libDaisy/src/hid/audio.h ****     typedef void (*InterleavingAudioCallback)(InterleavingInputBuffer  in,
  92:../../DaisySeed/DaisyExamples/libDaisy/src/hid/audio.h ****                                               InterleavingOutputBuffer out,
  93:../../DaisySeed/DaisyExamples/libDaisy/src/hid/audio.h ****                                               size_t                   size);
  94:../../DaisySeed/DaisyExamples/libDaisy/src/hid/audio.h **** 
  95:../../DaisySeed/DaisyExamples/libDaisy/src/hid/audio.h ****     AudioHandle() : pimpl_(nullptr) {}
  96:../../DaisySeed/DaisyExamples/libDaisy/src/hid/audio.h ****     ~AudioHandle() {}
  56              		.loc 5 96 5 is_stmt 1 view .LVU7
  57              		.loc 5 96 5 is_stmt 0 view .LVU8
  58              	.LBE173:
  59              		.loc 1 22 19 view .LVU9
  60 0000 7047     		bx	lr
  61              		.cfi_endproc
  62              	.LFE4477:
  64              		.weak	_ZN5daisy9DaisySeedD1Ev
  65              		.thumb_set _ZN5daisy9DaisySeedD1Ev,_ZN5daisy9DaisySeedD2Ev
  66 0002 00BF     		.section	.text._Z9GPIO_Initv,"ax",%progbits
  67              		.align	1
  68              		.p2align 2,,3
  69              		.global	_Z9GPIO_Initv
  70              		.syntax unified
  71              		.thumb
  72              		.thumb_func
  74              	_Z9GPIO_Initv:
  75              	.LFB4482:
  76              		.file 6 "main.cpp"
   1:main.cpp      **** /* ----- UNCOMMENT DEBUG TO ENABLE DEBUGGING IN ONE GO!             ----- */
   2:main.cpp      **** // #define DEBUG
   3:main.cpp      **** 
   4:main.cpp      **** /* ----- Standard library includes                                  ----- */
   5:main.cpp      **** #include "math.h"
   6:main.cpp      **** 
   7:main.cpp      **** /* ----- TFT screen library includes                                ----- */
   8:main.cpp      **** #include "touchscreen/ili9341.hpp"
   9:main.cpp      **** #include "touchscreen/fonts.h"
  10:main.cpp      **** #include "touchscreen/ft6206.hpp"
  11:main.cpp      **** 
  12:main.cpp      **** /* ----- libDaisy includes                                          ----- */
  13:main.cpp      **** #include "daisy_seed.h"
  14:main.cpp      **** #include "per/spi.h"
  15:main.cpp      **** #include "per/i2c.h"
  16:main.cpp      **** // #include "per/qspi.h"
ARM GAS  /var/folders/0b/4qn_4lxx65nfvy4wf60ckd5w0000gn/T//ccwEFg80.s 			page 9


  17:main.cpp      **** 
  18:main.cpp      **** using namespace daisy;          // For hardware device handles; SPI, I2C, DaisySeed, etc.
  19:main.cpp      **** using namespace daisy::seed;    // For GPIO pins; D1, D2, D3, etc.
  20:main.cpp      **** 
  21:main.cpp      **** DaisySeed hw;
  22:main.cpp      **** 
  23:main.cpp      **** /* ----- GPIO for Adafruit TFT                                      ----- */
  24:main.cpp      **** GPIO gpio_dc;   // SPI
  25:main.cpp      **** GPIO gpio_res;  // SPI
  26:main.cpp      **** GPIO gpio_cs;   // SPI
  27:main.cpp      **** GPIO gpio_irq;  // I2C
  28:main.cpp      **** 
  29:main.cpp      **** void GPIO_Init(void) {
  77              		.loc 6 29 22 is_stmt 1 view -0
  78              		.cfi_startproc
  79              		@ args = 0, pretend = 0, frame = 0
  80              		@ frame_needed = 0, uses_anonymous_args = 0
  30:main.cpp      ****     gpio_dc.Init(D5, GPIO::Mode::OUTPUT);           // pin 6  D5    PORTD GPIO_PIN_2
  81              		.loc 6 30 5 view .LVU11
  29:main.cpp      ****     gpio_dc.Init(D5, GPIO::Mode::OUTPUT);           // pin 6  D5    PORTD GPIO_PIN_2
  82              		.loc 6 29 22 is_stmt 0 view .LVU12
  83 0000 10B5     		push	{r4, lr}
  84              		.cfi_def_cfa_offset 8
  85              		.cfi_offset 4, -8
  86              		.cfi_offset 14, -4
  87              		.loc 6 30 17 view .LVU13
  88 0002 1249     		ldr	r1, .L5
  29:main.cpp      ****     gpio_dc.Init(D5, GPIO::Mode::OUTPUT);           // pin 6  D5    PORTD GPIO_PIN_2
  89              		.loc 6 29 22 view .LVU14
  90 0004 82B0     		sub	sp, sp, #8
  91              		.cfi_def_cfa_offset 16
  92              		.loc 6 30 17 view .LVU15
  93 0006 0024     		movs	r4, #0
  94 0008 0122     		movs	r2, #1
  95 000a 1148     		ldr	r0, .L5+4
  96 000c 2346     		mov	r3, r4
  97 000e 0968     		ldr	r1, [r1]
  98 0010 0094     		str	r4, [sp]
  99 0012 FFF7FEFF 		bl	_ZN5daisy4GPIO4InitENS_3PinENS0_4ModeENS0_4PullENS0_5SpeedE
 100              	.LVL1:
  31:main.cpp      ****     gpio_res.Init(D6, GPIO::Mode::OUTPUT);          // pin 7  D6    PORTC GPIO_PIN_12
 101              		.loc 6 31 5 is_stmt 1 view .LVU16
 102              		.loc 6 31 18 is_stmt 0 view .LVU17
 103 0016 0F49     		ldr	r1, .L5+8
 104 0018 2346     		mov	r3, r4
 105 001a 0122     		movs	r2, #1
 106 001c 0968     		ldr	r1, [r1]
 107 001e 0E48     		ldr	r0, .L5+12
 108 0020 0094     		str	r4, [sp]
 109 0022 FFF7FEFF 		bl	_ZN5daisy4GPIO4InitENS_3PinENS0_4ModeENS0_4PullENS0_5SpeedE
 110              	.LVL2:
  32:main.cpp      ****     gpio_cs.Init(D7, GPIO::Mode::OUTPUT);           // pin 8  D7    PORTG GPIO_PIN_10
 111              		.loc 6 32 5 is_stmt 1 view .LVU18
 112              		.loc 6 32 17 is_stmt 0 view .LVU19
 113 0026 0D49     		ldr	r1, .L5+16
 114 0028 2346     		mov	r3, r4
 115 002a 0122     		movs	r2, #1
ARM GAS  /var/folders/0b/4qn_4lxx65nfvy4wf60ckd5w0000gn/T//ccwEFg80.s 			page 10


 116 002c 0968     		ldr	r1, [r1]
 117 002e 0C48     		ldr	r0, .L5+20
 118 0030 0094     		str	r4, [sp]
 119 0032 FFF7FEFF 		bl	_ZN5daisy4GPIO4InitENS_3PinENS0_4ModeENS0_4PullENS0_5SpeedE
 120              	.LVL3:
  33:main.cpp      ****     gpio_irq.Init(D13, GPIO::Mode::INPUT);          // pin 14 D13   PORTB GPIO_PIN_6
 121              		.loc 6 33 5 is_stmt 1 view .LVU20
 122              		.loc 6 33 18 is_stmt 0 view .LVU21
 123 0036 0B49     		ldr	r1, .L5+24
 124 0038 2346     		mov	r3, r4
 125 003a 2246     		mov	r2, r4
 126 003c 0968     		ldr	r1, [r1]
 127 003e 0A48     		ldr	r0, .L5+28
 128 0040 0094     		str	r4, [sp]
 129 0042 FFF7FEFF 		bl	_ZN5daisy4GPIO4InitENS_3PinENS0_4ModeENS0_4PullENS0_5SpeedE
 130              	.LVL4:
  34:main.cpp      **** }
 131              		.loc 6 34 1 view .LVU22
 132 0046 02B0     		add	sp, sp, #8
 133              		.cfi_def_cfa_offset 8
 134              		@ sp needed
 135 0048 10BD     		pop	{r4, pc}
 136              	.L6:
 137 004a 00BF     		.align	2
 138              	.L5:
 139 004c 00000000 		.word	.LANCHOR0
 140 0050 00000000 		.word	.LANCHOR1
 141 0054 00000000 		.word	.LANCHOR2
 142 0058 00000000 		.word	.LANCHOR3
 143 005c 00000000 		.word	.LANCHOR4
 144 0060 00000000 		.word	.LANCHOR5
 145 0064 00000000 		.word	.LANCHOR6
 146 0068 00000000 		.word	.LANCHOR7
 147              		.cfi_endproc
 148              	.LFE4482:
 150              		.section	.text._Z8SPI_Initv,"ax",%progbits
 151              		.align	1
 152              		.p2align 2,,3
 153              		.global	_Z8SPI_Initv
 154              		.syntax unified
 155              		.thumb
 156              		.thumb_func
 158              	_Z8SPI_Initv:
 159              	.LFB4483:
  35:main.cpp      **** 
  36:main.cpp      **** /* ----- SPI for ILI9341 screen; I2C for FT6206 touch controller    ----- */
  37:main.cpp      **** SpiHandle            spi_handle;
  38:main.cpp      **** SpiHandle::Config    spi_conf;
  39:main.cpp      **** I2CHandle            i2c_handle;
  40:main.cpp      **** I2CHandle::Config    i2c_conf;
  41:main.cpp      **** 
  42:main.cpp      **** void SPI_Init(void) {
 160              		.loc 6 42 21 is_stmt 1 view -0
 161              		.cfi_startproc
 162              		@ args = 0, pretend = 0, frame = 0
 163              		@ frame_needed = 0, uses_anonymous_args = 0
 164              		@ link register save eliminated.
ARM GAS  /var/folders/0b/4qn_4lxx65nfvy4wf60ckd5w0000gn/T//ccwEFg80.s 			page 11


  43:main.cpp      ****     spi_conf.periph          = SpiHandle::Config::Peripheral::SPI_1;
 165              		.loc 6 43 5 view .LVU24
 166              		.loc 6 43 30 is_stmt 0 view .LVU25
 167 0000 0B49     		ldr	r1, .L8
  44:main.cpp      ****     spi_conf.mode            = SpiHandle::Config::Mode::MASTER;
  45:main.cpp      ****     spi_conf.direction       = SpiHandle::Config::Direction::TWO_LINES;
  46:main.cpp      ****     spi_conf.clock_polarity  = SpiHandle::Config::ClockPolarity::LOW;
  47:main.cpp      ****     spi_conf.clock_phase     = SpiHandle::Config::ClockPhase::ONE_EDGE;
  48:main.cpp      ****     spi_conf.nss             = SpiHandle::Config::NSS::SOFT;
  49:main.cpp      ****     spi_conf.baud_prescaler  = SpiHandle::Config::BaudPrescaler::PS_2;
  50:main.cpp      ****     spi_conf.datasize        = 8;
 168              		.loc 6 50 30 view .LVU26
 169 0002 0820     		movs	r0, #8
  51:main.cpp      **** 
  52:main.cpp      ****     spi_conf.pin_config.sclk = {DSY_GPIOG, 11};     // pin 9  D8    PORTG GPIO_PIN_11
 170              		.loc 6 52 30 view .LVU27
 171 0004 0B4A     		ldr	r2, .L8+4
  43:main.cpp      ****     spi_conf.mode            = SpiHandle::Config::Mode::MASTER;
 172              		.loc 6 43 30 view .LVU28
 173 0006 0023     		movs	r3, #0
  50:main.cpp      **** 
 174              		.loc 6 50 30 view .LVU29
 175 0008 4861     		str	r0, [r1, #20]
  53:main.cpp      ****     spi_conf.pin_config.miso = {DSY_GPIOB,  4};     // pin 10 D9    PORTB GPIO_PIN_4
 176              		.loc 6 53 30 view .LVU30
 177 000a 9088     		ldrh	r0, [r2, #4]
  52:main.cpp      ****     spi_conf.pin_config.miso = {DSY_GPIOB,  4};     // pin 10 D9    PORTB GPIO_PIN_4
 178              		.loc 6 52 30 view .LVU31
 179 000c B2F800C0 		ldrh	ip, [r2]
  45:main.cpp      ****     spi_conf.clock_polarity  = SpiHandle::Config::ClockPolarity::LOW;
 180              		.loc 6 45 30 view .LVU32
 181 0010 0B61     		str	r3, [r1, #16]
 182              		.loc 6 53 30 view .LVU33
 183 0012 4880     		strh	r0, [r1, #2]	@ movhi
  54:main.cpp      ****     spi_conf.pin_config.mosi = {DSY_GPIOB,  5};     // pin 11 D10   PORTB GPIO_PIN_5
  55:main.cpp      **** 
  56:main.cpp      ****     spi_handle.Init(spi_conf);
 184              		.loc 6 56 20 view .LVU34
 185 0014 0848     		ldr	r0, .L8+8
  52:main.cpp      ****     spi_conf.pin_config.miso = {DSY_GPIOB,  4};     // pin 10 D9    PORTB GPIO_PIN_4
 186              		.loc 6 52 30 view .LVU35
 187 0016 A1F800C0 		strh	ip, [r1]	@ movhi
  44:main.cpp      ****     spi_conf.direction       = SpiHandle::Config::Direction::TWO_LINES;
 188              		.loc 6 44 30 view .LVU36
 189 001a C1E90233 		strd	r3, r3, [r1, #8]
  45:main.cpp      ****     spi_conf.clock_polarity  = SpiHandle::Config::ClockPolarity::LOW;
 190              		.loc 6 45 5 is_stmt 1 view .LVU37
  46:main.cpp      ****     spi_conf.clock_phase     = SpiHandle::Config::ClockPhase::ONE_EDGE;
 191              		.loc 6 46 5 view .LVU38
  47:main.cpp      ****     spi_conf.nss             = SpiHandle::Config::NSS::SOFT;
 192              		.loc 6 47 30 is_stmt 0 view .LVU39
 193 001e C1E90633 		strd	r3, r3, [r1, #24]
  48:main.cpp      ****     spi_conf.baud_prescaler  = SpiHandle::Config::BaudPrescaler::PS_2;
 194              		.loc 6 48 5 is_stmt 1 view .LVU40
  49:main.cpp      ****     spi_conf.datasize        = 8;
 195              		.loc 6 49 30 is_stmt 0 view .LVU41
 196 0022 C1E90833 		strd	r3, r3, [r1, #32]
ARM GAS  /var/folders/0b/4qn_4lxx65nfvy4wf60ckd5w0000gn/T//ccwEFg80.s 			page 12


  50:main.cpp      **** 
 197              		.loc 6 50 5 is_stmt 1 view .LVU42
  52:main.cpp      ****     spi_conf.pin_config.miso = {DSY_GPIOB,  4};     // pin 10 D9    PORTB GPIO_PIN_4
 198              		.loc 6 52 5 view .LVU43
  53:main.cpp      ****     spi_conf.pin_config.mosi = {DSY_GPIOB,  5};     // pin 11 D10   PORTB GPIO_PIN_5
 199              		.loc 6 53 5 view .LVU44
  54:main.cpp      **** 
 200              		.loc 6 54 5 view .LVU45
  54:main.cpp      **** 
 201              		.loc 6 54 30 is_stmt 0 view .LVU46
 202 0026 1389     		ldrh	r3, [r2, #8]
 203 0028 8B80     		strh	r3, [r1, #4]	@ movhi
 204              		.loc 6 56 5 is_stmt 1 view .LVU47
 205              		.loc 6 56 20 is_stmt 0 view .LVU48
 206 002a FFF7FEBF 		b	_ZN5daisy9SpiHandle4InitERKNS0_6ConfigE
 207              	.LVL5:
 208              	.L9:
 209 002e 00BF     		.align	2
 210              	.L8:
 211 0030 00000000 		.word	.LANCHOR8
 212 0034 00000000 		.word	.LANCHOR9
 213 0038 00000000 		.word	.LANCHOR10
 214              		.cfi_endproc
 215              	.LFE4483:
 217              		.section	.text._Z8I2C_Initv,"ax",%progbits
 218              		.align	1
 219              		.p2align 2,,3
 220              		.global	_Z8I2C_Initv
 221              		.syntax unified
 222              		.thumb
 223              		.thumb_func
 225              	_Z8I2C_Initv:
 226              	.LFB4484:
  57:main.cpp      **** }
  58:main.cpp      **** 
  59:main.cpp      **** void I2C_Init(void) {
 227              		.loc 6 59 21 is_stmt 1 view -0
 228              		.cfi_startproc
 229              		@ args = 0, pretend = 0, frame = 0
 230              		@ frame_needed = 0, uses_anonymous_args = 0
 231              		@ link register save eliminated.
  60:main.cpp      ****     i2c_conf.periph          = I2CHandle::Config::Peripheral::I2C_1;
 232              		.loc 6 60 5 view .LVU50
  61:main.cpp      ****     i2c_conf.speed           = I2CHandle::Config::Speed::I2C_400KHZ;
  62:main.cpp      ****     i2c_conf.mode            = I2CHandle::Config::Mode::I2C_MASTER;
  63:main.cpp      **** 
  64:main.cpp      ****     i2c_conf.pin_config.scl  = {DSY_GPIOB, 8};      // pin 12 D11   PORTB GPIO_PIN_8   
 233              		.loc 6 64 30 is_stmt 0 view .LVU51
 234 0000 084A     		ldr	r2, .L12
  60:main.cpp      ****     i2c_conf.periph          = I2CHandle::Config::Peripheral::I2C_1;
 235              		.loc 6 60 30 view .LVU52
 236 0002 0023     		movs	r3, #0
 237 0004 0849     		ldr	r1, .L12+4
 238              		.loc 6 64 30 view .LVU53
 239 0006 9089     		ldrh	r0, [r2, #12]
  65:main.cpp      ****     i2c_conf.pin_config.sda  = {DSY_GPIOB, 9};      // pin 13 D12   PORTB GPIO_PIN_9
 240              		.loc 6 65 30 view .LVU54
ARM GAS  /var/folders/0b/4qn_4lxx65nfvy4wf60ckd5w0000gn/T//ccwEFg80.s 			page 13


 241 0008 128A     		ldrh	r2, [r2, #16]
  59:main.cpp      ****     i2c_conf.periph          = I2CHandle::Config::Peripheral::I2C_1;
 242              		.loc 6 59 21 view .LVU55
 243 000a 10B4     		push	{r4}
 244              		.cfi_def_cfa_offset 4
 245              		.cfi_offset 4, -4
  61:main.cpp      ****     i2c_conf.speed           = I2CHandle::Config::Speed::I2C_400KHZ;
 246              		.loc 6 61 30 view .LVU56
 247 000c 0124     		movs	r4, #1
  64:main.cpp      ****     i2c_conf.pin_config.sda  = {DSY_GPIOB, 9};      // pin 13 D12   PORTB GPIO_PIN_9
 248              		.loc 6 64 30 view .LVU57
 249 000e 8880     		strh	r0, [r1, #4]	@ movhi
  66:main.cpp      **** 
  67:main.cpp      ****     i2c_handle.Init(i2c_conf);
 250              		.loc 6 67 20 view .LVU58
 251 0010 0648     		ldr	r0, .L12+8
  60:main.cpp      ****     i2c_conf.speed           = I2CHandle::Config::Speed::I2C_400KHZ;
 252              		.loc 6 60 30 view .LVU59
 253 0012 0B60     		str	r3, [r1]
  61:main.cpp      ****     i2c_conf.mode            = I2CHandle::Config::Mode::I2C_MASTER;
 254              		.loc 6 61 5 is_stmt 1 view .LVU60
  65:main.cpp      **** 
 255              		.loc 6 65 30 is_stmt 0 view .LVU61
 256 0014 CA80     		strh	r2, [r1, #6]	@ movhi
  62:main.cpp      **** 
 257              		.loc 6 62 30 view .LVU62
 258 0016 C1E90243 		strd	r4, r3, [r1, #8]
  64:main.cpp      ****     i2c_conf.pin_config.sda  = {DSY_GPIOB, 9};      // pin 13 D12   PORTB GPIO_PIN_9
 259              		.loc 6 64 5 is_stmt 1 view .LVU63
  65:main.cpp      **** 
 260              		.loc 6 65 5 view .LVU64
 261              		.loc 6 67 5 view .LVU65
  68:main.cpp      **** }
 262              		.loc 6 68 1 is_stmt 0 view .LVU66
 263 001a 5DF8044B 		ldr	r4, [sp], #4
 264              		.cfi_restore 4
 265              		.cfi_def_cfa_offset 0
  67:main.cpp      **** }
 266              		.loc 6 67 20 view .LVU67
 267 001e FFF7FEBF 		b	_ZN5daisy9I2CHandle4InitERKNS0_6ConfigE
 268              	.LVL6:
 269              	.L13:
 270 0022 00BF     		.align	2
 271              	.L12:
 272 0024 00000000 		.word	.LANCHOR9
 273 0028 00000000 		.word	.LANCHOR11
 274 002c 00000000 		.word	.LANCHOR12
 275              		.cfi_endproc
 276              	.LFE4484:
 278              		.section	.text.startup.main,"ax",%progbits
 279              		.align	1
 280              		.p2align 2,,3
 281              		.global	main
 282              		.syntax unified
 283              		.thumb
 284              		.thumb_func
 286              	main:
ARM GAS  /var/folders/0b/4qn_4lxx65nfvy4wf60ckd5w0000gn/T//ccwEFg80.s 			page 14


 287              	.LFB4485:
  69:main.cpp      **** 
  70:main.cpp      **** int main(void) {
 288              		.loc 6 70 16 is_stmt 1 view -0
 289              		.cfi_startproc
 290              		@ args = 0, pretend = 0, frame = 0
 291              		@ frame_needed = 0, uses_anonymous_args = 0
  71:main.cpp      **** 
  72:main.cpp      ****     hw.Init();
 292              		.loc 6 72 5 view .LVU69
 293              		.loc 6 72 12 is_stmt 0 view .LVU70
 294 0000 0021     		movs	r1, #0
 295 0002 2048     		ldr	r0, .L28
  70:main.cpp      **** 
 296              		.loc 6 70 16 view .LVU71
 297 0004 38B5     		push	{r3, r4, r5, lr}
 298              		.cfi_def_cfa_offset 16
 299              		.cfi_offset 3, -16
 300              		.cfi_offset 4, -12
 301              		.cfi_offset 5, -8
 302              		.cfi_offset 14, -4
  73:main.cpp      **** 
  74:main.cpp      ****     // QSPIHandle::Config qspi_config = {
  75:main.cpp      ****     //     .device = QSPIHandle::Config::Device::IS25LP064A,
  76:main.cpp      ****     //     .mode = QSPIHandle::Config::Mode::MEMORY_MAPPED
  77:main.cpp      ****     // };
  78:main.cpp      ****     // hw.qspi.Init(qspi_config);
  79:main.cpp      **** 
  80:main.cpp      ****     #ifdef DEBUG
  81:main.cpp      ****     hw.StartLog(true);
  82:main.cpp      ****     hw.PrintLine("=== boot complete ===");
  83:main.cpp      ****     #endif
  84:main.cpp      **** 
  85:main.cpp      ****     SPI_Init();
  86:main.cpp      ****     I2C_Init();
  87:main.cpp      **** 
  88:main.cpp      ****     #ifdef DEBUG
  89:main.cpp      ****     hw.PrintLine("=== spi/i2c init complete ===");
  90:main.cpp      ****     #endif
  91:main.cpp      **** 
  92:main.cpp      ****     GPIO_Init();
  93:main.cpp      **** 
  94:main.cpp      ****     #ifdef DEBUG
  95:main.cpp      ****     hw.PrintLine("=== gpio init complete ===");
  96:main.cpp      ****     #endif
  97:main.cpp      **** 
  98:main.cpp      ****     ILI9341_Unselect();
  99:main.cpp      ****     ILI9341_Init();
 100:main.cpp      **** 
 101:main.cpp      ****     #ifdef DEBUG
 102:main.cpp      ****     hw.PrintLine("=== ili9341 init complete ===");
 103:main.cpp      ****     #endif
 104:main.cpp      **** 
 105:main.cpp      ****     ILI9341_Select();
 106:main.cpp      ****     ILI9341_FillScreen_Raw(ILI9341_WHITE);
 107:main.cpp      ****     ILI9341_Unselect();
 108:main.cpp      **** 
ARM GAS  /var/folders/0b/4qn_4lxx65nfvy4wf60ckd5w0000gn/T//ccwEFg80.s 			page 15


 109:main.cpp      ****     #ifdef DEBUG
 110:main.cpp      ****     hw.PrintLine("=== ili9341 fill complete ===");
 111:main.cpp      ****     #endif
 112:main.cpp      **** 
 113:main.cpp      ****     ILI9341_Select();   // ← assert CS ONCE for the entire frame
 114:main.cpp      **** 
 115:main.cpp      ****     bool STATE_PRESSED = false;
 303              		.loc 6 115 10 view .LVU72
 304 0006 0D46     		mov	r5, r1
  72:main.cpp      **** 
 305              		.loc 6 72 12 view .LVU73
 306 0008 FFF7FEFF 		bl	_ZN5daisy9DaisySeed4InitEb
 307              	.LVL7:
  85:main.cpp      ****     I2C_Init();
 308              		.loc 6 85 5 is_stmt 1 view .LVU74
  85:main.cpp      ****     I2C_Init();
 309              		.loc 6 85 13 is_stmt 0 view .LVU75
 310 000c FFF7FEFF 		bl	_Z8SPI_Initv
 311              	.LVL8:
  86:main.cpp      **** 
 312              		.loc 6 86 5 is_stmt 1 view .LVU76
  86:main.cpp      **** 
 313              		.loc 6 86 13 is_stmt 0 view .LVU77
 314 0010 FFF7FEFF 		bl	_Z8I2C_Initv
 315              	.LVL9:
  92:main.cpp      **** 
 316              		.loc 6 92 5 is_stmt 1 view .LVU78
  92:main.cpp      **** 
 317              		.loc 6 92 14 is_stmt 0 view .LVU79
 318 0014 FFF7FEFF 		bl	_Z9GPIO_Initv
 319              	.LVL10:
  98:main.cpp      ****     ILI9341_Init();
 320              		.loc 6 98 5 is_stmt 1 view .LVU80
  98:main.cpp      ****     ILI9341_Init();
 321              		.loc 6 98 21 is_stmt 0 view .LVU81
 322 0018 FFF7FEFF 		bl	_Z16ILI9341_Unselectv
 323              	.LVL11:
  99:main.cpp      **** 
 324              		.loc 6 99 5 is_stmt 1 view .LVU82
  99:main.cpp      **** 
 325              		.loc 6 99 17 is_stmt 0 view .LVU83
 326 001c FFF7FEFF 		bl	_Z12ILI9341_Initv
 327              	.LVL12:
 105:main.cpp      ****     ILI9341_FillScreen_Raw(ILI9341_WHITE);
 328              		.loc 6 105 5 is_stmt 1 view .LVU84
 105:main.cpp      ****     ILI9341_FillScreen_Raw(ILI9341_WHITE);
 329              		.loc 6 105 19 is_stmt 0 view .LVU85
 330 0020 FFF7FEFF 		bl	_Z14ILI9341_Selectv
 331              	.LVL13:
 106:main.cpp      ****     ILI9341_Unselect();
 332              		.loc 6 106 5 is_stmt 1 view .LVU86
 106:main.cpp      ****     ILI9341_Unselect();
 333              		.loc 6 106 27 is_stmt 0 view .LVU87
 334 0024 4FF6FF70 		movw	r0, #65535
 335 0028 FFF7FEFF 		bl	_Z22ILI9341_FillScreen_Rawt
 336              	.LVL14:
 107:main.cpp      **** 
ARM GAS  /var/folders/0b/4qn_4lxx65nfvy4wf60ckd5w0000gn/T//ccwEFg80.s 			page 16


 337              		.loc 6 107 5 is_stmt 1 view .LVU88
 107:main.cpp      **** 
 338              		.loc 6 107 21 is_stmt 0 view .LVU89
 339 002c FFF7FEFF 		bl	_Z16ILI9341_Unselectv
 340              	.LVL15:
 113:main.cpp      **** 
 341              		.loc 6 113 5 is_stmt 1 view .LVU90
 113:main.cpp      **** 
 342              		.loc 6 113 19 is_stmt 0 view .LVU91
 343 0030 FFF7FEFF 		bl	_Z14ILI9341_Selectv
 344              	.LVL16:
 345              		.loc 6 115 5 is_stmt 1 view .LVU92
 346              		.loc 6 115 5 is_stmt 0 view .LVU93
 347 0034 0BE0     		b	.L18
 348              	.LVL17:
 349              	.L27:
 116:main.cpp      **** 
 117:main.cpp      ****     while(1) {
 118:main.cpp      ****         if(FT6206_Is_Pressed() && !STATE_PRESSED) {
 119:main.cpp      ****             ILI9341_Select();
 350              		.loc 6 119 27 view .LVU94
 351 0036 FFF7FEFF 		bl	_Z14ILI9341_Selectv
 352              	.LVL18:
 120:main.cpp      ****             ILI9341_FillScreen_Raw(ILI9341_BLACK);
 353              		.loc 6 120 13 is_stmt 1 view .LVU95
 354              		.loc 6 120 35 is_stmt 0 view .LVU96
 355 003a 2846     		mov	r0, r5
 356 003c FFF7FEFF 		bl	_Z22ILI9341_FillScreen_Rawt
 357              	.LVL19:
 121:main.cpp      ****             ILI9341_Unselect();
 358              		.loc 6 121 13 is_stmt 1 view .LVU97
 122:main.cpp      ****             STATE_PRESSED = true;
 359              		.loc 6 122 27 is_stmt 0 view .LVU98
 360 0040 2546     		mov	r5, r4
 361              	.LVL20:
 121:main.cpp      ****             ILI9341_Unselect();
 362              		.loc 6 121 29 view .LVU99
 363 0042 FFF7FEFF 		bl	_Z16ILI9341_Unselectv
 364              	.LVL21:
 365              		.loc 6 122 13 is_stmt 1 view .LVU100
 366              	.L17:
 123:main.cpp      ****         } else if (FT6206_Is_Pressed() && STATE_PRESSED) {
 124:main.cpp      ****             ILI9341_Select();
 125:main.cpp      ****             ILI9341_FillScreen_Raw(ILI9341_WHITE);
 126:main.cpp      ****             ILI9341_Unselect();
 127:main.cpp      ****             STATE_PRESSED = false;
 128:main.cpp      ****         }
 129:main.cpp      ****         hw.DelayMs(10);
 367              		.loc 6 129 9 view .LVU101
 368              		.loc 6 129 19 is_stmt 0 view .LVU102
 369 0046 0A21     		movs	r1, #10
 370 0048 0E48     		ldr	r0, .L28
 371 004a FFF7FEFF 		bl	_ZN5daisy9DaisySeed7DelayMsEj
 372              	.LVL22:
 117:main.cpp      ****         if(FT6206_Is_Pressed() && !STATE_PRESSED) {
 373              		.loc 6 117 5 is_stmt 1 view .LVU103
 374              	.L18:
ARM GAS  /var/folders/0b/4qn_4lxx65nfvy4wf60ckd5w0000gn/T//ccwEFg80.s 			page 17


 117:main.cpp      ****         if(FT6206_Is_Pressed() && !STATE_PRESSED) {
 375              		.loc 6 117 5 view .LVU104
 118:main.cpp      ****             ILI9341_Select();
 376              		.loc 6 118 9 view .LVU105
 118:main.cpp      ****             ILI9341_Select();
 377              		.loc 6 118 29 is_stmt 0 view .LVU106
 378 004e FFF7FEFF 		bl	_Z17FT6206_Is_Pressedv
 379              	.LVL23:
 118:main.cpp      ****             ILI9341_Select();
 380              		.loc 6 118 32 view .LVU107
 381 0052 0446     		mov	r4, r0
 382 0054 78B1     		cbz	r0, .L15
 119:main.cpp      ****             ILI9341_FillScreen_Raw(ILI9341_BLACK);
 383              		.loc 6 119 13 is_stmt 1 discriminator 1 view .LVU108
 123:main.cpp      ****             ILI9341_Select();
 384              		.loc 6 123 16 discriminator 1 view .LVU109
 118:main.cpp      ****             ILI9341_Select();
 385              		.loc 6 118 32 is_stmt 0 discriminator 1 view .LVU110
 386 0056 002D     		cmp	r5, #0
 387 0058 EDD0     		beq	.L27
 123:main.cpp      ****             ILI9341_Select();
 388              		.loc 6 123 37 view .LVU111
 389 005a FFF7FEFF 		bl	_Z17FT6206_Is_Pressedv
 390              	.LVL24:
 123:main.cpp      ****             ILI9341_Select();
 391              		.loc 6 123 40 view .LVU112
 392 005e 0028     		cmp	r0, #0
 393 0060 F1D0     		beq	.L17
 394              	.L19:
 124:main.cpp      ****             ILI9341_FillScreen_Raw(ILI9341_WHITE);
 395              		.loc 6 124 13 is_stmt 1 view .LVU113
 124:main.cpp      ****             ILI9341_FillScreen_Raw(ILI9341_WHITE);
 396              		.loc 6 124 27 is_stmt 0 view .LVU114
 397 0062 FFF7FEFF 		bl	_Z14ILI9341_Selectv
 398              	.LVL25:
 125:main.cpp      ****             ILI9341_Unselect();
 399              		.loc 6 125 13 is_stmt 1 view .LVU115
 125:main.cpp      ****             ILI9341_Unselect();
 400              		.loc 6 125 35 is_stmt 0 view .LVU116
 401 0066 4FF6FF70 		movw	r0, #65535
 127:main.cpp      ****         }
 402              		.loc 6 127 27 view .LVU117
 403 006a 0025     		movs	r5, #0
 404              	.LVL26:
 125:main.cpp      ****             ILI9341_Unselect();
 405              		.loc 6 125 35 view .LVU118
 406 006c FFF7FEFF 		bl	_Z22ILI9341_FillScreen_Rawt
 407              	.LVL27:
 126:main.cpp      ****             STATE_PRESSED = false;
 408              		.loc 6 126 13 is_stmt 1 view .LVU119
 126:main.cpp      ****             STATE_PRESSED = false;
 409              		.loc 6 126 29 is_stmt 0 view .LVU120
 410 0070 FFF7FEFF 		bl	_Z16ILI9341_Unselectv
 411              	.LVL28:
 127:main.cpp      ****         }
 412              		.loc 6 127 13 is_stmt 1 view .LVU121
 127:main.cpp      ****         }
ARM GAS  /var/folders/0b/4qn_4lxx65nfvy4wf60ckd5w0000gn/T//ccwEFg80.s 			page 18


 413              		.loc 6 127 13 is_stmt 0 view .LVU122
 414 0074 E7E7     		b	.L17
 415              	.LVL29:
 416              	.L15:
 123:main.cpp      ****             ILI9341_Select();
 417              		.loc 6 123 16 is_stmt 1 view .LVU123
 123:main.cpp      ****             ILI9341_Select();
 418              		.loc 6 123 37 is_stmt 0 view .LVU124
 419 0076 FFF7FEFF 		bl	_Z17FT6206_Is_Pressedv
 420              	.LVL30:
 123:main.cpp      ****             ILI9341_Select();
 421              		.loc 6 123 40 view .LVU125
 422 007a 0028     		cmp	r0, #0
 423 007c E3D0     		beq	.L17
 123:main.cpp      ****             ILI9341_Select();
 424              		.loc 6 123 40 discriminator 1 view .LVU126
 425 007e 002D     		cmp	r5, #0
 426 0080 E1D0     		beq	.L17
 427 0082 EEE7     		b	.L19
 428              	.L29:
 429              		.align	2
 430              	.L28:
 431 0084 00000000 		.word	.LANCHOR13
 432              		.cfi_endproc
 433              	.LFE4485:
 435              		.section	.text.startup._GLOBAL__sub_I_hw,"ax",%progbits
 436              		.align	1
 437              		.p2align 2,,3
 438              		.syntax unified
 439              		.thumb
 440              		.thumb_func
 442              	_GLOBAL__sub_I_hw:
 443              	.LFB4678:
 130:main.cpp      **** 
 131:main.cpp      ****     }
 132:main.cpp      ****     ILI9341_Unselect();  // ← release CS ONCE after the entire frame
 133:main.cpp      **** 
 134:main.cpp      **** }...
 444              		.loc 6 134 1 is_stmt 1 view -0
 445              		.cfi_startproc
 446              		@ args = 0, pretend = 0, frame = 0
 447              		@ frame_needed = 0, uses_anonymous_args = 0
 448              	.LBB239:
 449              	.LBI239:
 450              		.loc 6 134 1 view .LVU128
 451              	.LVL31:
 452              	.LBB240:
 453              	.LBB241:
 454              	.LBI241:
  21:../../DaisySeed/DaisyExamples/libDaisy/src/daisy_seed.h ****     ~DaisySeed() {}
 455              		.loc 1 21 5 view .LVU129
 456              	.LBB242:
 457              	.LBB243:
 458              	.LBI243:
 459              		.file 7 "../../DaisySeed/DaisyExamples/libDaisy/src/per/qspi.h"
   1:../../DaisySeed/DaisyExamples/libDaisy/src/per/qspi.h **** #ifndef DSY_QSPI
   2:../../DaisySeed/DaisyExamples/libDaisy/src/per/qspi.h **** #define DSY_QSPI /**< Macro */
ARM GAS  /var/folders/0b/4qn_4lxx65nfvy4wf60ckd5w0000gn/T//ccwEFg80.s 			page 19


   3:../../DaisySeed/DaisyExamples/libDaisy/src/per/qspi.h **** 
   4:../../DaisySeed/DaisyExamples/libDaisy/src/per/qspi.h **** #ifndef UNIT_TEST // for unit tests, a dummy implementation
   5:../../DaisySeed/DaisyExamples/libDaisy/src/per/qspi.h **** 
   6:../../DaisySeed/DaisyExamples/libDaisy/src/per/qspi.h **** #include <cstdint>
   7:../../DaisySeed/DaisyExamples/libDaisy/src/per/qspi.h **** #include "daisy_core.h" // Added for dsy_gpio_pin typedef
   8:../../DaisySeed/DaisyExamples/libDaisy/src/per/qspi.h **** 
   9:../../DaisySeed/DaisyExamples/libDaisy/src/per/qspi.h **** #define DSY_QSPI_TEXT       \
  10:../../DaisySeed/DaisyExamples/libDaisy/src/per/qspi.h ****     __attribute__((section( \
  11:../../DaisySeed/DaisyExamples/libDaisy/src/per/qspi.h ****         ".qspiflash_text"))) /**< used for reading memory in memory_mapped mode. */
  12:../../DaisySeed/DaisyExamples/libDaisy/src/per/qspi.h **** #define DSY_QSPI_DATA       \
  13:../../DaisySeed/DaisyExamples/libDaisy/src/per/qspi.h ****     __attribute__((section( \
  14:../../DaisySeed/DaisyExamples/libDaisy/src/per/qspi.h ****         ".qspiflash_data"))) /**< used for reading memory in memory_mapped mode. */
  15:../../DaisySeed/DaisyExamples/libDaisy/src/per/qspi.h **** #define DSY_QSPI_BSS        \
  16:../../DaisySeed/DaisyExamples/libDaisy/src/per/qspi.h ****     __attribute__((section( \
  17:../../DaisySeed/DaisyExamples/libDaisy/src/per/qspi.h ****         ".qspiflash_bss"))) /**< used for reading memory in memory_mapped mode. */
  18:../../DaisySeed/DaisyExamples/libDaisy/src/per/qspi.h **** 
  19:../../DaisySeed/DaisyExamples/libDaisy/src/per/qspi.h **** namespace daisy
  20:../../DaisySeed/DaisyExamples/libDaisy/src/per/qspi.h **** {
  21:../../DaisySeed/DaisyExamples/libDaisy/src/per/qspi.h **** /** @addtogroup serial
  22:../../DaisySeed/DaisyExamples/libDaisy/src/per/qspi.h **** @{
  23:../../DaisySeed/DaisyExamples/libDaisy/src/per/qspi.h **** */
  24:../../DaisySeed/DaisyExamples/libDaisy/src/per/qspi.h **** 
  25:../../DaisySeed/DaisyExamples/libDaisy/src/per/qspi.h **** /** 
  26:../../DaisySeed/DaisyExamples/libDaisy/src/per/qspi.h ****  Driver for QSPI peripheral to interface with external flash memory. \n 
  27:../../DaisySeed/DaisyExamples/libDaisy/src/per/qspi.h ****     Currently supported QSPI Devices: \n 
  28:../../DaisySeed/DaisyExamples/libDaisy/src/per/qspi.h ****     * IS25LP080D
  29:../../DaisySeed/DaisyExamples/libDaisy/src/per/qspi.h **** */
  30:../../DaisySeed/DaisyExamples/libDaisy/src/per/qspi.h **** class QSPIHandle
  31:../../DaisySeed/DaisyExamples/libDaisy/src/per/qspi.h **** {
  32:../../DaisySeed/DaisyExamples/libDaisy/src/per/qspi.h ****   public:
  33:../../DaisySeed/DaisyExamples/libDaisy/src/per/qspi.h ****     enum Result
  34:../../DaisySeed/DaisyExamples/libDaisy/src/per/qspi.h ****     {
  35:../../DaisySeed/DaisyExamples/libDaisy/src/per/qspi.h ****         OK = 0,
  36:../../DaisySeed/DaisyExamples/libDaisy/src/per/qspi.h ****         ERR
  37:../../DaisySeed/DaisyExamples/libDaisy/src/per/qspi.h ****     };
  38:../../DaisySeed/DaisyExamples/libDaisy/src/per/qspi.h **** 
  39:../../DaisySeed/DaisyExamples/libDaisy/src/per/qspi.h ****     /** Indicates the current status of the module. 
  40:../../DaisySeed/DaisyExamples/libDaisy/src/per/qspi.h ****          *  Warnings are indicated by a leading W.
  41:../../DaisySeed/DaisyExamples/libDaisy/src/per/qspi.h ****          *  Errors are indicated by a leading E and cause an immediate exit.
  42:../../DaisySeed/DaisyExamples/libDaisy/src/per/qspi.h ****          * 
  43:../../DaisySeed/DaisyExamples/libDaisy/src/per/qspi.h ****          *  \param GOOD - No errors have been reported.
  44:../../DaisySeed/DaisyExamples/libDaisy/src/per/qspi.h ****          *  \param E_HAL_ERROR - HAL code did not return HAL_OK.
  45:../../DaisySeed/DaisyExamples/libDaisy/src/per/qspi.h ****          *  \param E_SWITCHING_MODES - An error was encountered while switching QSPI peripheral mod
  46:../../DaisySeed/DaisyExamples/libDaisy/src/per/qspi.h ****          *  \param E_INVALID_MODE - QSPI should not be written to while the program is executing fr
  47:../../DaisySeed/DaisyExamples/libDaisy/src/per/qspi.h ****          */
  48:../../DaisySeed/DaisyExamples/libDaisy/src/per/qspi.h ****     enum Status
  49:../../DaisySeed/DaisyExamples/libDaisy/src/per/qspi.h ****     {
  50:../../DaisySeed/DaisyExamples/libDaisy/src/per/qspi.h ****         GOOD = 0,
  51:../../DaisySeed/DaisyExamples/libDaisy/src/per/qspi.h ****         E_HAL_ERROR,
  52:../../DaisySeed/DaisyExamples/libDaisy/src/per/qspi.h ****         E_SWITCHING_MODES,
  53:../../DaisySeed/DaisyExamples/libDaisy/src/per/qspi.h ****         E_INVALID_MODE,
  54:../../DaisySeed/DaisyExamples/libDaisy/src/per/qspi.h ****     };
  55:../../DaisySeed/DaisyExamples/libDaisy/src/per/qspi.h **** 
  56:../../DaisySeed/DaisyExamples/libDaisy/src/per/qspi.h ****     /** Configuration structure for interfacing with QSPI Driver */
  57:../../DaisySeed/DaisyExamples/libDaisy/src/per/qspi.h ****     struct Config
  58:../../DaisySeed/DaisyExamples/libDaisy/src/per/qspi.h ****     {
  59:../../DaisySeed/DaisyExamples/libDaisy/src/per/qspi.h ****         /** Flash Devices supported. (Both of these are more-or-less the same, just different sizes
ARM GAS  /var/folders/0b/4qn_4lxx65nfvy4wf60ckd5w0000gn/T//ccwEFg80.s 			page 20


  60:../../DaisySeed/DaisyExamples/libDaisy/src/per/qspi.h ****         enum Device
  61:../../DaisySeed/DaisyExamples/libDaisy/src/per/qspi.h ****         {
  62:../../DaisySeed/DaisyExamples/libDaisy/src/per/qspi.h ****             IS25LP080D,  /**< & */
  63:../../DaisySeed/DaisyExamples/libDaisy/src/per/qspi.h ****             IS25LP064A,  /**< & */
  64:../../DaisySeed/DaisyExamples/libDaisy/src/per/qspi.h ****             DEVICE_LAST, /**< & */
  65:../../DaisySeed/DaisyExamples/libDaisy/src/per/qspi.h ****         };
  66:../../DaisySeed/DaisyExamples/libDaisy/src/per/qspi.h **** 
  67:../../DaisySeed/DaisyExamples/libDaisy/src/per/qspi.h ****         /** 
  68:../../DaisySeed/DaisyExamples/libDaisy/src/per/qspi.h ****         Modes of operation.
  69:../../DaisySeed/DaisyExamples/libDaisy/src/per/qspi.h ****         Memory Mapped mode: QSPI configured so that the QSPI can be
  70:../../DaisySeed/DaisyExamples/libDaisy/src/per/qspi.h ****         read from starting address 0x90000000. Writing is not
  71:../../DaisySeed/DaisyExamples/libDaisy/src/per/qspi.h ****         possible in this mode. \n 
  72:../../DaisySeed/DaisyExamples/libDaisy/src/per/qspi.h ****         Indirect Polling mode: Device driver enabled. 
  73:../../DaisySeed/DaisyExamples/libDaisy/src/per/qspi.h ****         */
  74:../../DaisySeed/DaisyExamples/libDaisy/src/per/qspi.h ****         enum Mode
  75:../../DaisySeed/DaisyExamples/libDaisy/src/per/qspi.h ****         {
  76:../../DaisySeed/DaisyExamples/libDaisy/src/per/qspi.h ****             MEMORY_MAPPED,    /**< & */
  77:../../DaisySeed/DaisyExamples/libDaisy/src/per/qspi.h ****             INDIRECT_POLLING, /**< & */
  78:../../DaisySeed/DaisyExamples/libDaisy/src/per/qspi.h ****             MODE_LAST,
  79:../../DaisySeed/DaisyExamples/libDaisy/src/per/qspi.h ****         };
  80:../../DaisySeed/DaisyExamples/libDaisy/src/per/qspi.h **** 
  81:../../DaisySeed/DaisyExamples/libDaisy/src/per/qspi.h ****         //SCK,  CE# (active low)
  82:../../DaisySeed/DaisyExamples/libDaisy/src/per/qspi.h ****         struct
  83:../../DaisySeed/DaisyExamples/libDaisy/src/per/qspi.h ****         {
  84:../../DaisySeed/DaisyExamples/libDaisy/src/per/qspi.h ****             dsy_gpio_pin io0; /**< & */
  85:../../DaisySeed/DaisyExamples/libDaisy/src/per/qspi.h ****             dsy_gpio_pin io1; /**< & */
  86:../../DaisySeed/DaisyExamples/libDaisy/src/per/qspi.h ****             dsy_gpio_pin io2; /**< & */
  87:../../DaisySeed/DaisyExamples/libDaisy/src/per/qspi.h ****             dsy_gpio_pin io3; /**< & */
  88:../../DaisySeed/DaisyExamples/libDaisy/src/per/qspi.h ****             dsy_gpio_pin clk; /**< & */
  89:../../DaisySeed/DaisyExamples/libDaisy/src/per/qspi.h ****             dsy_gpio_pin ncs; /**< & */
  90:../../DaisySeed/DaisyExamples/libDaisy/src/per/qspi.h ****         } pin_config;
  91:../../DaisySeed/DaisyExamples/libDaisy/src/per/qspi.h **** 
  92:../../DaisySeed/DaisyExamples/libDaisy/src/per/qspi.h ****         Device device;
  93:../../DaisySeed/DaisyExamples/libDaisy/src/per/qspi.h ****         Mode   mode;
  94:../../DaisySeed/DaisyExamples/libDaisy/src/per/qspi.h ****     };
  95:../../DaisySeed/DaisyExamples/libDaisy/src/per/qspi.h **** 
  96:../../DaisySeed/DaisyExamples/libDaisy/src/per/qspi.h ****     /** 
  97:../../DaisySeed/DaisyExamples/libDaisy/src/per/qspi.h ****         Initializes QSPI peripheral, and Resets, and prepares memory for access.
  98:../../DaisySeed/DaisyExamples/libDaisy/src/per/qspi.h ****         \param config should be populated with the mode, device and pin_config before calling this 
  99:../../DaisySeed/DaisyExamples/libDaisy/src/per/qspi.h ****         \return Result::OK or Result::ERR
 100:../../DaisySeed/DaisyExamples/libDaisy/src/per/qspi.h ****         */
 101:../../DaisySeed/DaisyExamples/libDaisy/src/per/qspi.h ****     Result Init(const Config& config);
 102:../../DaisySeed/DaisyExamples/libDaisy/src/per/qspi.h **** 
 103:../../DaisySeed/DaisyExamples/libDaisy/src/per/qspi.h ****     /** Returns the current config. */
 104:../../DaisySeed/DaisyExamples/libDaisy/src/per/qspi.h ****     const Config& GetConfig() const;
 105:../../DaisySeed/DaisyExamples/libDaisy/src/per/qspi.h **** 
 106:../../DaisySeed/DaisyExamples/libDaisy/src/per/qspi.h ****     // Couldn't this just be called before anything else in init? That
 107:../../DaisySeed/DaisyExamples/libDaisy/src/per/qspi.h ****     // would make manually calling it unnecessary.
 108:../../DaisySeed/DaisyExamples/libDaisy/src/per/qspi.h ****     /** 
 109:../../DaisySeed/DaisyExamples/libDaisy/src/per/qspi.h ****         Deinitializes the peripheral
 110:../../DaisySeed/DaisyExamples/libDaisy/src/per/qspi.h ****         This should be called before reinitializing QSPI in a different mode.
 111:../../DaisySeed/DaisyExamples/libDaisy/src/per/qspi.h ****         \return Result::OK or Result::ERR
 112:../../DaisySeed/DaisyExamples/libDaisy/src/per/qspi.h ****         */
 113:../../DaisySeed/DaisyExamples/libDaisy/src/per/qspi.h ****     Result DeInit();
 114:../../DaisySeed/DaisyExamples/libDaisy/src/per/qspi.h **** 
 115:../../DaisySeed/DaisyExamples/libDaisy/src/per/qspi.h ****     /** 
 116:../../DaisySeed/DaisyExamples/libDaisy/src/per/qspi.h ****         Writes a single page to to the specified address on the QSPI chip.
ARM GAS  /var/folders/0b/4qn_4lxx65nfvy4wf60ckd5w0000gn/T//ccwEFg80.s 			page 21


 117:../../DaisySeed/DaisyExamples/libDaisy/src/per/qspi.h ****         For IS25LP*, page size is 256 bytes.
 118:../../DaisySeed/DaisyExamples/libDaisy/src/per/qspi.h ****         \param address Address to write to
 119:../../DaisySeed/DaisyExamples/libDaisy/src/per/qspi.h ****         \param size Buffer size
 120:../../DaisySeed/DaisyExamples/libDaisy/src/per/qspi.h ****         \param buffer Buffer to write
 121:../../DaisySeed/DaisyExamples/libDaisy/src/per/qspi.h ****         \return Result::OK or Result::ERR
 122:../../DaisySeed/DaisyExamples/libDaisy/src/per/qspi.h ****         */
 123:../../DaisySeed/DaisyExamples/libDaisy/src/per/qspi.h ****     Result WritePage(uint32_t address, uint32_t size, uint8_t* buffer);
 124:../../DaisySeed/DaisyExamples/libDaisy/src/per/qspi.h **** 
 125:../../DaisySeed/DaisyExamples/libDaisy/src/per/qspi.h ****     /** 
 126:../../DaisySeed/DaisyExamples/libDaisy/src/per/qspi.h ****         Writes data in buffer to to the QSPI. Starting at address to address+size 
 127:../../DaisySeed/DaisyExamples/libDaisy/src/per/qspi.h ****         \param address Address to write to
 128:../../DaisySeed/DaisyExamples/libDaisy/src/per/qspi.h ****         \param size Buffer size
 129:../../DaisySeed/DaisyExamples/libDaisy/src/per/qspi.h ****         \param buffer Buffer to write
 130:../../DaisySeed/DaisyExamples/libDaisy/src/per/qspi.h ****         \return Result::OK or Result::ERR
 131:../../DaisySeed/DaisyExamples/libDaisy/src/per/qspi.h ****         */
 132:../../DaisySeed/DaisyExamples/libDaisy/src/per/qspi.h ****     Result Write(uint32_t address, uint32_t size, uint8_t* buffer);
 133:../../DaisySeed/DaisyExamples/libDaisy/src/per/qspi.h **** 
 134:../../DaisySeed/DaisyExamples/libDaisy/src/per/qspi.h ****     /** 
 135:../../DaisySeed/DaisyExamples/libDaisy/src/per/qspi.h ****         Erases the area specified on the chip.
 136:../../DaisySeed/DaisyExamples/libDaisy/src/per/qspi.h ****         Erasures will happen by 4K, 32K or 64K increments.
 137:../../DaisySeed/DaisyExamples/libDaisy/src/per/qspi.h ****         Smallest erase possible is 4kB at a time. (on IS25LP*)
 138:../../DaisySeed/DaisyExamples/libDaisy/src/per/qspi.h ****         \param start_addr Address to begin erasing from
 139:../../DaisySeed/DaisyExamples/libDaisy/src/per/qspi.h ****         \param end_addr  Address to stop erasing at
 140:../../DaisySeed/DaisyExamples/libDaisy/src/per/qspi.h ****         \return Result::OK or Result::ERR
 141:../../DaisySeed/DaisyExamples/libDaisy/src/per/qspi.h ****         */
 142:../../DaisySeed/DaisyExamples/libDaisy/src/per/qspi.h ****     Result Erase(uint32_t start_addr, uint32_t end_addr);
 143:../../DaisySeed/DaisyExamples/libDaisy/src/per/qspi.h **** 
 144:../../DaisySeed/DaisyExamples/libDaisy/src/per/qspi.h ****     /**  
 145:../../DaisySeed/DaisyExamples/libDaisy/src/per/qspi.h ****          Erases a single sector of the chip.  
 146:../../DaisySeed/DaisyExamples/libDaisy/src/per/qspi.h ****         TODO: Document the size of this function. 
 147:../../DaisySeed/DaisyExamples/libDaisy/src/per/qspi.h ****         \param address Address of sector to erase
 148:../../DaisySeed/DaisyExamples/libDaisy/src/per/qspi.h ****         \return Result::OK or Result::ERR
 149:../../DaisySeed/DaisyExamples/libDaisy/src/per/qspi.h ****         */
 150:../../DaisySeed/DaisyExamples/libDaisy/src/per/qspi.h ****     Result EraseSector(uint32_t address);
 151:../../DaisySeed/DaisyExamples/libDaisy/src/per/qspi.h **** 
 152:../../DaisySeed/DaisyExamples/libDaisy/src/per/qspi.h ****     /** Returns the current class status. Useful for debugging.
 153:../../DaisySeed/DaisyExamples/libDaisy/src/per/qspi.h ****      *  \returns Status
 154:../../DaisySeed/DaisyExamples/libDaisy/src/per/qspi.h ****      */
 155:../../DaisySeed/DaisyExamples/libDaisy/src/per/qspi.h ****     Status GetStatus();
 156:../../DaisySeed/DaisyExamples/libDaisy/src/per/qspi.h **** 
 157:../../DaisySeed/DaisyExamples/libDaisy/src/per/qspi.h ****     /** Returns a pointer to the actual memory used 
 158:../../DaisySeed/DaisyExamples/libDaisy/src/per/qspi.h ****      *  The memory at this address is read-only
 159:../../DaisySeed/DaisyExamples/libDaisy/src/per/qspi.h ****      *  to write to it use the Write function.
 160:../../DaisySeed/DaisyExamples/libDaisy/src/per/qspi.h ****      * 
 161:../../DaisySeed/DaisyExamples/libDaisy/src/per/qspi.h ****      *  \param offset returns the pointer starting this 
 162:../../DaisySeed/DaisyExamples/libDaisy/src/per/qspi.h ****      *                many bytes into the memory
 163:../../DaisySeed/DaisyExamples/libDaisy/src/per/qspi.h ****     */
 164:../../DaisySeed/DaisyExamples/libDaisy/src/per/qspi.h ****     void* GetData(uint32_t offset = 0);
 165:../../DaisySeed/DaisyExamples/libDaisy/src/per/qspi.h **** 
 166:../../DaisySeed/DaisyExamples/libDaisy/src/per/qspi.h ****     QSPIHandle() : pimpl_(nullptr) {}
 460              		.loc 7 166 5 view .LVU130
 461              	.LBE243:
 462              	.LBE242:
 463              	.LBE241:
 464              	.LBE240:
 465              	.LBE239:
 466              		.loc 6 134 1 is_stmt 0 view .LVU131
ARM GAS  /var/folders/0b/4qn_4lxx65nfvy4wf60ckd5w0000gn/T//ccwEFg80.s 			page 22


 467 0000 38B5     		push	{r3, r4, r5, lr}
 468              		.cfi_def_cfa_offset 16
 469              		.cfi_offset 3, -16
 470              		.cfi_offset 4, -12
 471              		.cfi_offset 5, -8
 472              		.cfi_offset 14, -4
 473              	.LBB357:
 474              	.LBB356:
 475              	.LBB264:
 476              	.LBB262:
 477              	.LBB248:
 478              	.LBB244:
 479              	.LBB245:
 480              		.loc 7 166 34 view .LVU132
 481 0002 1748     		ldr	r0, .L32
 482 0004 0024     		movs	r4, #0
 483              	.LBE245:
 484              	.LBE244:
 485              	.LBE248:
 486              	.LBE262:
 487              	.LBE264:
  21:main.cpp      **** DaisySeed hw;
 488              		.loc 6 21 11 view .LVU133
 489 0006 174A     		ldr	r2, .L32+4
 490 0008 1749     		ldr	r1, .L32+8
 491              	.LBB265:
 492              	.LBB263:
 493              	.LBB249:
 494              	.LBB247:
 495              	.LBB246:
 496              		.loc 7 166 34 view .LVU134
 497 000a 0460     		str	r4, [r0]
 498              	.LVL32:
 499              		.loc 7 166 34 view .LVU135
 500              	.LBE246:
 501              	.LBE247:
 502              	.LBE249:
 503              	.LBB250:
 504              	.LBI250:
  95:../../DaisySeed/DaisyExamples/libDaisy/src/hid/audio.h ****     ~AudioHandle() {}
 505              		.loc 5 95 5 is_stmt 1 view .LVU136
 506              	.LBB251:
 507              	.LBB252:
  95:../../DaisySeed/DaisyExamples/libDaisy/src/hid/audio.h ****     ~AudioHandle() {}
 508              		.loc 5 95 35 is_stmt 0 view .LVU137
 509 000c 4461     		str	r4, [r0, #20]
 510              	.LVL33:
  95:../../DaisySeed/DaisyExamples/libDaisy/src/hid/audio.h ****     ~AudioHandle() {}
 511              		.loc 5 95 35 view .LVU138
 512              	.LBE252:
 513              	.LBE251:
 514              	.LBE250:
 515              	.LBB253:
 516              	.LBI253:
 109:../../DaisySeed/DaisyExamples/libDaisy/src/per/adc.h ****     ~AdcHandle() {}
 517              		.loc 4 109 5 is_stmt 1 view .LVU139
 109:../../DaisySeed/DaisyExamples/libDaisy/src/per/adc.h ****     ~AdcHandle() {}
ARM GAS  /var/folders/0b/4qn_4lxx65nfvy4wf60ckd5w0000gn/T//ccwEFg80.s 			page 23


 518              		.loc 4 109 5 is_stmt 0 view .LVU140
 519              	.LBE253:
 520              	.LBB254:
 521              	.LBI254:
 522              		.file 8 "../../DaisySeed/DaisyExamples/libDaisy/src/per/dac.h"
   1:../../DaisySeed/DaisyExamples/libDaisy/src/per/dac.h **** #pragma once
   2:../../DaisySeed/DaisyExamples/libDaisy/src/per/dac.h **** #ifndef DSY_DAC_H
   3:../../DaisySeed/DaisyExamples/libDaisy/src/per/dac.h **** #define DSY_DAC_H
   4:../../DaisySeed/DaisyExamples/libDaisy/src/per/dac.h **** 
   5:../../DaisySeed/DaisyExamples/libDaisy/src/per/dac.h **** #include "daisy_core.h"
   6:../../DaisySeed/DaisyExamples/libDaisy/src/per/dac.h **** 
   7:../../DaisySeed/DaisyExamples/libDaisy/src/per/dac.h **** namespace daisy
   8:../../DaisySeed/DaisyExamples/libDaisy/src/per/dac.h **** {
   9:../../DaisySeed/DaisyExamples/libDaisy/src/per/dac.h **** /** @brief DAC handle for Built-in DAC Peripheral 
  10:../../DaisySeed/DaisyExamples/libDaisy/src/per/dac.h ****  *  @ingroup per_analog
  11:../../DaisySeed/DaisyExamples/libDaisy/src/per/dac.h ****  ** 
  12:../../DaisySeed/DaisyExamples/libDaisy/src/per/dac.h ****  ** For now only Normal Mode is supported,
  13:../../DaisySeed/DaisyExamples/libDaisy/src/per/dac.h ****  ** Sample and hold mode provides reduced power consumption, but requires a bit more setup.
  14:../../DaisySeed/DaisyExamples/libDaisy/src/per/dac.h ****  **
  15:../../DaisySeed/DaisyExamples/libDaisy/src/per/dac.h ****  ** For now connecting the DAC through other internal peripherals is also not supported.
  16:../../DaisySeed/DaisyExamples/libDaisy/src/per/dac.h ****  **
  17:../../DaisySeed/DaisyExamples/libDaisy/src/per/dac.h ****  ** Since the DAC channels have dedicated pins we don't need to pass in a pin config like with
  18:../../DaisySeed/DaisyExamples/libDaisy/src/per/dac.h ****  ** other modules. However, it is still important to not try to use the DAC pins for anything else.
  19:../../DaisySeed/DaisyExamples/libDaisy/src/per/dac.h ****  ** DAC Channel 1 is on PA4, and DAC Channel 2 is on PA5
  20:../../DaisySeed/DaisyExamples/libDaisy/src/per/dac.h ****  ***/
  21:../../DaisySeed/DaisyExamples/libDaisy/src/per/dac.h **** class DacHandle
  22:../../DaisySeed/DaisyExamples/libDaisy/src/per/dac.h **** {
  23:../../DaisySeed/DaisyExamples/libDaisy/src/per/dac.h ****   public:
  24:../../DaisySeed/DaisyExamples/libDaisy/src/per/dac.h ****     /** Return Values for the DacHandle class */
  25:../../DaisySeed/DaisyExamples/libDaisy/src/per/dac.h ****     enum class Result
  26:../../DaisySeed/DaisyExamples/libDaisy/src/per/dac.h ****     {
  27:../../DaisySeed/DaisyExamples/libDaisy/src/per/dac.h ****         OK,
  28:../../DaisySeed/DaisyExamples/libDaisy/src/per/dac.h ****         ERR,
  29:../../DaisySeed/DaisyExamples/libDaisy/src/per/dac.h ****     };
  30:../../DaisySeed/DaisyExamples/libDaisy/src/per/dac.h **** 
  31:../../DaisySeed/DaisyExamples/libDaisy/src/per/dac.h ****     /** Selects which channel(s) will be configured for use. */
  32:../../DaisySeed/DaisyExamples/libDaisy/src/per/dac.h ****     enum class Channel
  33:../../DaisySeed/DaisyExamples/libDaisy/src/per/dac.h ****     {
  34:../../DaisySeed/DaisyExamples/libDaisy/src/per/dac.h ****         ONE,
  35:../../DaisySeed/DaisyExamples/libDaisy/src/per/dac.h ****         TWO,
  36:../../DaisySeed/DaisyExamples/libDaisy/src/per/dac.h ****         BOTH,
  37:../../DaisySeed/DaisyExamples/libDaisy/src/per/dac.h ****     };
  38:../../DaisySeed/DaisyExamples/libDaisy/src/per/dac.h **** 
  39:../../DaisySeed/DaisyExamples/libDaisy/src/per/dac.h ****     /** Sets the Mode for the DAC channels.
  40:../../DaisySeed/DaisyExamples/libDaisy/src/per/dac.h ****      **
  41:../../DaisySeed/DaisyExamples/libDaisy/src/per/dac.h ****      ** Polling mode uses the blocking mode to transmit a single value at a time.
  42:../../DaisySeed/DaisyExamples/libDaisy/src/per/dac.h ****      **
  43:../../DaisySeed/DaisyExamples/libDaisy/src/per/dac.h ****      ** DMA mode uses a buffer, and periodically transmits it triggering a 
  44:../../DaisySeed/DaisyExamples/libDaisy/src/per/dac.h ****      ** callback to fill the buffer when it is ready for more samples.
  45:../../DaisySeed/DaisyExamples/libDaisy/src/per/dac.h ****      ***/
  46:../../DaisySeed/DaisyExamples/libDaisy/src/per/dac.h ****     enum class Mode
  47:../../DaisySeed/DaisyExamples/libDaisy/src/per/dac.h ****     {
  48:../../DaisySeed/DaisyExamples/libDaisy/src/per/dac.h ****         POLLING,
  49:../../DaisySeed/DaisyExamples/libDaisy/src/per/dac.h ****         DMA,
  50:../../DaisySeed/DaisyExamples/libDaisy/src/per/dac.h ****     };
  51:../../DaisySeed/DaisyExamples/libDaisy/src/per/dac.h **** 
  52:../../DaisySeed/DaisyExamples/libDaisy/src/per/dac.h ****     /** Sets the number of bits per sample transmitted out of the DAC.
ARM GAS  /var/folders/0b/4qn_4lxx65nfvy4wf60ckd5w0000gn/T//ccwEFg80.s 			page 24


  53:../../DaisySeed/DaisyExamples/libDaisy/src/per/dac.h ****      ** The output range will be: 0V - VDDA
  54:../../DaisySeed/DaisyExamples/libDaisy/src/per/dac.h ****      ** The resolution will be roughly: bitdepth / (VDDA - 0V) 
  55:../../DaisySeed/DaisyExamples/libDaisy/src/per/dac.h ****      ***/
  56:../../DaisySeed/DaisyExamples/libDaisy/src/per/dac.h ****     enum class BitDepth
  57:../../DaisySeed/DaisyExamples/libDaisy/src/per/dac.h ****     {
  58:../../DaisySeed/DaisyExamples/libDaisy/src/per/dac.h ****         BITS_8,
  59:../../DaisySeed/DaisyExamples/libDaisy/src/per/dac.h ****         BITS_12
  60:../../DaisySeed/DaisyExamples/libDaisy/src/per/dac.h ****     };
  61:../../DaisySeed/DaisyExamples/libDaisy/src/per/dac.h **** 
  62:../../DaisySeed/DaisyExamples/libDaisy/src/per/dac.h ****     /** Sets whether the DAC output is buffered for higher drive ability. */
  63:../../DaisySeed/DaisyExamples/libDaisy/src/per/dac.h ****     enum class BufferState
  64:../../DaisySeed/DaisyExamples/libDaisy/src/per/dac.h ****     {
  65:../../DaisySeed/DaisyExamples/libDaisy/src/per/dac.h ****         ENABLED,
  66:../../DaisySeed/DaisyExamples/libDaisy/src/per/dac.h ****         DISABLED,
  67:../../DaisySeed/DaisyExamples/libDaisy/src/per/dac.h ****     };
  68:../../DaisySeed/DaisyExamples/libDaisy/src/per/dac.h **** 
  69:../../DaisySeed/DaisyExamples/libDaisy/src/per/dac.h ****     /** Configuration structure for initializing the DAC structure. */
  70:../../DaisySeed/DaisyExamples/libDaisy/src/per/dac.h ****     struct Config
  71:../../DaisySeed/DaisyExamples/libDaisy/src/per/dac.h ****     {
  72:../../DaisySeed/DaisyExamples/libDaisy/src/per/dac.h ****         /** Target Samplerate in Hz used to configure the internal 
  73:../../DaisySeed/DaisyExamples/libDaisy/src/per/dac.h ****          ** timebase for DMA mode. Does nothing in POLLING mode.
  74:../../DaisySeed/DaisyExamples/libDaisy/src/per/dac.h ****          ** If the value is 0 at Init time this will default to 48000Hz 
  75:../../DaisySeed/DaisyExamples/libDaisy/src/per/dac.h ****          ** otherwise the driver will attempt meet the target.*/
  76:../../DaisySeed/DaisyExamples/libDaisy/src/per/dac.h ****         uint32_t target_samplerate;
  77:../../DaisySeed/DaisyExamples/libDaisy/src/per/dac.h **** 
  78:../../DaisySeed/DaisyExamples/libDaisy/src/per/dac.h ****         Channel     chn;
  79:../../DaisySeed/DaisyExamples/libDaisy/src/per/dac.h ****         Mode        mode;
  80:../../DaisySeed/DaisyExamples/libDaisy/src/per/dac.h ****         BitDepth    bitdepth;
  81:../../DaisySeed/DaisyExamples/libDaisy/src/per/dac.h ****         BufferState buff_state;
  82:../../DaisySeed/DaisyExamples/libDaisy/src/per/dac.h ****     };
  83:../../DaisySeed/DaisyExamples/libDaisy/src/per/dac.h **** 
  84:../../DaisySeed/DaisyExamples/libDaisy/src/per/dac.h ****     DacHandle() : pimpl_(nullptr) {}
 523              		.loc 8 84 5 is_stmt 1 view .LVU141
 524              	.LBB255:
 525              	.LBB256:
 526              		.loc 8 84 33 is_stmt 0 view .LVU142
 527 000e 0462     		str	r4, [r0, #32]
 528              	.LVL34:
 529              		.loc 8 84 33 view .LVU143
 530              	.LBE256:
 531              	.LBE255:
 532              	.LBE254:
 533              	.LBB257:
 534              	.LBI257:
  40:../../DaisySeed/DaisyExamples/libDaisy/src/hid/usb.h **** 
 535              		.loc 3 40 5 is_stmt 1 view .LVU144
  40:../../DaisySeed/DaisyExamples/libDaisy/src/hid/usb.h **** 
 536              		.loc 3 40 5 is_stmt 0 view .LVU145
 537              	.LBE257:
 538              	.LBB258:
 539              	.LBI258:
  96:../../DaisySeed/DaisyExamples/libDaisy/src/sys/system.h ****     ~System() {}
 540              		.loc 2 96 5 is_stmt 1 view .LVU146
  96:../../DaisySeed/DaisyExamples/libDaisy/src/sys/system.h ****     ~System() {}
 541              		.loc 2 96 5 is_stmt 0 view .LVU147
 542              	.LBE258:
 543              	.LBB259:
ARM GAS  /var/folders/0b/4qn_4lxx65nfvy4wf60ckd5w0000gn/T//ccwEFg80.s 			page 25


 544              	.LBI259:
 545              		.file 9 "../../DaisySeed/DaisyExamples/libDaisy/src/per/sai.h"
   1:../../DaisySeed/DaisyExamples/libDaisy/src/per/sai.h **** #pragma once
   2:../../DaisySeed/DaisyExamples/libDaisy/src/per/sai.h **** #ifndef DSY_SAI_H
   3:../../DaisySeed/DaisyExamples/libDaisy/src/per/sai.h **** #define DSY_SAI_H
   4:../../DaisySeed/DaisyExamples/libDaisy/src/per/sai.h **** 
   5:../../DaisySeed/DaisyExamples/libDaisy/src/per/sai.h **** #include "daisy_core.h"
   6:../../DaisySeed/DaisyExamples/libDaisy/src/per/sai.h **** 
   7:../../DaisySeed/DaisyExamples/libDaisy/src/per/sai.h **** namespace daisy
   8:../../DaisySeed/DaisyExamples/libDaisy/src/per/sai.h **** {
   9:../../DaisySeed/DaisyExamples/libDaisy/src/per/sai.h **** /** 
  10:../../DaisySeed/DaisyExamples/libDaisy/src/per/sai.h ****  * Support for I2S Audio Protocol with different bit-depth, samplerate options
  11:../../DaisySeed/DaisyExamples/libDaisy/src/per/sai.h ****  * Allows for master or slave, as well as freedom of selecting direction, 
  12:../../DaisySeed/DaisyExamples/libDaisy/src/per/sai.h ****  * and other behavior for each peripheral, and block.
  13:../../DaisySeed/DaisyExamples/libDaisy/src/per/sai.h ****  * 
  14:../../DaisySeed/DaisyExamples/libDaisy/src/per/sai.h ****  * DMA Transfer commands must use buffers located within non-cached memory or use cache maintenance
  15:../../DaisySeed/DaisyExamples/libDaisy/src/per/sai.h ****  * To declare an unitialized global element in the DMA memory section:
  16:../../DaisySeed/DaisyExamples/libDaisy/src/per/sai.h ****  *    int32_t DSY_DMA_BUFFER_SECTOR my_buffer[96];
  17:../../DaisySeed/DaisyExamples/libDaisy/src/per/sai.h ****  *
  18:../../DaisySeed/DaisyExamples/libDaisy/src/per/sai.h ****  * Callback functions will be called once per half of the buffer. In the above example, 
  19:../../DaisySeed/DaisyExamples/libDaisy/src/per/sai.h ****  * the callback function would be called once for every 48 samples.
  20:../../DaisySeed/DaisyExamples/libDaisy/src/per/sai.h ****  * 
  21:../../DaisySeed/DaisyExamples/libDaisy/src/per/sai.h ****  * Use SAI Handle like this:
  22:../../DaisySeed/DaisyExamples/libDaisy/src/per/sai.h ****  * 
  23:../../DaisySeed/DaisyExamples/libDaisy/src/per/sai.h ****  *  SaiHandle::Config sai_config;
  24:../../DaisySeed/DaisyExamples/libDaisy/src/per/sai.h ****  *  sai_config.periph          = SaiHandle::Config::Peripheral::SAI_1;
  25:../../DaisySeed/DaisyExamples/libDaisy/src/per/sai.h ****  *  sai_config.sr              = SaiHandle::Config::SampleRate::SAI_48KHZ;
  26:../../DaisySeed/DaisyExamples/libDaisy/src/per/sai.h ****  *  sai_config.bit_depth       = SaiHandle::Config::BitDepth::SAI_24BIT;
  27:../../DaisySeed/DaisyExamples/libDaisy/src/per/sai.h ****  *  sai_config.a_sync          = SaiHandle::Config::Sync::MASTER;
  28:../../DaisySeed/DaisyExamples/libDaisy/src/per/sai.h ****  *  sai_config.b_sync          = SaiHandle::Config::Sync::SLAVE;
  29:../../DaisySeed/DaisyExamples/libDaisy/src/per/sai.h ****  *  sai_config.a_dir           = SaiHandle::Config::Direction::RECEIVE;
  30:../../DaisySeed/DaisyExamples/libDaisy/src/per/sai.h ****  *  sai_config.b_dir           = SaiHandle::Config::Direction::TRANSMIT;
  31:../../DaisySeed/DaisyExamples/libDaisy/src/per/sai.h ****  *  sai_config.pin_config.fs   = {DSY_GPIOE, 4};
  32:../../DaisySeed/DaisyExamples/libDaisy/src/per/sai.h ****  *  sai_config.pin_config.mclk = {DSY_GPIOE, 2};
  33:../../DaisySeed/DaisyExamples/libDaisy/src/per/sai.h ****  *  sai_config.pin_config.sck  = {DSY_GPIOE, 5};
  34:../../DaisySeed/DaisyExamples/libDaisy/src/per/sai.h ****  *  sai_config.pin_config.sa   = {DSY_GPIOE, 6};
  35:../../DaisySeed/DaisyExamples/libDaisy/src/per/sai.h ****  *  sai_config.pin_config.sb   = {DSY_GPIOE, 3};
  36:../../DaisySeed/DaisyExamples/libDaisy/src/per/sai.h ****  *  // Then Initialize
  37:../../DaisySeed/DaisyExamples/libDaisy/src/per/sai.h ****  *  SaiHandle sai;
  38:../../DaisySeed/DaisyExamples/libDaisy/src/per/sai.h ****  *  sai.Init(sai_config);
  39:../../DaisySeed/DaisyExamples/libDaisy/src/per/sai.h ****  *  // Now you can use it:
  40:../../DaisySeed/DaisyExamples/libDaisy/src/per/sai.h ****  *  sai.StartDma(. . .);
  41:../../DaisySeed/DaisyExamples/libDaisy/src/per/sai.h ****  */
  42:../../DaisySeed/DaisyExamples/libDaisy/src/per/sai.h **** class SaiHandle
  43:../../DaisySeed/DaisyExamples/libDaisy/src/per/sai.h **** {
  44:../../DaisySeed/DaisyExamples/libDaisy/src/per/sai.h ****   public:
  45:../../DaisySeed/DaisyExamples/libDaisy/src/per/sai.h ****     /** Contains settings for initialising an SAI Interface */
  46:../../DaisySeed/DaisyExamples/libDaisy/src/per/sai.h ****     struct Config
  47:../../DaisySeed/DaisyExamples/libDaisy/src/per/sai.h ****     {
  48:../../DaisySeed/DaisyExamples/libDaisy/src/per/sai.h ****         /** Specifies the internal peripheral to use (mapped to different hardware pins) */
  49:../../DaisySeed/DaisyExamples/libDaisy/src/per/sai.h ****         enum class Peripheral
  50:../../DaisySeed/DaisyExamples/libDaisy/src/per/sai.h ****         {
  51:../../DaisySeed/DaisyExamples/libDaisy/src/per/sai.h ****             SAI_1,
  52:../../DaisySeed/DaisyExamples/libDaisy/src/per/sai.h ****             SAI_2,
  53:../../DaisySeed/DaisyExamples/libDaisy/src/per/sai.h ****         };
  54:../../DaisySeed/DaisyExamples/libDaisy/src/per/sai.h **** 
  55:../../DaisySeed/DaisyExamples/libDaisy/src/per/sai.h ****         /** Rate at which samples will be streaming to/from the device. */
ARM GAS  /var/folders/0b/4qn_4lxx65nfvy4wf60ckd5w0000gn/T//ccwEFg80.s 			page 26


  56:../../DaisySeed/DaisyExamples/libDaisy/src/per/sai.h ****         enum class SampleRate
  57:../../DaisySeed/DaisyExamples/libDaisy/src/per/sai.h ****         {
  58:../../DaisySeed/DaisyExamples/libDaisy/src/per/sai.h ****             SAI_8KHZ,
  59:../../DaisySeed/DaisyExamples/libDaisy/src/per/sai.h ****             SAI_16KHZ,
  60:../../DaisySeed/DaisyExamples/libDaisy/src/per/sai.h ****             SAI_32KHZ,
  61:../../DaisySeed/DaisyExamples/libDaisy/src/per/sai.h ****             SAI_48KHZ,
  62:../../DaisySeed/DaisyExamples/libDaisy/src/per/sai.h ****             SAI_96KHZ,
  63:../../DaisySeed/DaisyExamples/libDaisy/src/per/sai.h ****         };
  64:../../DaisySeed/DaisyExamples/libDaisy/src/per/sai.h **** 
  65:../../DaisySeed/DaisyExamples/libDaisy/src/per/sai.h ****         /** Bit Depth that the hardware expects to be transferred to/from the device. */
  66:../../DaisySeed/DaisyExamples/libDaisy/src/per/sai.h ****         enum class BitDepth
  67:../../DaisySeed/DaisyExamples/libDaisy/src/per/sai.h ****         {
  68:../../DaisySeed/DaisyExamples/libDaisy/src/per/sai.h ****             SAI_16BIT,
  69:../../DaisySeed/DaisyExamples/libDaisy/src/per/sai.h ****             SAI_24BIT,
  70:../../DaisySeed/DaisyExamples/libDaisy/src/per/sai.h ****             SAI_32BIT,
  71:../../DaisySeed/DaisyExamples/libDaisy/src/per/sai.h ****         };
  72:../../DaisySeed/DaisyExamples/libDaisy/src/per/sai.h **** 
  73:../../DaisySeed/DaisyExamples/libDaisy/src/per/sai.h ****         /** Specifies whether a particular block is the master or the slave 
  74:../../DaisySeed/DaisyExamples/libDaisy/src/per/sai.h ****          ** If both are set to slave, no MCLK signal will be used, and it is
  75:../../DaisySeed/DaisyExamples/libDaisy/src/per/sai.h ****          ** expected that the codec will have its own xtal.
  76:../../DaisySeed/DaisyExamples/libDaisy/src/per/sai.h ****          */
  77:../../DaisySeed/DaisyExamples/libDaisy/src/per/sai.h ****         enum class Sync
  78:../../DaisySeed/DaisyExamples/libDaisy/src/per/sai.h ****         {
  79:../../DaisySeed/DaisyExamples/libDaisy/src/per/sai.h ****             MASTER,
  80:../../DaisySeed/DaisyExamples/libDaisy/src/per/sai.h ****             SLAVE,
  81:../../DaisySeed/DaisyExamples/libDaisy/src/per/sai.h ****         };
  82:../../DaisySeed/DaisyExamples/libDaisy/src/per/sai.h **** 
  83:../../DaisySeed/DaisyExamples/libDaisy/src/per/sai.h ****         /** Specifies the direction for each peripheral block. */
  84:../../DaisySeed/DaisyExamples/libDaisy/src/per/sai.h ****         enum class Direction
  85:../../DaisySeed/DaisyExamples/libDaisy/src/per/sai.h ****         {
  86:../../DaisySeed/DaisyExamples/libDaisy/src/per/sai.h ****             TRANSMIT,
  87:../../DaisySeed/DaisyExamples/libDaisy/src/per/sai.h ****             RECEIVE,
  88:../../DaisySeed/DaisyExamples/libDaisy/src/per/sai.h ****         };
  89:../../DaisySeed/DaisyExamples/libDaisy/src/per/sai.h **** 
  90:../../DaisySeed/DaisyExamples/libDaisy/src/per/sai.h ****         Peripheral periph;
  91:../../DaisySeed/DaisyExamples/libDaisy/src/per/sai.h ****         struct
  92:../../DaisySeed/DaisyExamples/libDaisy/src/per/sai.h ****         {
  93:../../DaisySeed/DaisyExamples/libDaisy/src/per/sai.h ****             dsy_gpio_pin mclk, fs, sck, sa, sb;
  94:../../DaisySeed/DaisyExamples/libDaisy/src/per/sai.h ****         } pin_config;
  95:../../DaisySeed/DaisyExamples/libDaisy/src/per/sai.h ****         SampleRate sr;
  96:../../DaisySeed/DaisyExamples/libDaisy/src/per/sai.h ****         BitDepth   bit_depth;
  97:../../DaisySeed/DaisyExamples/libDaisy/src/per/sai.h ****         Sync       a_sync, b_sync;
  98:../../DaisySeed/DaisyExamples/libDaisy/src/per/sai.h ****         Direction  a_dir, b_dir;
  99:../../DaisySeed/DaisyExamples/libDaisy/src/per/sai.h ****     };
 100:../../DaisySeed/DaisyExamples/libDaisy/src/per/sai.h **** 
 101:../../DaisySeed/DaisyExamples/libDaisy/src/per/sai.h ****     /** Return values for SAI functions */
 102:../../DaisySeed/DaisyExamples/libDaisy/src/per/sai.h ****     enum class Result
 103:../../DaisySeed/DaisyExamples/libDaisy/src/per/sai.h ****     {
 104:../../DaisySeed/DaisyExamples/libDaisy/src/per/sai.h ****         OK,
 105:../../DaisySeed/DaisyExamples/libDaisy/src/per/sai.h ****         ERR,
 106:../../DaisySeed/DaisyExamples/libDaisy/src/per/sai.h ****     };
 107:../../DaisySeed/DaisyExamples/libDaisy/src/per/sai.h **** 
 108:../../DaisySeed/DaisyExamples/libDaisy/src/per/sai.h ****     SaiHandle() : pimpl_(nullptr) {}
 546              		.loc 9 108 5 is_stmt 1 view .LVU148
 547              	.LBB260:
 548              	.LBB261:
 549              		.loc 9 108 33 is_stmt 0 view .LVU149
ARM GAS  /var/folders/0b/4qn_4lxx65nfvy4wf60ckd5w0000gn/T//ccwEFg80.s 			page 27


 550 0010 C463     		str	r4, [r0, #60]
 551              	.LVL35:
 552              		.loc 9 108 33 view .LVU150
 553              	.LBE261:
 554              	.LBE260:
 555              	.LBE259:
 556              	.LBE263:
 557              	.LBE265:
  21:main.cpp      **** DaisySeed hw;
 558              		.loc 6 21 11 view .LVU151
 559 0012 FFF7FEFF 		bl	__aeabi_atexit
 560              	.LVL36:
 561              	.LBB266:
 562              	.LBI266:
 563              		.file 10 "../../DaisySeed/DaisyExamples/libDaisy/src/per/gpio.h"
   1:../../DaisySeed/DaisyExamples/libDaisy/src/per/gpio.h **** #pragma once
   2:../../DaisySeed/DaisyExamples/libDaisy/src/per/gpio.h **** #ifndef DSY_GPIO_H
   3:../../DaisySeed/DaisyExamples/libDaisy/src/per/gpio.h **** #define DSY_GPIO_H
   4:../../DaisySeed/DaisyExamples/libDaisy/src/per/gpio.h **** #include "daisy_core.h"
   5:../../DaisySeed/DaisyExamples/libDaisy/src/per/gpio.h **** 
   6:../../DaisySeed/DaisyExamples/libDaisy/src/per/gpio.h **** #ifdef __cplusplus
   7:../../DaisySeed/DaisyExamples/libDaisy/src/per/gpio.h **** 
   8:../../DaisySeed/DaisyExamples/libDaisy/src/per/gpio.h **** namespace daisy
   9:../../DaisySeed/DaisyExamples/libDaisy/src/per/gpio.h **** {
  10:../../DaisySeed/DaisyExamples/libDaisy/src/per/gpio.h **** /** @brief General Purpose I/O control 
  11:../../DaisySeed/DaisyExamples/libDaisy/src/per/gpio.h ****  *  @details peripheral control over a single GPIO
  12:../../DaisySeed/DaisyExamples/libDaisy/src/per/gpio.h ****  *  @ingroup peripheral
  13:../../DaisySeed/DaisyExamples/libDaisy/src/per/gpio.h ****  *   
  14:../../DaisySeed/DaisyExamples/libDaisy/src/per/gpio.h ****  *  Button Input (with internal Pullup resistor)
  15:../../DaisySeed/DaisyExamples/libDaisy/src/per/gpio.h ****  *  @include GPIO_Input.cpp 
  16:../../DaisySeed/DaisyExamples/libDaisy/src/per/gpio.h ****  * 
  17:../../DaisySeed/DaisyExamples/libDaisy/src/per/gpio.h ****  *  Output Example (perfect for blinking an LED)
  18:../../DaisySeed/DaisyExamples/libDaisy/src/per/gpio.h ****  *  @include GPIO_Output.cpp
  19:../../DaisySeed/DaisyExamples/libDaisy/src/per/gpio.h ****  * 
  20:../../DaisySeed/DaisyExamples/libDaisy/src/per/gpio.h **** */
  21:../../DaisySeed/DaisyExamples/libDaisy/src/per/gpio.h **** class GPIO
  22:../../DaisySeed/DaisyExamples/libDaisy/src/per/gpio.h **** {
  23:../../DaisySeed/DaisyExamples/libDaisy/src/per/gpio.h ****   public:
  24:../../DaisySeed/DaisyExamples/libDaisy/src/per/gpio.h ****     /** @brief Mode of operation for the specified GPIO */
  25:../../DaisySeed/DaisyExamples/libDaisy/src/per/gpio.h ****     enum class Mode
  26:../../DaisySeed/DaisyExamples/libDaisy/src/per/gpio.h ****     {
  27:../../DaisySeed/DaisyExamples/libDaisy/src/per/gpio.h ****         INPUT,     /**< Input for reading state of pin */
  28:../../DaisySeed/DaisyExamples/libDaisy/src/per/gpio.h ****         OUTPUT,    /**< Output w/ push-pull configuration */
  29:../../DaisySeed/DaisyExamples/libDaisy/src/per/gpio.h ****         OUTPUT_OD, /**< Output w/ open-drain configuration */
  30:../../DaisySeed/DaisyExamples/libDaisy/src/per/gpio.h ****         ANALOG,    /**< Analog for connection to ADC or DAC peripheral */
  31:../../DaisySeed/DaisyExamples/libDaisy/src/per/gpio.h ****     };
  32:../../DaisySeed/DaisyExamples/libDaisy/src/per/gpio.h **** 
  33:../../DaisySeed/DaisyExamples/libDaisy/src/per/gpio.h ****     /** @brief Configures whether an internal Pull up or Pull down resistor is used. 
  34:../../DaisySeed/DaisyExamples/libDaisy/src/per/gpio.h ****      *  
  35:../../DaisySeed/DaisyExamples/libDaisy/src/per/gpio.h ****      * Internal Pull up/down resistors are typically 40k ohms, and will be between
  36:../../DaisySeed/DaisyExamples/libDaisy/src/per/gpio.h ****      * 30k and 50k
  37:../../DaisySeed/DaisyExamples/libDaisy/src/per/gpio.h ****      * 
  38:../../DaisySeed/DaisyExamples/libDaisy/src/per/gpio.h ****      * When the Pin is configured in Analog mode, the pull up/down resistors are
  39:../../DaisySeed/DaisyExamples/libDaisy/src/per/gpio.h ****      * disabled by hardware. 
  40:../../DaisySeed/DaisyExamples/libDaisy/src/per/gpio.h ****      */
  41:../../DaisySeed/DaisyExamples/libDaisy/src/per/gpio.h ****     enum class Pull
  42:../../DaisySeed/DaisyExamples/libDaisy/src/per/gpio.h ****     {
ARM GAS  /var/folders/0b/4qn_4lxx65nfvy4wf60ckd5w0000gn/T//ccwEFg80.s 			page 28


  43:../../DaisySeed/DaisyExamples/libDaisy/src/per/gpio.h ****         NOPULL,   /**< No pull up resistor */
  44:../../DaisySeed/DaisyExamples/libDaisy/src/per/gpio.h ****         PULLUP,   /**< Internal pull up enabled */
  45:../../DaisySeed/DaisyExamples/libDaisy/src/per/gpio.h ****         PULLDOWN, /**< Internal pull down enabled*/
  46:../../DaisySeed/DaisyExamples/libDaisy/src/per/gpio.h ****     };
  47:../../DaisySeed/DaisyExamples/libDaisy/src/per/gpio.h **** 
  48:../../DaisySeed/DaisyExamples/libDaisy/src/per/gpio.h ****     /** @brief Output speed controls the drive strength, and slew rate of the pin */
  49:../../DaisySeed/DaisyExamples/libDaisy/src/per/gpio.h ****     enum class Speed
  50:../../DaisySeed/DaisyExamples/libDaisy/src/per/gpio.h ****     {
  51:../../DaisySeed/DaisyExamples/libDaisy/src/per/gpio.h ****         LOW,
  52:../../DaisySeed/DaisyExamples/libDaisy/src/per/gpio.h ****         MEDIUM,
  53:../../DaisySeed/DaisyExamples/libDaisy/src/per/gpio.h ****         HIGH,
  54:../../DaisySeed/DaisyExamples/libDaisy/src/per/gpio.h ****         VERY_HIGH,
  55:../../DaisySeed/DaisyExamples/libDaisy/src/per/gpio.h ****     };
  56:../../DaisySeed/DaisyExamples/libDaisy/src/per/gpio.h **** 
  57:../../DaisySeed/DaisyExamples/libDaisy/src/per/gpio.h ****     /** @brief Configuration for a given GPIO */
  58:../../DaisySeed/DaisyExamples/libDaisy/src/per/gpio.h ****     struct Config
  59:../../DaisySeed/DaisyExamples/libDaisy/src/per/gpio.h ****     {
  60:../../DaisySeed/DaisyExamples/libDaisy/src/per/gpio.h ****         Pin   pin;
  61:../../DaisySeed/DaisyExamples/libDaisy/src/per/gpio.h ****         Mode  mode;
  62:../../DaisySeed/DaisyExamples/libDaisy/src/per/gpio.h ****         Pull  pull;
  63:../../DaisySeed/DaisyExamples/libDaisy/src/per/gpio.h ****         Speed speed;
  64:../../DaisySeed/DaisyExamples/libDaisy/src/per/gpio.h **** 
  65:../../DaisySeed/DaisyExamples/libDaisy/src/per/gpio.h ****         /** Constructor with no arguments will prepare an invalid GPIO set as
  66:../../DaisySeed/DaisyExamples/libDaisy/src/per/gpio.h ****          *  an input, with no pullup. 
  67:../../DaisySeed/DaisyExamples/libDaisy/src/per/gpio.h ****          */
  68:../../DaisySeed/DaisyExamples/libDaisy/src/per/gpio.h ****         Config()
  69:../../DaisySeed/DaisyExamples/libDaisy/src/per/gpio.h ****         : pin(), mode(Mode::INPUT), pull(Pull::NOPULL), speed(Speed::LOW)
  70:../../DaisySeed/DaisyExamples/libDaisy/src/per/gpio.h ****         {
  71:../../DaisySeed/DaisyExamples/libDaisy/src/per/gpio.h ****         }
  72:../../DaisySeed/DaisyExamples/libDaisy/src/per/gpio.h ****     };
  73:../../DaisySeed/DaisyExamples/libDaisy/src/per/gpio.h **** 
  74:../../DaisySeed/DaisyExamples/libDaisy/src/per/gpio.h ****     GPIO() {}
 564              		.loc 10 74 5 is_stmt 1 view .LVU152
 565              	.LBB267:
 566              	.LBB268:
 567              	.LBI268:
  68:../../DaisySeed/DaisyExamples/libDaisy/src/per/gpio.h ****         : pin(), mode(Mode::INPUT), pull(Pull::NOPULL), speed(Speed::LOW)
 568              		.loc 10 68 9 view .LVU153
 569              	.LBB269:
 570              	.LBB270:
 571              	.LBB271:
 572              	.LBI271:
 573              		.file 11 "../../DaisySeed/DaisyExamples/libDaisy/src/daisy_core.h"
   1:../../DaisySeed/DaisyExamples/libDaisy/src/daisy_core.h **** #pragma once
   2:../../DaisySeed/DaisyExamples/libDaisy/src/daisy_core.h **** #ifndef DSY_CORE_HW_H
   3:../../DaisySeed/DaisyExamples/libDaisy/src/daisy_core.h **** #define DSY_CORE_HW_H /**< & */
   4:../../DaisySeed/DaisyExamples/libDaisy/src/daisy_core.h **** #include <stdint.h>
   5:../../DaisySeed/DaisyExamples/libDaisy/src/daisy_core.h **** #include <stdlib.h>
   6:../../DaisySeed/DaisyExamples/libDaisy/src/daisy_core.h **** 
   7:../../DaisySeed/DaisyExamples/libDaisy/src/daisy_core.h **** #if defined(_MSC_VER)
   8:../../DaisySeed/DaisyExamples/libDaisy/src/daisy_core.h **** #define FORCE_INLINE __forceinline /**< & */
   9:../../DaisySeed/DaisyExamples/libDaisy/src/daisy_core.h **** #elif defined(__clang__)
  10:../../DaisySeed/DaisyExamples/libDaisy/src/daisy_core.h **** #define FORCE_INLINE inline __attribute__((always_inline)) /**< & */
  11:../../DaisySeed/DaisyExamples/libDaisy/src/daisy_core.h **** #pragma clang diagnostic ignored "-Wduplicate-decl-specifier"
  12:../../DaisySeed/DaisyExamples/libDaisy/src/daisy_core.h **** #elif defined(__GNUC__)
  13:../../DaisySeed/DaisyExamples/libDaisy/src/daisy_core.h **** #define FORCE_INLINE inline __attribute__((always_inline)) /**< & */
  14:../../DaisySeed/DaisyExamples/libDaisy/src/daisy_core.h **** #else
ARM GAS  /var/folders/0b/4qn_4lxx65nfvy4wf60ckd5w0000gn/T//ccwEFg80.s 			page 29


  15:../../DaisySeed/DaisyExamples/libDaisy/src/daisy_core.h **** #error unknown compiler
  16:../../DaisySeed/DaisyExamples/libDaisy/src/daisy_core.h **** #endif
  17:../../DaisySeed/DaisyExamples/libDaisy/src/daisy_core.h **** 
  18:../../DaisySeed/DaisyExamples/libDaisy/src/daisy_core.h **** /** @addtogroup utility
  19:../../DaisySeed/DaisyExamples/libDaisy/src/daisy_core.h ****     @{
  20:../../DaisySeed/DaisyExamples/libDaisy/src/daisy_core.h **** */
  21:../../DaisySeed/DaisyExamples/libDaisy/src/daisy_core.h **** 
  22:../../DaisySeed/DaisyExamples/libDaisy/src/daisy_core.h **** /** Macro for area of memory that is configured as cacheless
  23:../../DaisySeed/DaisyExamples/libDaisy/src/daisy_core.h **** This should be used primarily for DMA buffers, and the like.
  24:../../DaisySeed/DaisyExamples/libDaisy/src/daisy_core.h **** */
  25:../../DaisySeed/DaisyExamples/libDaisy/src/daisy_core.h **** #define DMA_BUFFER_MEM_SECTION __attribute__((section(".sram1_bss")))
  26:../../DaisySeed/DaisyExamples/libDaisy/src/daisy_core.h **** /** 
  27:../../DaisySeed/DaisyExamples/libDaisy/src/daisy_core.h **** THE DTCM RAM section is also non-cached. However, is not suitable 
  28:../../DaisySeed/DaisyExamples/libDaisy/src/daisy_core.h **** for DMA transfers. Performance is on par with internal SRAM w/ 
  29:../../DaisySeed/DaisyExamples/libDaisy/src/daisy_core.h **** cache enabled.
  30:../../DaisySeed/DaisyExamples/libDaisy/src/daisy_core.h **** */
  31:../../DaisySeed/DaisyExamples/libDaisy/src/daisy_core.h **** #define DTCM_MEM_SECTION __attribute__((section(".dtcmram_bss")))
  32:../../DaisySeed/DaisyExamples/libDaisy/src/daisy_core.h **** 
  33:../../DaisySeed/DaisyExamples/libDaisy/src/daisy_core.h **** #define FBIPMAX 0.999985f             /**< close to 1.0f-LSB at 16 bit */
  34:../../DaisySeed/DaisyExamples/libDaisy/src/daisy_core.h **** #define FBIPMIN (-FBIPMAX)            /**< - (1 - LSB) */
  35:../../DaisySeed/DaisyExamples/libDaisy/src/daisy_core.h **** #define U82F_SCALE 0.0078740f         /**< 1 / 127 */
  36:../../DaisySeed/DaisyExamples/libDaisy/src/daisy_core.h **** #define F2U8_SCALE 127.0f             /**< 128 - 1 */
  37:../../DaisySeed/DaisyExamples/libDaisy/src/daisy_core.h **** #define S82F_SCALE 0.0078125f         /**< 1 / (2**7) */
  38:../../DaisySeed/DaisyExamples/libDaisy/src/daisy_core.h **** #define F2S8_SCALE 127.0f             /**< (2 ** 7) - 1 */
  39:../../DaisySeed/DaisyExamples/libDaisy/src/daisy_core.h **** #define S162F_SCALE 3.0517578125e-05f /**< 1 / (2** 15) */
  40:../../DaisySeed/DaisyExamples/libDaisy/src/daisy_core.h **** #define F2S16_SCALE 32767.0f          /**< (2 ** 15) - 1 */
  41:../../DaisySeed/DaisyExamples/libDaisy/src/daisy_core.h **** #define F2S24_SCALE 8388608.0f        /**< 2 ** 23 */
  42:../../DaisySeed/DaisyExamples/libDaisy/src/daisy_core.h **** #define S242F_SCALE 1.192092896e-07f  /**< 1 / (2 ** 23) */
  43:../../DaisySeed/DaisyExamples/libDaisy/src/daisy_core.h **** #define S24SIGN 0x800000              /**< 2 ** 23 */
  44:../../DaisySeed/DaisyExamples/libDaisy/src/daisy_core.h **** #define S322F_SCALE 4.6566129e-10f    /**< 1 / (2** 31) */
  45:../../DaisySeed/DaisyExamples/libDaisy/src/daisy_core.h **** #define F2S32_SCALE 2147483647.f      /**< (2 ** 31) - 1 */
  46:../../DaisySeed/DaisyExamples/libDaisy/src/daisy_core.h **** 
  47:../../DaisySeed/DaisyExamples/libDaisy/src/daisy_core.h **** 
  48:../../DaisySeed/DaisyExamples/libDaisy/src/daisy_core.h **** /** shorthand macro for simplifying the reading of the left 
  49:../../DaisySeed/DaisyExamples/libDaisy/src/daisy_core.h ****  *  channel of a non-interleaved output buffer named out */
  50:../../DaisySeed/DaisyExamples/libDaisy/src/daisy_core.h **** #define OUT_L out[0]
  51:../../DaisySeed/DaisyExamples/libDaisy/src/daisy_core.h **** 
  52:../../DaisySeed/DaisyExamples/libDaisy/src/daisy_core.h **** /** shorthand macro for simplifying the reading of the right 
  53:../../DaisySeed/DaisyExamples/libDaisy/src/daisy_core.h ****  *  channel of a non-interleaved output buffer named out */
  54:../../DaisySeed/DaisyExamples/libDaisy/src/daisy_core.h **** #define OUT_R out[1]
  55:../../DaisySeed/DaisyExamples/libDaisy/src/daisy_core.h **** 
  56:../../DaisySeed/DaisyExamples/libDaisy/src/daisy_core.h **** /** shorthand macro for simplifying the reading of the left 
  57:../../DaisySeed/DaisyExamples/libDaisy/src/daisy_core.h ****  *  channel of a non-interleaved input buffer named in */
  58:../../DaisySeed/DaisyExamples/libDaisy/src/daisy_core.h **** #define IN_L in[0]
  59:../../DaisySeed/DaisyExamples/libDaisy/src/daisy_core.h **** 
  60:../../DaisySeed/DaisyExamples/libDaisy/src/daisy_core.h **** /** shorthand macro for simplifying the reading of the right 
  61:../../DaisySeed/DaisyExamples/libDaisy/src/daisy_core.h ****  *  channel of a non-interleaved input buffer named in */
  62:../../DaisySeed/DaisyExamples/libDaisy/src/daisy_core.h **** #define IN_R in[1]
  63:../../DaisySeed/DaisyExamples/libDaisy/src/daisy_core.h **** 
  64:../../DaisySeed/DaisyExamples/libDaisy/src/daisy_core.h **** /** 
  65:../../DaisySeed/DaisyExamples/libDaisy/src/daisy_core.h ****     Computes cube.
  66:../../DaisySeed/DaisyExamples/libDaisy/src/daisy_core.h ****     \param x Number to be cubed
  67:../../DaisySeed/DaisyExamples/libDaisy/src/daisy_core.h ****     \return x ^ 3
  68:../../DaisySeed/DaisyExamples/libDaisy/src/daisy_core.h **** */
  69:../../DaisySeed/DaisyExamples/libDaisy/src/daisy_core.h **** FORCE_INLINE float cube(float x)
  70:../../DaisySeed/DaisyExamples/libDaisy/src/daisy_core.h **** {
  71:../../DaisySeed/DaisyExamples/libDaisy/src/daisy_core.h ****     return (x * x) * x;
ARM GAS  /var/folders/0b/4qn_4lxx65nfvy4wf60ckd5w0000gn/T//ccwEFg80.s 			page 30


  72:../../DaisySeed/DaisyExamples/libDaisy/src/daisy_core.h **** }
  73:../../DaisySeed/DaisyExamples/libDaisy/src/daisy_core.h **** 
  74:../../DaisySeed/DaisyExamples/libDaisy/src/daisy_core.h **** /** 
  75:../../DaisySeed/DaisyExamples/libDaisy/src/daisy_core.h ****     Converts unsigned 8-bit to float
  76:../../DaisySeed/DaisyExamples/libDaisy/src/daisy_core.h ****     \param x Number to be scaled.
  77:../../DaisySeed/DaisyExamples/libDaisy/src/daisy_core.h ****     \return Scaled number.
  78:../../DaisySeed/DaisyExamples/libDaisy/src/daisy_core.h **** */
  79:../../DaisySeed/DaisyExamples/libDaisy/src/daisy_core.h **** FORCE_INLINE float u82f(uint8_t x)
  80:../../DaisySeed/DaisyExamples/libDaisy/src/daisy_core.h **** {
  81:../../DaisySeed/DaisyExamples/libDaisy/src/daisy_core.h ****     return ((float)x - 127.f) * U82F_SCALE;
  82:../../DaisySeed/DaisyExamples/libDaisy/src/daisy_core.h **** }
  83:../../DaisySeed/DaisyExamples/libDaisy/src/daisy_core.h **** 
  84:../../DaisySeed/DaisyExamples/libDaisy/src/daisy_core.h **** /**
  85:../../DaisySeed/DaisyExamples/libDaisy/src/daisy_core.h ****     Converts float to unsigned 8-bit
  86:../../DaisySeed/DaisyExamples/libDaisy/src/daisy_core.h **** */
  87:../../DaisySeed/DaisyExamples/libDaisy/src/daisy_core.h **** FORCE_INLINE uint8_t f2u8(float x)
  88:../../DaisySeed/DaisyExamples/libDaisy/src/daisy_core.h **** {
  89:../../DaisySeed/DaisyExamples/libDaisy/src/daisy_core.h ****     x = x <= FBIPMIN ? FBIPMIN : x;
  90:../../DaisySeed/DaisyExamples/libDaisy/src/daisy_core.h ****     x = x >= FBIPMAX ? FBIPMAX : x;
  91:../../DaisySeed/DaisyExamples/libDaisy/src/daisy_core.h ****     return (uint8_t)((x * F2U8_SCALE) + F2U8_SCALE);
  92:../../DaisySeed/DaisyExamples/libDaisy/src/daisy_core.h **** }
  93:../../DaisySeed/DaisyExamples/libDaisy/src/daisy_core.h **** 
  94:../../DaisySeed/DaisyExamples/libDaisy/src/daisy_core.h **** 
  95:../../DaisySeed/DaisyExamples/libDaisy/src/daisy_core.h **** /** 
  96:../../DaisySeed/DaisyExamples/libDaisy/src/daisy_core.h ****     Converts Signed 8-bit to float
  97:../../DaisySeed/DaisyExamples/libDaisy/src/daisy_core.h ****     \param x Number to be scaled.
  98:../../DaisySeed/DaisyExamples/libDaisy/src/daisy_core.h ****     \return Scaled number.
  99:../../DaisySeed/DaisyExamples/libDaisy/src/daisy_core.h **** */
 100:../../DaisySeed/DaisyExamples/libDaisy/src/daisy_core.h **** FORCE_INLINE float s82f(int8_t x)
 101:../../DaisySeed/DaisyExamples/libDaisy/src/daisy_core.h **** {
 102:../../DaisySeed/DaisyExamples/libDaisy/src/daisy_core.h ****     return (float)x * S82F_SCALE;
 103:../../DaisySeed/DaisyExamples/libDaisy/src/daisy_core.h **** }
 104:../../DaisySeed/DaisyExamples/libDaisy/src/daisy_core.h **** 
 105:../../DaisySeed/DaisyExamples/libDaisy/src/daisy_core.h **** /**
 106:../../DaisySeed/DaisyExamples/libDaisy/src/daisy_core.h ****     Converts float to Signed 8-bit
 107:../../DaisySeed/DaisyExamples/libDaisy/src/daisy_core.h **** */
 108:../../DaisySeed/DaisyExamples/libDaisy/src/daisy_core.h **** FORCE_INLINE int8_t f2s8(float x)
 109:../../DaisySeed/DaisyExamples/libDaisy/src/daisy_core.h **** {
 110:../../DaisySeed/DaisyExamples/libDaisy/src/daisy_core.h ****     x = x <= FBIPMIN ? FBIPMIN : x;
 111:../../DaisySeed/DaisyExamples/libDaisy/src/daisy_core.h ****     x = x >= FBIPMAX ? FBIPMAX : x;
 112:../../DaisySeed/DaisyExamples/libDaisy/src/daisy_core.h ****     return (int32_t)(x * F2S8_SCALE);
 113:../../DaisySeed/DaisyExamples/libDaisy/src/daisy_core.h **** }
 114:../../DaisySeed/DaisyExamples/libDaisy/src/daisy_core.h **** 
 115:../../DaisySeed/DaisyExamples/libDaisy/src/daisy_core.h **** /** 
 116:../../DaisySeed/DaisyExamples/libDaisy/src/daisy_core.h ****     Converts Signed 16-bit to float
 117:../../DaisySeed/DaisyExamples/libDaisy/src/daisy_core.h ****     \param x Number to be scaled.
 118:../../DaisySeed/DaisyExamples/libDaisy/src/daisy_core.h ****     \return Scaled number.
 119:../../DaisySeed/DaisyExamples/libDaisy/src/daisy_core.h **** */
 120:../../DaisySeed/DaisyExamples/libDaisy/src/daisy_core.h **** FORCE_INLINE float s162f(int16_t x)
 121:../../DaisySeed/DaisyExamples/libDaisy/src/daisy_core.h **** {
 122:../../DaisySeed/DaisyExamples/libDaisy/src/daisy_core.h ****     return (float)x * S162F_SCALE;
 123:../../DaisySeed/DaisyExamples/libDaisy/src/daisy_core.h **** }
 124:../../DaisySeed/DaisyExamples/libDaisy/src/daisy_core.h **** 
 125:../../DaisySeed/DaisyExamples/libDaisy/src/daisy_core.h **** /**
 126:../../DaisySeed/DaisyExamples/libDaisy/src/daisy_core.h ****     Converts float to Signed 16-bit
 127:../../DaisySeed/DaisyExamples/libDaisy/src/daisy_core.h **** */
 128:../../DaisySeed/DaisyExamples/libDaisy/src/daisy_core.h **** FORCE_INLINE int16_t f2s16(float x)
ARM GAS  /var/folders/0b/4qn_4lxx65nfvy4wf60ckd5w0000gn/T//ccwEFg80.s 			page 31


 129:../../DaisySeed/DaisyExamples/libDaisy/src/daisy_core.h **** {
 130:../../DaisySeed/DaisyExamples/libDaisy/src/daisy_core.h ****     x = x <= FBIPMIN ? FBIPMIN : x;
 131:../../DaisySeed/DaisyExamples/libDaisy/src/daisy_core.h ****     x = x >= FBIPMAX ? FBIPMAX : x;
 132:../../DaisySeed/DaisyExamples/libDaisy/src/daisy_core.h ****     return (int32_t)(x * F2S16_SCALE);
 133:../../DaisySeed/DaisyExamples/libDaisy/src/daisy_core.h **** }
 134:../../DaisySeed/DaisyExamples/libDaisy/src/daisy_core.h **** 
 135:../../DaisySeed/DaisyExamples/libDaisy/src/daisy_core.h **** /**
 136:../../DaisySeed/DaisyExamples/libDaisy/src/daisy_core.h ****     Converts Signed 24-bit to float
 137:../../DaisySeed/DaisyExamples/libDaisy/src/daisy_core.h ****  */
 138:../../DaisySeed/DaisyExamples/libDaisy/src/daisy_core.h **** FORCE_INLINE float s242f(int32_t x)
 139:../../DaisySeed/DaisyExamples/libDaisy/src/daisy_core.h **** {
 140:../../DaisySeed/DaisyExamples/libDaisy/src/daisy_core.h ****     x = (x ^ S24SIGN) - S24SIGN; //sign extend aka ((x<<8)>>8)
 141:../../DaisySeed/DaisyExamples/libDaisy/src/daisy_core.h ****     return (float)x * S242F_SCALE;
 142:../../DaisySeed/DaisyExamples/libDaisy/src/daisy_core.h **** }
 143:../../DaisySeed/DaisyExamples/libDaisy/src/daisy_core.h **** /**
 144:../../DaisySeed/DaisyExamples/libDaisy/src/daisy_core.h ****     Converts float to Signed 24-bit
 145:../../DaisySeed/DaisyExamples/libDaisy/src/daisy_core.h ****  */
 146:../../DaisySeed/DaisyExamples/libDaisy/src/daisy_core.h **** FORCE_INLINE int32_t f2s24(float x)
 147:../../DaisySeed/DaisyExamples/libDaisy/src/daisy_core.h **** {
 148:../../DaisySeed/DaisyExamples/libDaisy/src/daisy_core.h ****     x = x <= FBIPMIN ? FBIPMIN : x;
 149:../../DaisySeed/DaisyExamples/libDaisy/src/daisy_core.h ****     x = x >= FBIPMAX ? FBIPMAX : x;
 150:../../DaisySeed/DaisyExamples/libDaisy/src/daisy_core.h ****     return (int32_t)(x * F2S24_SCALE);
 151:../../DaisySeed/DaisyExamples/libDaisy/src/daisy_core.h **** }
 152:../../DaisySeed/DaisyExamples/libDaisy/src/daisy_core.h **** 
 153:../../DaisySeed/DaisyExamples/libDaisy/src/daisy_core.h **** /**
 154:../../DaisySeed/DaisyExamples/libDaisy/src/daisy_core.h ****     Converts Signed 32-bit to float
 155:../../DaisySeed/DaisyExamples/libDaisy/src/daisy_core.h ****  */
 156:../../DaisySeed/DaisyExamples/libDaisy/src/daisy_core.h **** FORCE_INLINE float s322f(int32_t x)
 157:../../DaisySeed/DaisyExamples/libDaisy/src/daisy_core.h **** {
 158:../../DaisySeed/DaisyExamples/libDaisy/src/daisy_core.h ****     return (float)x * S322F_SCALE;
 159:../../DaisySeed/DaisyExamples/libDaisy/src/daisy_core.h **** }
 160:../../DaisySeed/DaisyExamples/libDaisy/src/daisy_core.h **** /**
 161:../../DaisySeed/DaisyExamples/libDaisy/src/daisy_core.h ****     Converts float to Signed 24-bit
 162:../../DaisySeed/DaisyExamples/libDaisy/src/daisy_core.h ****  */
 163:../../DaisySeed/DaisyExamples/libDaisy/src/daisy_core.h **** FORCE_INLINE int32_t f2s32(float x)
 164:../../DaisySeed/DaisyExamples/libDaisy/src/daisy_core.h **** {
 165:../../DaisySeed/DaisyExamples/libDaisy/src/daisy_core.h ****     x = x <= FBIPMIN ? FBIPMIN : x;
 166:../../DaisySeed/DaisyExamples/libDaisy/src/daisy_core.h ****     x = x >= FBIPMAX ? FBIPMAX : x;
 167:../../DaisySeed/DaisyExamples/libDaisy/src/daisy_core.h ****     return (int32_t)(x * F2S32_SCALE);
 168:../../DaisySeed/DaisyExamples/libDaisy/src/daisy_core.h **** }
 169:../../DaisySeed/DaisyExamples/libDaisy/src/daisy_core.h **** 
 170:../../DaisySeed/DaisyExamples/libDaisy/src/daisy_core.h **** 
 171:../../DaisySeed/DaisyExamples/libDaisy/src/daisy_core.h **** /** Enums and a simple struct for defining a hardware pin on the MCU
 172:../../DaisySeed/DaisyExamples/libDaisy/src/daisy_core.h ****  *  These correlate with the stm32 datasheet, and are used to configure
 173:../../DaisySeed/DaisyExamples/libDaisy/src/daisy_core.h ****  *  the hardware.
 174:../../DaisySeed/DaisyExamples/libDaisy/src/daisy_core.h ****  * 
 175:../../DaisySeed/DaisyExamples/libDaisy/src/daisy_core.h ****  *  This along with the dsy_gpio_pin class should no longer be used.
 176:../../DaisySeed/DaisyExamples/libDaisy/src/daisy_core.h ****  *  They are available for backwards compatability. 
 177:../../DaisySeed/DaisyExamples/libDaisy/src/daisy_core.h ****  * 
 178:../../DaisySeed/DaisyExamples/libDaisy/src/daisy_core.h ****  *  Please use GPIOPort enum and the Pin struct instead.
 179:../../DaisySeed/DaisyExamples/libDaisy/src/daisy_core.h ****  */
 180:../../DaisySeed/DaisyExamples/libDaisy/src/daisy_core.h **** typedef enum
 181:../../DaisySeed/DaisyExamples/libDaisy/src/daisy_core.h **** {
 182:../../DaisySeed/DaisyExamples/libDaisy/src/daisy_core.h ****     DSY_GPIOA, /**< & */
 183:../../DaisySeed/DaisyExamples/libDaisy/src/daisy_core.h ****     DSY_GPIOB, /**< & */
 184:../../DaisySeed/DaisyExamples/libDaisy/src/daisy_core.h ****     DSY_GPIOC, /**< & */
 185:../../DaisySeed/DaisyExamples/libDaisy/src/daisy_core.h ****     DSY_GPIOD, /**< & */
ARM GAS  /var/folders/0b/4qn_4lxx65nfvy4wf60ckd5w0000gn/T//ccwEFg80.s 			page 32


 186:../../DaisySeed/DaisyExamples/libDaisy/src/daisy_core.h ****     DSY_GPIOE, /**< & */
 187:../../DaisySeed/DaisyExamples/libDaisy/src/daisy_core.h ****     DSY_GPIOF, /**< & */
 188:../../DaisySeed/DaisyExamples/libDaisy/src/daisy_core.h ****     DSY_GPIOG, /**< & */
 189:../../DaisySeed/DaisyExamples/libDaisy/src/daisy_core.h ****     DSY_GPIOH, /**< & */
 190:../../DaisySeed/DaisyExamples/libDaisy/src/daisy_core.h ****     DSY_GPIOI, /**< & */
 191:../../DaisySeed/DaisyExamples/libDaisy/src/daisy_core.h ****     DSY_GPIOJ, /**< & */
 192:../../DaisySeed/DaisyExamples/libDaisy/src/daisy_core.h ****     DSY_GPIOK, /**< & */
 193:../../DaisySeed/DaisyExamples/libDaisy/src/daisy_core.h ****     DSY_GPIOX, /** This is a non-existant port for unsupported bits of hardware. */
 194:../../DaisySeed/DaisyExamples/libDaisy/src/daisy_core.h ****     DSY_GPIO_LAST, /** Final enum member */
 195:../../DaisySeed/DaisyExamples/libDaisy/src/daisy_core.h **** } dsy_gpio_port;
 196:../../DaisySeed/DaisyExamples/libDaisy/src/daisy_core.h **** 
 197:../../DaisySeed/DaisyExamples/libDaisy/src/daisy_core.h **** /** Hardware define pins 
 198:../../DaisySeed/DaisyExamples/libDaisy/src/daisy_core.h ****  *  
 199:../../DaisySeed/DaisyExamples/libDaisy/src/daisy_core.h ****  *  The dsy_gpio_pin struct should no longer be used, and is only available for
 200:../../DaisySeed/DaisyExamples/libDaisy/src/daisy_core.h ****  *  backwards compatability.
 201:../../DaisySeed/DaisyExamples/libDaisy/src/daisy_core.h ****  * 
 202:../../DaisySeed/DaisyExamples/libDaisy/src/daisy_core.h ****  *  Please use Pin struct instead.
 203:../../DaisySeed/DaisyExamples/libDaisy/src/daisy_core.h ****  */
 204:../../DaisySeed/DaisyExamples/libDaisy/src/daisy_core.h **** typedef struct
 205:../../DaisySeed/DaisyExamples/libDaisy/src/daisy_core.h **** {
 206:../../DaisySeed/DaisyExamples/libDaisy/src/daisy_core.h ****     dsy_gpio_port port; /**< & */
 207:../../DaisySeed/DaisyExamples/libDaisy/src/daisy_core.h ****     uint8_t       pin;  /**< number 0-15 */
 208:../../DaisySeed/DaisyExamples/libDaisy/src/daisy_core.h **** } dsy_gpio_pin;
 209:../../DaisySeed/DaisyExamples/libDaisy/src/daisy_core.h **** 
 210:../../DaisySeed/DaisyExamples/libDaisy/src/daisy_core.h **** /** Helper for creating pins from port/pin combos easily
 211:../../DaisySeed/DaisyExamples/libDaisy/src/daisy_core.h ****  * 
 212:../../DaisySeed/DaisyExamples/libDaisy/src/daisy_core.h ****  *  The dsy_gpio_pin struct should no longer be used, and is only available for
 213:../../DaisySeed/DaisyExamples/libDaisy/src/daisy_core.h ****  *  backwards compatability.
 214:../../DaisySeed/DaisyExamples/libDaisy/src/daisy_core.h ****  * 
 215:../../DaisySeed/DaisyExamples/libDaisy/src/daisy_core.h ****  *  Please use Pin struct instead.
 216:../../DaisySeed/DaisyExamples/libDaisy/src/daisy_core.h **** */
 217:../../DaisySeed/DaisyExamples/libDaisy/src/daisy_core.h **** FORCE_INLINE dsy_gpio_pin dsy_pin(dsy_gpio_port port, uint8_t pin)
 218:../../DaisySeed/DaisyExamples/libDaisy/src/daisy_core.h **** {
 219:../../DaisySeed/DaisyExamples/libDaisy/src/daisy_core.h ****     dsy_gpio_pin p;
 220:../../DaisySeed/DaisyExamples/libDaisy/src/daisy_core.h ****     p.port = port;
 221:../../DaisySeed/DaisyExamples/libDaisy/src/daisy_core.h ****     p.pin  = pin;
 222:../../DaisySeed/DaisyExamples/libDaisy/src/daisy_core.h ****     return p;
 223:../../DaisySeed/DaisyExamples/libDaisy/src/daisy_core.h **** }
 224:../../DaisySeed/DaisyExamples/libDaisy/src/daisy_core.h **** 
 225:../../DaisySeed/DaisyExamples/libDaisy/src/daisy_core.h **** /** Helper for testing sameness of two dsy_gpio_pins
 226:../../DaisySeed/DaisyExamples/libDaisy/src/daisy_core.h ****  *  \return    1 if same, 0 if different
 227:../../DaisySeed/DaisyExamples/libDaisy/src/daisy_core.h ****  * 
 228:../../DaisySeed/DaisyExamples/libDaisy/src/daisy_core.h ****  *  The dsy_gpio_pin struct should no longer be used, and is only available for
 229:../../DaisySeed/DaisyExamples/libDaisy/src/daisy_core.h ****  *  backwards compatability.
 230:../../DaisySeed/DaisyExamples/libDaisy/src/daisy_core.h ****  * 
 231:../../DaisySeed/DaisyExamples/libDaisy/src/daisy_core.h ****  *  Please use Pin struct instead.
 232:../../DaisySeed/DaisyExamples/libDaisy/src/daisy_core.h ****  */
 233:../../DaisySeed/DaisyExamples/libDaisy/src/daisy_core.h **** FORCE_INLINE uint8_t dsy_pin_cmp(dsy_gpio_pin *a, dsy_gpio_pin *b)
 234:../../DaisySeed/DaisyExamples/libDaisy/src/daisy_core.h **** {
 235:../../DaisySeed/DaisyExamples/libDaisy/src/daisy_core.h ****     return ((a->port == b->port) && (a->pin == b->pin));
 236:../../DaisySeed/DaisyExamples/libDaisy/src/daisy_core.h **** }
 237:../../DaisySeed/DaisyExamples/libDaisy/src/daisy_core.h **** 
 238:../../DaisySeed/DaisyExamples/libDaisy/src/daisy_core.h **** #ifdef __cplusplus
 239:../../DaisySeed/DaisyExamples/libDaisy/src/daisy_core.h **** 
 240:../../DaisySeed/DaisyExamples/libDaisy/src/daisy_core.h **** namespace daisy
 241:../../DaisySeed/DaisyExamples/libDaisy/src/daisy_core.h **** {
 242:../../DaisySeed/DaisyExamples/libDaisy/src/daisy_core.h **** /** @brief GPIO Port names */
ARM GAS  /var/folders/0b/4qn_4lxx65nfvy4wf60ckd5w0000gn/T//ccwEFg80.s 			page 33


 243:../../DaisySeed/DaisyExamples/libDaisy/src/daisy_core.h **** enum GPIOPort
 244:../../DaisySeed/DaisyExamples/libDaisy/src/daisy_core.h **** {
 245:../../DaisySeed/DaisyExamples/libDaisy/src/daisy_core.h ****     PORTA, /**< Port A */
 246:../../DaisySeed/DaisyExamples/libDaisy/src/daisy_core.h ****     PORTB, /**< Port B */
 247:../../DaisySeed/DaisyExamples/libDaisy/src/daisy_core.h ****     PORTC, /**< Port C */
 248:../../DaisySeed/DaisyExamples/libDaisy/src/daisy_core.h ****     PORTD, /**< Port D */
 249:../../DaisySeed/DaisyExamples/libDaisy/src/daisy_core.h ****     PORTE, /**< Port E */
 250:../../DaisySeed/DaisyExamples/libDaisy/src/daisy_core.h ****     PORTF, /**< Port F */
 251:../../DaisySeed/DaisyExamples/libDaisy/src/daisy_core.h ****     PORTG, /**< Port G */
 252:../../DaisySeed/DaisyExamples/libDaisy/src/daisy_core.h ****     PORTH, /**< Port H */
 253:../../DaisySeed/DaisyExamples/libDaisy/src/daisy_core.h ****     PORTI, /**< Port I */
 254:../../DaisySeed/DaisyExamples/libDaisy/src/daisy_core.h ****     PORTJ, /**< Port J */
 255:../../DaisySeed/DaisyExamples/libDaisy/src/daisy_core.h ****     PORTK, /**< Port K */
 256:../../DaisySeed/DaisyExamples/libDaisy/src/daisy_core.h ****     PORTX, /**< Used as a dummy port to signal an invalid pin. */
 257:../../DaisySeed/DaisyExamples/libDaisy/src/daisy_core.h **** };
 258:../../DaisySeed/DaisyExamples/libDaisy/src/daisy_core.h **** 
 259:../../DaisySeed/DaisyExamples/libDaisy/src/daisy_core.h **** /** @brief representation of hardware port/pin combination */
 260:../../DaisySeed/DaisyExamples/libDaisy/src/daisy_core.h **** struct Pin
 261:../../DaisySeed/DaisyExamples/libDaisy/src/daisy_core.h **** {
 262:../../DaisySeed/DaisyExamples/libDaisy/src/daisy_core.h ****     GPIOPort port;
 263:../../DaisySeed/DaisyExamples/libDaisy/src/daisy_core.h ****     uint8_t  pin;
 264:../../DaisySeed/DaisyExamples/libDaisy/src/daisy_core.h **** 
 265:../../DaisySeed/DaisyExamples/libDaisy/src/daisy_core.h ****     /** @brief Constructor creates a valid pin. 
 266:../../DaisySeed/DaisyExamples/libDaisy/src/daisy_core.h ****      *  @param pt GPIOPort between PA, and PK corresponding to STM32 Port.
 267:../../DaisySeed/DaisyExamples/libDaisy/src/daisy_core.h ****      *  @param pn pin number in range of 0-15
 268:../../DaisySeed/DaisyExamples/libDaisy/src/daisy_core.h ****     */
 269:../../DaisySeed/DaisyExamples/libDaisy/src/daisy_core.h ****     constexpr Pin(const GPIOPort pt, const uint8_t pn) : port(pt), pin(pn) {}
 270:../../DaisySeed/DaisyExamples/libDaisy/src/daisy_core.h **** 
 271:../../DaisySeed/DaisyExamples/libDaisy/src/daisy_core.h ****     /** @brief Basic Constructor creates an invalid Pin object */
 272:../../DaisySeed/DaisyExamples/libDaisy/src/daisy_core.h ****     constexpr Pin() : port(PORTX), pin(255) {}
 574              		.loc 11 272 15 view .LVU154
 575              		.loc 11 272 15 is_stmt 0 view .LVU155
 576              	.LBE271:
 577              	.LBE270:
 578              	.LBE269:
 579              	.LBE268:
 580              		.loc 10 74 12 view .LVU156
 581 0016 4FF60B73 		movw	r3, #65291
 582              	.LBE267:
 583              	.LBE266:
 584              	.LBB277:
 585              	.LBB278:
 586 001a 144A     		ldr	r2, .L32+12
 587              	.LBE278:
 588              	.LBE277:
 589              	.LBB288:
 590              	.LBB275:
 591 001c 1448     		ldr	r0, .L32+16
 592              	.LBE275:
 593              	.LBE288:
 594              	.LBB289:
 595              	.LBB290:
 596 001e 1549     		ldr	r1, .L32+20
 597              	.LBE290:
 598              	.LBE289:
 599              	.LBB304:
 600              	.LBB305:
ARM GAS  /var/folders/0b/4qn_4lxx65nfvy4wf60ckd5w0000gn/T//ccwEFg80.s 			page 34


 601              	.LBB306:
 602              		.file 12 "../../DaisySeed/DaisyExamples/libDaisy/src/per/spi.h"
   1:../../DaisySeed/DaisyExamples/libDaisy/src/per/spi.h **** #pragma once
   2:../../DaisySeed/DaisyExamples/libDaisy/src/per/spi.h **** #ifndef DSY_SPI_H
   3:../../DaisySeed/DaisyExamples/libDaisy/src/per/spi.h **** #define DSY_SPI_H
   4:../../DaisySeed/DaisyExamples/libDaisy/src/per/spi.h **** 
   5:../../DaisySeed/DaisyExamples/libDaisy/src/per/spi.h **** #include "daisy_core.h"
   6:../../DaisySeed/DaisyExamples/libDaisy/src/per/spi.h **** 
   7:../../DaisySeed/DaisyExamples/libDaisy/src/per/spi.h **** /* TODO:
   8:../../DaisySeed/DaisyExamples/libDaisy/src/per/spi.h **** - Add documentation
   9:../../DaisySeed/DaisyExamples/libDaisy/src/per/spi.h **** - Add IT
  10:../../DaisySeed/DaisyExamples/libDaisy/src/per/spi.h **** */
  11:../../DaisySeed/DaisyExamples/libDaisy/src/per/spi.h **** 
  12:../../DaisySeed/DaisyExamples/libDaisy/src/per/spi.h **** namespace daisy
  13:../../DaisySeed/DaisyExamples/libDaisy/src/per/spi.h **** {
  14:../../DaisySeed/DaisyExamples/libDaisy/src/per/spi.h **** /** @addtogroup serial
  15:../../DaisySeed/DaisyExamples/libDaisy/src/per/spi.h **** @{
  16:../../DaisySeed/DaisyExamples/libDaisy/src/per/spi.h **** */
  17:../../DaisySeed/DaisyExamples/libDaisy/src/per/spi.h **** 
  18:../../DaisySeed/DaisyExamples/libDaisy/src/per/spi.h **** /**  Handler for serial peripheral interface */
  19:../../DaisySeed/DaisyExamples/libDaisy/src/per/spi.h **** class SpiHandle
  20:../../DaisySeed/DaisyExamples/libDaisy/src/per/spi.h **** {
  21:../../DaisySeed/DaisyExamples/libDaisy/src/per/spi.h ****   public:
  22:../../DaisySeed/DaisyExamples/libDaisy/src/per/spi.h ****     struct Config
  23:../../DaisySeed/DaisyExamples/libDaisy/src/per/spi.h ****     {
  24:../../DaisySeed/DaisyExamples/libDaisy/src/per/spi.h ****         enum class Peripheral
  25:../../DaisySeed/DaisyExamples/libDaisy/src/per/spi.h ****         {
  26:../../DaisySeed/DaisyExamples/libDaisy/src/per/spi.h ****             SPI_1,
  27:../../DaisySeed/DaisyExamples/libDaisy/src/per/spi.h ****             SPI_2,
  28:../../DaisySeed/DaisyExamples/libDaisy/src/per/spi.h ****             SPI_3,
  29:../../DaisySeed/DaisyExamples/libDaisy/src/per/spi.h ****             SPI_4,
  30:../../DaisySeed/DaisyExamples/libDaisy/src/per/spi.h ****             SPI_5,
  31:../../DaisySeed/DaisyExamples/libDaisy/src/per/spi.h ****             SPI_6,
  32:../../DaisySeed/DaisyExamples/libDaisy/src/per/spi.h ****         };
  33:../../DaisySeed/DaisyExamples/libDaisy/src/per/spi.h **** 
  34:../../DaisySeed/DaisyExamples/libDaisy/src/per/spi.h ****         enum class Mode
  35:../../DaisySeed/DaisyExamples/libDaisy/src/per/spi.h ****         {
  36:../../DaisySeed/DaisyExamples/libDaisy/src/per/spi.h ****             MASTER,
  37:../../DaisySeed/DaisyExamples/libDaisy/src/per/spi.h ****             SLAVE,
  38:../../DaisySeed/DaisyExamples/libDaisy/src/per/spi.h ****         };
  39:../../DaisySeed/DaisyExamples/libDaisy/src/per/spi.h **** 
  40:../../DaisySeed/DaisyExamples/libDaisy/src/per/spi.h ****         enum class Direction
  41:../../DaisySeed/DaisyExamples/libDaisy/src/per/spi.h ****         {
  42:../../DaisySeed/DaisyExamples/libDaisy/src/per/spi.h ****             TWO_LINES,
  43:../../DaisySeed/DaisyExamples/libDaisy/src/per/spi.h ****             TWO_LINES_TX_ONLY,
  44:../../DaisySeed/DaisyExamples/libDaisy/src/per/spi.h ****             TWO_LINES_RX_ONLY,
  45:../../DaisySeed/DaisyExamples/libDaisy/src/per/spi.h ****             ONE_LINE,
  46:../../DaisySeed/DaisyExamples/libDaisy/src/per/spi.h ****         };
  47:../../DaisySeed/DaisyExamples/libDaisy/src/per/spi.h **** 
  48:../../DaisySeed/DaisyExamples/libDaisy/src/per/spi.h ****         enum class ClockPolarity
  49:../../DaisySeed/DaisyExamples/libDaisy/src/per/spi.h ****         {
  50:../../DaisySeed/DaisyExamples/libDaisy/src/per/spi.h ****             LOW,
  51:../../DaisySeed/DaisyExamples/libDaisy/src/per/spi.h ****             HIGH,
  52:../../DaisySeed/DaisyExamples/libDaisy/src/per/spi.h ****         };
  53:../../DaisySeed/DaisyExamples/libDaisy/src/per/spi.h **** 
  54:../../DaisySeed/DaisyExamples/libDaisy/src/per/spi.h ****         enum class ClockPhase
  55:../../DaisySeed/DaisyExamples/libDaisy/src/per/spi.h ****         {
ARM GAS  /var/folders/0b/4qn_4lxx65nfvy4wf60ckd5w0000gn/T//ccwEFg80.s 			page 35


  56:../../DaisySeed/DaisyExamples/libDaisy/src/per/spi.h ****             ONE_EDGE,
  57:../../DaisySeed/DaisyExamples/libDaisy/src/per/spi.h ****             TWO_EDGE,
  58:../../DaisySeed/DaisyExamples/libDaisy/src/per/spi.h ****         };
  59:../../DaisySeed/DaisyExamples/libDaisy/src/per/spi.h **** 
  60:../../DaisySeed/DaisyExamples/libDaisy/src/per/spi.h ****         enum class NSS
  61:../../DaisySeed/DaisyExamples/libDaisy/src/per/spi.h ****         {
  62:../../DaisySeed/DaisyExamples/libDaisy/src/per/spi.h ****             SOFT,
  63:../../DaisySeed/DaisyExamples/libDaisy/src/per/spi.h ****             HARD_INPUT,
  64:../../DaisySeed/DaisyExamples/libDaisy/src/per/spi.h ****             HARD_OUTPUT,
  65:../../DaisySeed/DaisyExamples/libDaisy/src/per/spi.h ****         };
  66:../../DaisySeed/DaisyExamples/libDaisy/src/per/spi.h **** 
  67:../../DaisySeed/DaisyExamples/libDaisy/src/per/spi.h ****         enum class BaudPrescaler
  68:../../DaisySeed/DaisyExamples/libDaisy/src/per/spi.h ****         {
  69:../../DaisySeed/DaisyExamples/libDaisy/src/per/spi.h ****             PS_2,
  70:../../DaisySeed/DaisyExamples/libDaisy/src/per/spi.h ****             PS_4,
  71:../../DaisySeed/DaisyExamples/libDaisy/src/per/spi.h ****             PS_8,
  72:../../DaisySeed/DaisyExamples/libDaisy/src/per/spi.h ****             PS_16,
  73:../../DaisySeed/DaisyExamples/libDaisy/src/per/spi.h ****             PS_32,
  74:../../DaisySeed/DaisyExamples/libDaisy/src/per/spi.h ****             PS_64,
  75:../../DaisySeed/DaisyExamples/libDaisy/src/per/spi.h ****             PS_128,
  76:../../DaisySeed/DaisyExamples/libDaisy/src/per/spi.h ****             PS_256,
  77:../../DaisySeed/DaisyExamples/libDaisy/src/per/spi.h ****         };
  78:../../DaisySeed/DaisyExamples/libDaisy/src/per/spi.h **** 
  79:../../DaisySeed/DaisyExamples/libDaisy/src/per/spi.h ****         struct
  80:../../DaisySeed/DaisyExamples/libDaisy/src/per/spi.h ****         {
  81:../../DaisySeed/DaisyExamples/libDaisy/src/per/spi.h ****             dsy_gpio_pin sclk; /**< & */
  82:../../DaisySeed/DaisyExamples/libDaisy/src/per/spi.h ****             dsy_gpio_pin miso; /**< & */
  83:../../DaisySeed/DaisyExamples/libDaisy/src/per/spi.h ****             dsy_gpio_pin mosi; /**< & */
  84:../../DaisySeed/DaisyExamples/libDaisy/src/per/spi.h ****             dsy_gpio_pin nss;  /**< & */
  85:../../DaisySeed/DaisyExamples/libDaisy/src/per/spi.h ****         } pin_config;
  86:../../DaisySeed/DaisyExamples/libDaisy/src/per/spi.h **** 
  87:../../DaisySeed/DaisyExamples/libDaisy/src/per/spi.h ****         Config()
  88:../../DaisySeed/DaisyExamples/libDaisy/src/per/spi.h ****         {
  89:../../DaisySeed/DaisyExamples/libDaisy/src/per/spi.h ****             // user must specify periph, mode, direction, nss, and pin_config
  90:../../DaisySeed/DaisyExamples/libDaisy/src/per/spi.h ****             datasize       = 8;
  91:../../DaisySeed/DaisyExamples/libDaisy/src/per/spi.h ****             clock_polarity = ClockPolarity::LOW;
  92:../../DaisySeed/DaisyExamples/libDaisy/src/per/spi.h ****             clock_phase    = ClockPhase::ONE_EDGE;
  93:../../DaisySeed/DaisyExamples/libDaisy/src/per/spi.h ****             baud_prescaler = BaudPrescaler::PS_8;
  94:../../DaisySeed/DaisyExamples/libDaisy/src/per/spi.h ****         }
  95:../../DaisySeed/DaisyExamples/libDaisy/src/per/spi.h **** 
  96:../../DaisySeed/DaisyExamples/libDaisy/src/per/spi.h ****         Peripheral    periph;
  97:../../DaisySeed/DaisyExamples/libDaisy/src/per/spi.h ****         Mode          mode;
  98:../../DaisySeed/DaisyExamples/libDaisy/src/per/spi.h ****         Direction     direction;
  99:../../DaisySeed/DaisyExamples/libDaisy/src/per/spi.h ****         unsigned long datasize;
 100:../../DaisySeed/DaisyExamples/libDaisy/src/per/spi.h ****         ClockPolarity clock_polarity;
 101:../../DaisySeed/DaisyExamples/libDaisy/src/per/spi.h ****         ClockPhase    clock_phase;
 102:../../DaisySeed/DaisyExamples/libDaisy/src/per/spi.h ****         NSS           nss;
 103:../../DaisySeed/DaisyExamples/libDaisy/src/per/spi.h ****         BaudPrescaler baud_prescaler;
 104:../../DaisySeed/DaisyExamples/libDaisy/src/per/spi.h ****     };
 105:../../DaisySeed/DaisyExamples/libDaisy/src/per/spi.h **** 
 106:../../DaisySeed/DaisyExamples/libDaisy/src/per/spi.h ****     SpiHandle() : pimpl_(nullptr) {}
 603              		.loc 12 106 33 view .LVU157
 604 0020 154D     		ldr	r5, .L32+24
 605              	.LBE306:
 606              	.LBE305:
 607              	.LBE304:
 608              	.LBB309:
ARM GAS  /var/folders/0b/4qn_4lxx65nfvy4wf60ckd5w0000gn/T//ccwEFg80.s 			page 36


 609              	.LBB286:
 610              	.LBB279:
 611              	.LBB280:
 612              	.LBB281:
  69:../../DaisySeed/DaisyExamples/libDaisy/src/per/gpio.h ****         {
 613              		.loc 10 69 73 view .LVU158
 614 0022 C2E90034 		strd	r3, r4, [r2]
 615 0026 C2E90244 		strd	r4, r4, [r2, #8]
 616              	.LBE281:
 617              	.LBE280:
 618              	.LBE279:
 619              	.LBE286:
 620              	.LBE309:
 621              	.LBB310:
 622              	.LBB311:
 623              		.loc 10 74 12 view .LVU159
 624 002a 144A     		ldr	r2, .L32+28
 625              	.LBE311:
 626              	.LBE310:
 627              	.LBB325:
 628              	.LBB308:
 629              	.LBB307:
 630              		.loc 12 106 33 view .LVU160
 631 002c 2C60     		str	r4, [r5]
 632              	.LBE307:
 633              	.LBE308:
 634              	.LBE325:
 635              	.LBB326:
 636              	.LBB322:
 637              		.loc 10 74 12 view .LVU161
 638 002e 1360     		str	r3, [r2]
 639              	.LBB312:
 640              	.LBB313:
 641              	.LBB314:
  69:../../DaisySeed/DaisyExamples/libDaisy/src/per/gpio.h ****         {
 642              		.loc 10 69 73 view .LVU162
 643 0030 D460     		str	r4, [r2, #12]
 644              	.LBE314:
 645              	.LBE313:
 646              	.LBE312:
 647              	.LBE322:
 648              	.LBE326:
 649              	.LBB327:
 650              	.LBB301:
 651              	.LBB291:
 652              	.LBB292:
 653              	.LBB293:
 654 0032 C1E90034 		strd	r3, r4, [r1]
 655              	.LBE293:
 656              	.LBE292:
 657              	.LBE291:
 658              	.LBE301:
 659              	.LBE327:
 660              	.LBB328:
 661              	.LBB276:
 662              	.LBB274:
 663              	.LBB273:
ARM GAS  /var/folders/0b/4qn_4lxx65nfvy4wf60ckd5w0000gn/T//ccwEFg80.s 			page 37


 664              	.LBB272:
 665 0036 C0E90034 		strd	r3, r4, [r0]
 666 003a C0E90244 		strd	r4, r4, [r0, #8]
 667              	.LVL37:
  69:../../DaisySeed/DaisyExamples/libDaisy/src/per/gpio.h ****         {
 668              		.loc 10 69 73 view .LVU163
 669              	.LBE272:
 670              	.LBE273:
 671              	.LBE274:
 672              	.LBE276:
 673              	.LBE328:
 674              	.LBB329:
 675              	.LBI277:
 676              		.loc 10 74 5 is_stmt 1 view .LVU164
 677              	.LBB287:
 678              	.LBB285:
 679              	.LBI279:
  68:../../DaisySeed/DaisyExamples/libDaisy/src/per/gpio.h ****         : pin(), mode(Mode::INPUT), pull(Pull::NOPULL), speed(Speed::LOW)
 680              		.loc 10 68 9 view .LVU165
 681              	.LBB284:
 682              	.LBB283:
 683              	.LBB282:
 684              	.LBI282:
 685              		.loc 11 272 15 view .LVU166
 686              		.loc 11 272 15 is_stmt 0 view .LVU167
 687              	.LBE282:
 688              	.LBE283:
 689              	.LBE284:
 690              	.LBE285:
 691              	.LBE287:
 692              	.LBE329:
 693              	.LBB330:
 694              	.LBI289:
 695              		.loc 10 74 5 is_stmt 1 view .LVU168
 696              	.LBB302:
 697              	.LBB299:
 698              	.LBI291:
  68:../../DaisySeed/DaisyExamples/libDaisy/src/per/gpio.h ****         : pin(), mode(Mode::INPUT), pull(Pull::NOPULL), speed(Speed::LOW)
 699              		.loc 10 68 9 view .LVU169
 700              	.LBB297:
 701              	.LBB295:
 702              	.LBB294:
 703              	.LBI294:
 704              		.loc 11 272 15 view .LVU170
 705              		.loc 11 272 15 is_stmt 0 view .LVU171
 706              	.LBE294:
 707              	.LBE295:
 708              	.LBE297:
 709              	.LBE299:
 710              	.LBE302:
 711              	.LBE330:
 712              	.LBB331:
 713              	.LBB332:
 714              	.LBB333:
  90:../../DaisySeed/DaisyExamples/libDaisy/src/per/spi.h ****             clock_polarity = ClockPolarity::LOW;
 715              		.loc 12 90 28 view .LVU172
 716 003e 104B     		ldr	r3, .L32+32
ARM GAS  /var/folders/0b/4qn_4lxx65nfvy4wf60ckd5w0000gn/T//ccwEFg80.s 			page 38


 717 0040 0820     		movs	r0, #8
 718              	.LBE333:
 719              	.LBE332:
 720              	.LBE331:
 721              	.LBB338:
 722              	.LBB323:
 723              	.LBB320:
 724              	.LBB318:
 725              	.LBB316:
  69:../../DaisySeed/DaisyExamples/libDaisy/src/per/gpio.h ****         {
 726              		.loc 10 69 73 view .LVU173
 727 0042 C2E90144 		strd	r4, r4, [r2, #4]
 728              	.LBE316:
 729              	.LBE318:
 730              	.LBE320:
 731              	.LBE323:
 732              	.LBE338:
 733              	.LBB339:
 734              	.LBB336:
 735              	.LBB334:
  93:../../DaisySeed/DaisyExamples/libDaisy/src/per/spi.h ****         }
 736              		.loc 12 93 28 view .LVU174
 737 0046 0222     		movs	r2, #2
  92:../../DaisySeed/DaisyExamples/libDaisy/src/per/spi.h ****             baud_prescaler = BaudPrescaler::PS_8;
 738              		.loc 12 92 28 view .LVU175
 739 0048 DC61     		str	r4, [r3, #28]
  93:../../DaisySeed/DaisyExamples/libDaisy/src/per/spi.h ****         }
 740              		.loc 12 93 28 view .LVU176
 741 004a 5A62     		str	r2, [r3, #36]
 742              	.LBE334:
 743              	.LBE336:
 744              	.LBE339:
 745              	.LBB340:
 746              	.LBB341:
 747              		.file 13 "../../DaisySeed/DaisyExamples/libDaisy/src/per/i2c.h"
   1:../../DaisySeed/DaisyExamples/libDaisy/src/per/i2c.h **** #pragma once
   2:../../DaisySeed/DaisyExamples/libDaisy/src/per/i2c.h **** #include "daisy_core.h"
   3:../../DaisySeed/DaisyExamples/libDaisy/src/per/i2c.h **** 
   4:../../DaisySeed/DaisyExamples/libDaisy/src/per/i2c.h **** namespace daisy
   5:../../DaisySeed/DaisyExamples/libDaisy/src/per/i2c.h **** {
   6:../../DaisySeed/DaisyExamples/libDaisy/src/per/i2c.h **** /** A handle for interacting with an I2C peripheral. This is a dumb
   7:../../DaisySeed/DaisyExamples/libDaisy/src/per/i2c.h ****  *  gateway that internally points to one of the four I2C peripherals
   8:../../DaisySeed/DaisyExamples/libDaisy/src/per/i2c.h ****  *  after it was initialised. It can then be copied and passed around.
   9:../../DaisySeed/DaisyExamples/libDaisy/src/per/i2c.h ****  *  Use an I2CHandle like this:
  10:../../DaisySeed/DaisyExamples/libDaisy/src/per/i2c.h ****  *  
  11:../../DaisySeed/DaisyExamples/libDaisy/src/per/i2c.h ****  *      // setup the configuration
  12:../../DaisySeed/DaisyExamples/libDaisy/src/per/i2c.h ****  *      I2CHandle::Config i2c_conf;
  13:../../DaisySeed/DaisyExamples/libDaisy/src/per/i2c.h ****  *      i2c_conf.periph = I2CHandle::Config::Peripheral::I2C_1;
  14:../../DaisySeed/DaisyExamples/libDaisy/src/per/i2c.h ****  *      i2c_conf.speed  = I2CHandle::Config::Speed::I2C_400KHZ;
  15:../../DaisySeed/DaisyExamples/libDaisy/src/per/i2c.h ****  *      i2c_conf.mode   = I2CHandle::Config::Mode::Master;
  16:../../DaisySeed/DaisyExamples/libDaisy/src/per/i2c.h ****  *      i2c_conf.pin_config.scl  = {DSY_GPIOB, 8};
  17:../../DaisySeed/DaisyExamples/libDaisy/src/per/i2c.h ****  *      i2c_conf.pin_config.sda  = {DSY_GPIOB, 9};
  18:../../DaisySeed/DaisyExamples/libDaisy/src/per/i2c.h ****  *      // initialise the peripheral
  19:../../DaisySeed/DaisyExamples/libDaisy/src/per/i2c.h ****  *      I2CHandle i2c;
  20:../../DaisySeed/DaisyExamples/libDaisy/src/per/i2c.h ****  *      i2c.Init(i2c_conf);
  21:../../DaisySeed/DaisyExamples/libDaisy/src/per/i2c.h ****  *      // now i2c points to the corresponding peripheral and can be used.
  22:../../DaisySeed/DaisyExamples/libDaisy/src/per/i2c.h ****  *      i2c.TransmitBlocking( ... );
ARM GAS  /var/folders/0b/4qn_4lxx65nfvy4wf60ckd5w0000gn/T//ccwEFg80.s 			page 39


  23:../../DaisySeed/DaisyExamples/libDaisy/src/per/i2c.h ****  */
  24:../../DaisySeed/DaisyExamples/libDaisy/src/per/i2c.h **** class I2CHandle
  25:../../DaisySeed/DaisyExamples/libDaisy/src/per/i2c.h **** {
  26:../../DaisySeed/DaisyExamples/libDaisy/src/per/i2c.h ****   public:
  27:../../DaisySeed/DaisyExamples/libDaisy/src/per/i2c.h ****     /** Contains settings for initialising an I2C interface. */
  28:../../DaisySeed/DaisyExamples/libDaisy/src/per/i2c.h ****     struct Config
 748              		.loc 13 28 12 view .LVU177
 749 004c 1022     		movs	r2, #16
 750              	.LBE341:
 751              	.LBE340:
 752              	.LBB344:
 753              	.LBB303:
 754              	.LBB300:
 755              	.LBB298:
 756              	.LBB296:
  69:../../DaisySeed/DaisyExamples/libDaisy/src/per/gpio.h ****         {
 757              		.loc 10 69 73 view .LVU178
 758 004e C1E90244 		strd	r4, r4, [r1, #8]
 759              	.LVL38:
  69:../../DaisySeed/DaisyExamples/libDaisy/src/per/gpio.h ****         {
 760              		.loc 10 69 73 view .LVU179
 761              	.LBE296:
 762              	.LBE298:
 763              	.LBE300:
 764              	.LBE303:
 765              	.LBE344:
 766              	.LBB345:
 767              	.LBI310:
 768              		.loc 10 74 5 is_stmt 1 view .LVU180
 769              	.LBB324:
 770              	.LBB321:
 771              	.LBI312:
  68:../../DaisySeed/DaisyExamples/libDaisy/src/per/gpio.h ****         : pin(), mode(Mode::INPUT), pull(Pull::NOPULL), speed(Speed::LOW)
 772              		.loc 10 68 9 view .LVU181
 773              	.LBB319:
 774              	.LBB317:
 775              	.LBB315:
 776              	.LBI315:
 777              		.loc 11 272 15 view .LVU182
 778              		.loc 11 272 15 is_stmt 0 view .LVU183
 779              	.LBE315:
 780              	.LBE317:
 781              	.LBE319:
 782              	.LBE321:
 783              	.LBE324:
 784              	.LBE345:
 785              	.LBB346:
 786              	.LBI304:
 787              		.loc 12 106 5 is_stmt 1 view .LVU184
 788              		.loc 12 106 5 is_stmt 0 view .LVU185
 789              	.LBE346:
 790              	.LBB347:
 791              	.LBI331:
  87:../../DaisySeed/DaisyExamples/libDaisy/src/per/spi.h ****         {
 792              		.loc 12 87 9 is_stmt 1 view .LVU186
 793              	.LBB337:
 794              	.LBB335:
ARM GAS  /var/folders/0b/4qn_4lxx65nfvy4wf60ckd5w0000gn/T//ccwEFg80.s 			page 40


  90:../../DaisySeed/DaisyExamples/libDaisy/src/per/spi.h ****             clock_polarity = ClockPolarity::LOW;
 795              		.loc 12 90 13 view .LVU187
  91:../../DaisySeed/DaisyExamples/libDaisy/src/per/spi.h ****             clock_phase    = ClockPhase::ONE_EDGE;
 796              		.loc 12 91 28 is_stmt 0 view .LVU188
 797 0052 C3E90504 		strd	r0, r4, [r3, #20]
  92:../../DaisySeed/DaisyExamples/libDaisy/src/per/spi.h ****             baud_prescaler = BaudPrescaler::PS_8;
 798              		.loc 12 92 13 is_stmt 1 view .LVU189
  93:../../DaisySeed/DaisyExamples/libDaisy/src/per/spi.h ****         }
 799              		.loc 12 93 13 view .LVU190
 800              	.LVL39:
  93:../../DaisySeed/DaisyExamples/libDaisy/src/per/spi.h ****         }
 801              		.loc 12 93 13 is_stmt 0 view .LVU191
 802              	.LBE335:
 803              	.LBE337:
 804              	.LBE347:
 805              	.LBB348:
 806              	.LBI348:
  29:../../DaisySeed/DaisyExamples/libDaisy/src/per/i2c.h ****     {
  30:../../DaisySeed/DaisyExamples/libDaisy/src/per/i2c.h ****         /** Specifies whether the interface will operate in master or slave mode. */
  31:../../DaisySeed/DaisyExamples/libDaisy/src/per/i2c.h ****         enum class Mode
  32:../../DaisySeed/DaisyExamples/libDaisy/src/per/i2c.h ****         {
  33:../../DaisySeed/DaisyExamples/libDaisy/src/per/i2c.h ****             I2C_MASTER,
  34:../../DaisySeed/DaisyExamples/libDaisy/src/per/i2c.h ****             I2C_SLAVE,
  35:../../DaisySeed/DaisyExamples/libDaisy/src/per/i2c.h ****         };
  36:../../DaisySeed/DaisyExamples/libDaisy/src/per/i2c.h **** 
  37:../../DaisySeed/DaisyExamples/libDaisy/src/per/i2c.h ****         /** Specifices the internal peripheral to use (these are mapped to different pins on the ha
  38:../../DaisySeed/DaisyExamples/libDaisy/src/per/i2c.h ****         enum class Peripheral
  39:../../DaisySeed/DaisyExamples/libDaisy/src/per/i2c.h ****         {
  40:../../DaisySeed/DaisyExamples/libDaisy/src/per/i2c.h ****             I2C_1 = 0, /**< & */
  41:../../DaisySeed/DaisyExamples/libDaisy/src/per/i2c.h ****             I2C_2,     /**< & */
  42:../../DaisySeed/DaisyExamples/libDaisy/src/per/i2c.h ****             I2C_3,     /**< & */
  43:../../DaisySeed/DaisyExamples/libDaisy/src/per/i2c.h ****             I2C_4,     /**< & */
  44:../../DaisySeed/DaisyExamples/libDaisy/src/per/i2c.h ****         };
  45:../../DaisySeed/DaisyExamples/libDaisy/src/per/i2c.h **** 
  46:../../DaisySeed/DaisyExamples/libDaisy/src/per/i2c.h ****         /** Rate at which the clock/data will be sent/received. The device being used will have max
  47:../../DaisySeed/DaisyExamples/libDaisy/src/per/i2c.h ****          *  1MHZ Mode is currently 886kHz
  48:../../DaisySeed/DaisyExamples/libDaisy/src/per/i2c.h ****          */
  49:../../DaisySeed/DaisyExamples/libDaisy/src/per/i2c.h ****         enum class Speed
  50:../../DaisySeed/DaisyExamples/libDaisy/src/per/i2c.h ****         {
  51:../../DaisySeed/DaisyExamples/libDaisy/src/per/i2c.h ****             I2C_100KHZ, /**< & */
  52:../../DaisySeed/DaisyExamples/libDaisy/src/per/i2c.h ****             I2C_400KHZ, /**< & */
  53:../../DaisySeed/DaisyExamples/libDaisy/src/per/i2c.h ****             I2C_1MHZ,   /**< & */
  54:../../DaisySeed/DaisyExamples/libDaisy/src/per/i2c.h ****         };
  55:../../DaisySeed/DaisyExamples/libDaisy/src/per/i2c.h **** 
  56:../../DaisySeed/DaisyExamples/libDaisy/src/per/i2c.h ****         Peripheral periph; /**< & */
  57:../../DaisySeed/DaisyExamples/libDaisy/src/per/i2c.h ****         struct
  58:../../DaisySeed/DaisyExamples/libDaisy/src/per/i2c.h ****         {
  59:../../DaisySeed/DaisyExamples/libDaisy/src/per/i2c.h ****             dsy_gpio_pin scl; /**< & */
  60:../../DaisySeed/DaisyExamples/libDaisy/src/per/i2c.h ****             dsy_gpio_pin sda; /**< & */
  61:../../DaisySeed/DaisyExamples/libDaisy/src/per/i2c.h ****         } pin_config;         /**< & */
  62:../../DaisySeed/DaisyExamples/libDaisy/src/per/i2c.h **** 
  63:../../DaisySeed/DaisyExamples/libDaisy/src/per/i2c.h ****         Speed speed; /**< & */
  64:../../DaisySeed/DaisyExamples/libDaisy/src/per/i2c.h ****         Mode  mode;  /**< & */
  65:../../DaisySeed/DaisyExamples/libDaisy/src/per/i2c.h ****         // 0x10 is chosen as a default to avoid conflicts with reserved addresses
  66:../../DaisySeed/DaisyExamples/libDaisy/src/per/i2c.h ****         uint8_t address = 0x10; /**< & */
  67:../../DaisySeed/DaisyExamples/libDaisy/src/per/i2c.h ****     };
  68:../../DaisySeed/DaisyExamples/libDaisy/src/per/i2c.h **** 
ARM GAS  /var/folders/0b/4qn_4lxx65nfvy4wf60ckd5w0000gn/T//ccwEFg80.s 			page 41


  69:../../DaisySeed/DaisyExamples/libDaisy/src/per/i2c.h ****     /** Return values for I2C functions. */
  70:../../DaisySeed/DaisyExamples/libDaisy/src/per/i2c.h ****     enum class Result
  71:../../DaisySeed/DaisyExamples/libDaisy/src/per/i2c.h ****     {
  72:../../DaisySeed/DaisyExamples/libDaisy/src/per/i2c.h ****         OK, /**< & */
  73:../../DaisySeed/DaisyExamples/libDaisy/src/per/i2c.h ****         ERR /**< & */
  74:../../DaisySeed/DaisyExamples/libDaisy/src/per/i2c.h ****     };
  75:../../DaisySeed/DaisyExamples/libDaisy/src/per/i2c.h **** 
  76:../../DaisySeed/DaisyExamples/libDaisy/src/per/i2c.h ****     enum class Direction
  77:../../DaisySeed/DaisyExamples/libDaisy/src/per/i2c.h ****     {
  78:../../DaisySeed/DaisyExamples/libDaisy/src/per/i2c.h ****         TRANSMIT, /**< & */
  79:../../DaisySeed/DaisyExamples/libDaisy/src/per/i2c.h ****         RECEIVE,  /**< & */
  80:../../DaisySeed/DaisyExamples/libDaisy/src/per/i2c.h ****     };
  81:../../DaisySeed/DaisyExamples/libDaisy/src/per/i2c.h **** 
  82:../../DaisySeed/DaisyExamples/libDaisy/src/per/i2c.h ****     I2CHandle() : pimpl_(nullptr) {}
 807              		.loc 13 82 5 is_stmt 1 view .LVU192
 808              	.LBB349:
 809              	.LBB350:
 810              		.loc 13 82 33 is_stmt 0 view .LVU193
 811 0056 0B49     		ldr	r1, .L32+36
 812              	.LBE350:
 813              	.LBE349:
 814              	.LBE348:
 815              	.LBB353:
 816              	.LBB342:
  28:../../DaisySeed/DaisyExamples/libDaisy/src/per/i2c.h ****     {
 817              		.loc 13 28 12 view .LVU194
 818 0058 0B4B     		ldr	r3, .L32+40
 819              	.LBE342:
 820              	.LBE353:
 821              	.LBB354:
 822              	.LBB352:
 823              	.LBB351:
 824              		.loc 13 82 33 view .LVU195
 825 005a 0C60     		str	r4, [r1]
 826              	.LVL40:
 827              		.loc 13 82 33 view .LVU196
 828              	.LBE351:
 829              	.LBE352:
 830              	.LBE354:
 831              	.LBB355:
 832              	.LBI340:
  28:../../DaisySeed/DaisyExamples/libDaisy/src/per/i2c.h ****     {
 833              		.loc 13 28 12 is_stmt 1 view .LVU197
 834              	.LBB343:
 835 005c 1A74     		strb	r2, [r3, #16]
 836              	.LVL41:
  28:../../DaisySeed/DaisyExamples/libDaisy/src/per/i2c.h ****     {
 837              		.loc 13 28 12 is_stmt 0 view .LVU198
 838              	.LBE343:
 839              	.LBE355:
 840              	.LBE356:
 841              	.LBE357:
 842              		.loc 6 134 1 view .LVU199
 843 005e 38BD     		pop	{r3, r4, r5, pc}
 844              	.L33:
 845              		.align	2
 846              	.L32:
ARM GAS  /var/folders/0b/4qn_4lxx65nfvy4wf60ckd5w0000gn/T//ccwEFg80.s 			page 42


 847 0060 00000000 		.word	.LANCHOR13
 848 0064 00000000 		.word	__dso_handle
 849 0068 00000000 		.word	_ZN5daisy9DaisySeedD1Ev
 850 006c 00000000 		.word	.LANCHOR3
 851 0070 00000000 		.word	.LANCHOR1
 852 0074 00000000 		.word	.LANCHOR5
 853 0078 00000000 		.word	.LANCHOR10
 854 007c 00000000 		.word	.LANCHOR7
 855 0080 00000000 		.word	.LANCHOR8
 856 0084 00000000 		.word	.LANCHOR12
 857 0088 00000000 		.word	.LANCHOR11
 858              		.cfi_endproc
 859              	.LFE4678:
 861              		.section	.init_array,"aw",%init_array
 862              		.align	2
 863 0000 00000000 		.word	_GLOBAL__sub_I_hw(target1)
 864              		.global	i2c_conf
 865              		.global	i2c_handle
 866              		.global	spi_conf
 867              		.global	spi_handle
 868              		.global	gpio_irq
 869              		.global	gpio_cs
 870              		.global	gpio_res
 871              		.global	gpio_dc
 872              		.global	hw
 873              		.section	.rodata
 874              		.align	2
 875              		.set	.LANCHOR9,. + 0
 876              	.LC0:
 877 0000 06       		.byte	6
 878 0001 0B       		.byte	11
 879 0002 0000     		.space	2
 880              	.LC1:
 881 0004 01       		.byte	1
 882 0005 04       		.byte	4
 883 0006 0000     		.space	2
 884              	.LC2:
 885 0008 01       		.byte	1
 886 0009 05       		.byte	5
 887 000a 0000     		.space	2
 888              	.LC3:
 889 000c 01       		.byte	1
 890 000d 08       		.byte	8
 891 000e 0000     		.space	2
 892              	.LC4:
 893 0010 01       		.byte	1
 894 0011 09       		.byte	9
 895              		.section	.bss.gpio_cs,"aw",%nobits
 896              		.align	2
 897              		.set	.LANCHOR5,. + 0
 900              	gpio_cs:
 901 0000 00000000 		.space	20
 901      00000000 
 901      00000000 
 901      00000000 
 901      00000000 
 902              		.section	.bss.gpio_dc,"aw",%nobits
ARM GAS  /var/folders/0b/4qn_4lxx65nfvy4wf60ckd5w0000gn/T//ccwEFg80.s 			page 43


 903              		.align	2
 904              		.set	.LANCHOR1,. + 0
 907              	gpio_dc:
 908 0000 00000000 		.space	20
 908      00000000 
 908      00000000 
 908      00000000 
 908      00000000 
 909              		.section	.bss.gpio_irq,"aw",%nobits
 910              		.align	2
 911              		.set	.LANCHOR7,. + 0
 914              	gpio_irq:
 915 0000 00000000 		.space	20
 915      00000000 
 915      00000000 
 915      00000000 
 915      00000000 
 916              		.section	.bss.gpio_res,"aw",%nobits
 917              		.align	2
 918              		.set	.LANCHOR3,. + 0
 921              	gpio_res:
 922 0000 00000000 		.space	20
 922      00000000 
 922      00000000 
 922      00000000 
 922      00000000 
 923              		.section	.bss.hw,"aw",%nobits
 924              		.align	2
 925              		.set	.LANCHOR13,. + 0
 928              	hw:
 929 0000 00000000 		.space	64
 929      00000000 
 929      00000000 
 929      00000000 
 929      00000000 
 930              		.section	.bss.i2c_conf,"aw",%nobits
 931              		.align	2
 932              		.set	.LANCHOR11,. + 0
 935              	i2c_conf:
 936 0000 00000000 		.space	20
 936      00000000 
 936      00000000 
 936      00000000 
 936      00000000 
 937              		.section	.bss.i2c_handle,"aw",%nobits
 938              		.align	2
 939              		.set	.LANCHOR12,. + 0
 942              	i2c_handle:
 943 0000 00000000 		.space	4
 944              		.section	.bss.spi_conf,"aw",%nobits
 945              		.align	2
 946              		.set	.LANCHOR8,. + 0
 949              	spi_conf:
 950 0000 00000000 		.space	40
 950      00000000 
 950      00000000 
 950      00000000 
ARM GAS  /var/folders/0b/4qn_4lxx65nfvy4wf60ckd5w0000gn/T//ccwEFg80.s 			page 44


 950      00000000 
 951              		.section	.bss.spi_handle,"aw",%nobits
 952              		.align	2
 953              		.set	.LANCHOR10,. + 0
 956              	spi_handle:
 957 0000 00000000 		.space	4
 958              		.section	.rodata._ZN5daisy4seedL2D5E,"a"
 959              		.align	2
 960              		.set	.LANCHOR0,. + 0
 963              	_ZN5daisy4seedL2D5E:
 964 0000 03       		.byte	3
 965 0001 02       		.byte	2
 966              		.section	.rodata._ZN5daisy4seedL2D6E,"a"
 967              		.align	2
 968              		.set	.LANCHOR2,. + 0
 971              	_ZN5daisy4seedL2D6E:
 972 0000 02       		.byte	2
 973 0001 0C       		.byte	12
 974              		.section	.rodata._ZN5daisy4seedL2D7E,"a"
 975              		.align	2
 976              		.set	.LANCHOR4,. + 0
 979              	_ZN5daisy4seedL2D7E:
 980 0000 06       		.byte	6
 981 0001 0A       		.byte	10
 982              		.section	.rodata._ZN5daisy4seedL3D13E,"a"
 983              		.align	2
 984              		.set	.LANCHOR6,. + 0
 987              	_ZN5daisy4seedL3D13E:
 988 0000 01       		.byte	1
 989 0001 06       		.byte	6
 990              		.text
 991              	.Letext0:
 992              		.file 14 "/Library/DaisyToolchain/0.2.0/arm/arm-none-eabi/include/machine/_default_types.h"
 993              		.file 15 "/Library/DaisyToolchain/0.2.0/arm/arm-none-eabi/include/sys/_stdint.h"
 994              		.file 16 "/Library/DaisyToolchain/0.2.0/arm/arm-none-eabi/include/stdint.h"
 995              		.file 17 "/Library/DaisyToolchain/0.2.0/arm/lib/gcc/arm-none-eabi/10.3.1/include/stddef.h"
 996              		.file 18 "/Library/DaisyToolchain/0.2.0/arm/arm-none-eabi/include/c++/10.3.1/cmath"
 997              		.file 19 "/Library/DaisyToolchain/0.2.0/arm/arm-none-eabi/include/c++/10.3.1/type_traits"
 998              		.file 20 "/Library/DaisyToolchain/0.2.0/arm/arm-none-eabi/include/c++/10.3.1/debug/debug.h"
 999              		.file 21 "/Library/DaisyToolchain/0.2.0/arm/arm-none-eabi/include/c++/10.3.1/bits/std_abs.h"
 1000              		.file 22 "/Library/DaisyToolchain/0.2.0/arm/arm-none-eabi/include/c++/10.3.1/cstdlib"
 1001              		.file 23 "/Library/DaisyToolchain/0.2.0/arm/arm-none-eabi/include/c++/10.3.1/cstdint"
 1002              		.file 24 "/Library/DaisyToolchain/0.2.0/arm/arm-none-eabi/include/c++/10.3.1/arm-none-eabi/thumb/v
 1003              		.file 25 "/Library/DaisyToolchain/0.2.0/arm/arm-none-eabi/include/c++/10.3.1/bits/algorithmfwd.h"
 1004              		.file 26 "/Library/DaisyToolchain/0.2.0/arm/arm-none-eabi/include/c++/10.3.1/bits/exception_ptr.h"
 1005              		.file 27 "/Library/DaisyToolchain/0.2.0/arm/arm-none-eabi/include/c++/10.3.1/bits/stl_iterator.h"
 1006              		.file 28 "/Library/DaisyToolchain/0.2.0/arm/arm-none-eabi/include/c++/10.3.1/functional"
 1007              		.file 29 "/Library/DaisyToolchain/0.2.0/arm/arm-none-eabi/include/c++/10.3.1/cstdarg"
 1008              		.file 30 "/Library/DaisyToolchain/0.2.0/arm/arm-none-eabi/include/c++/10.3.1/cstdio"
 1009              		.file 31 "/Library/DaisyToolchain/0.2.0/arm/arm-none-eabi/include/c++/10.3.1/cstring"
 1010              		.file 32 "/Library/DaisyToolchain/0.2.0/arm/arm-none-eabi/include/c++/10.3.1/cwchar"
 1011              		.file 33 "/Library/DaisyToolchain/0.2.0/arm/arm-none-eabi/include/c++/10.3.1/string_view"
 1012              		.file 34 "/Library/DaisyToolchain/0.2.0/arm/arm-none-eabi/include/c++/10.3.1/bits/predefined_ops.h
 1013              		.file 35 "/Library/DaisyToolchain/0.2.0/arm/arm-none-eabi/include/sys/_types.h"
 1014              		.file 36 "/Library/DaisyToolchain/0.2.0/arm/arm-none-eabi/include/sys/reent.h"
 1015              		.file 37 "/Library/DaisyToolchain/0.2.0/arm/arm-none-eabi/include/sys/lock.h"
 1016              		.file 38 "/Library/DaisyToolchain/0.2.0/arm/arm-none-eabi/include/math.h"
ARM GAS  /var/folders/0b/4qn_4lxx65nfvy4wf60ckd5w0000gn/T//ccwEFg80.s 			page 45


 1017              		.file 39 "/Library/DaisyToolchain/0.2.0/arm/arm-none-eabi/include/stdlib.h"
 1018              		.file 40 "/Library/DaisyToolchain/0.2.0/arm/arm-none-eabi/include/c++/10.3.1/math.h"
 1019              		.file 41 "/Library/DaisyToolchain/0.2.0/arm/arm-none-eabi/include/c++/10.3.1/stdlib.h"
 1020              		.file 42 "../../DaisySeed/DaisyExamples/libDaisy/src/per/tim.h"
 1021              		.file 43 "../../DaisySeed/DaisyExamples/libDaisy/src/util/wav_format.h"
 1022              		.file 44 "../../DaisySeed/DaisyExamples/libDaisy/src/dev/max11300.h"
 1023              		.file 45 "../../DaisySeed/DaisyExamples/libDaisy/src/dev/sdram.h"
 1024              		.file 46 "/Library/DaisyToolchain/0.2.0/arm/arm-none-eabi/include/c++/10.3.1/pstl/execution_defs.h
 1025              		.file 47 "/Library/DaisyToolchain/0.2.0/arm/lib/gcc/arm-none-eabi/10.3.1/include/stdarg.h"
 1026              		.file 48 "/Library/DaisyToolchain/0.2.0/arm/arm-none-eabi/include/stdio.h"
 1027              		.file 49 "/Library/DaisyToolchain/0.2.0/arm/arm-none-eabi/include/string.h"
 1028              		.file 50 "/Library/DaisyToolchain/0.2.0/arm/arm-none-eabi/include/wchar.h"
 1029              		.file 51 "touchscreen/ili9341.hpp"
 1030              		.file 52 "touchscreen/ft6206.hpp"
 1031              		.file 53 "<built-in>"
 1032              		.file 54 "../../DaisySeed/DaisyExamples/libDaisy/src/dev/sr_595.h"
ARM GAS  /var/folders/0b/4qn_4lxx65nfvy4wf60ckd5w0000gn/T//ccwEFg80.s 			page 46


DEFINED SYMBOLS
                            *ABS*:0000000000000000 main.cpp
/var/folders/0b/4qn_4lxx65nfvy4wf60ckd5w0000gn/T//ccwEFg80.s:19     .text._ZN5daisy9DaisySeedD2Ev:0000000000000000 $t
/var/folders/0b/4qn_4lxx65nfvy4wf60ckd5w0000gn/T//ccwEFg80.s:26     .text._ZN5daisy9DaisySeedD2Ev:0000000000000000 _ZN5daisy9DaisySeedD2Ev
/var/folders/0b/4qn_4lxx65nfvy4wf60ckd5w0000gn/T//ccwEFg80.s:26     .text._ZN5daisy9DaisySeedD2Ev:0000000000000000 _ZN5daisy9DaisySeedD1Ev
/var/folders/0b/4qn_4lxx65nfvy4wf60ckd5w0000gn/T//ccwEFg80.s:67     .text._Z9GPIO_Initv:0000000000000000 $t
/var/folders/0b/4qn_4lxx65nfvy4wf60ckd5w0000gn/T//ccwEFg80.s:74     .text._Z9GPIO_Initv:0000000000000000 _Z9GPIO_Initv
/var/folders/0b/4qn_4lxx65nfvy4wf60ckd5w0000gn/T//ccwEFg80.s:139    .text._Z9GPIO_Initv:000000000000004c $d
/var/folders/0b/4qn_4lxx65nfvy4wf60ckd5w0000gn/T//ccwEFg80.s:151    .text._Z8SPI_Initv:0000000000000000 $t
/var/folders/0b/4qn_4lxx65nfvy4wf60ckd5w0000gn/T//ccwEFg80.s:158    .text._Z8SPI_Initv:0000000000000000 _Z8SPI_Initv
/var/folders/0b/4qn_4lxx65nfvy4wf60ckd5w0000gn/T//ccwEFg80.s:211    .text._Z8SPI_Initv:0000000000000030 $d
/var/folders/0b/4qn_4lxx65nfvy4wf60ckd5w0000gn/T//ccwEFg80.s:218    .text._Z8I2C_Initv:0000000000000000 $t
/var/folders/0b/4qn_4lxx65nfvy4wf60ckd5w0000gn/T//ccwEFg80.s:225    .text._Z8I2C_Initv:0000000000000000 _Z8I2C_Initv
/var/folders/0b/4qn_4lxx65nfvy4wf60ckd5w0000gn/T//ccwEFg80.s:272    .text._Z8I2C_Initv:0000000000000024 $d
/var/folders/0b/4qn_4lxx65nfvy4wf60ckd5w0000gn/T//ccwEFg80.s:279    .text.startup.main:0000000000000000 $t
/var/folders/0b/4qn_4lxx65nfvy4wf60ckd5w0000gn/T//ccwEFg80.s:286    .text.startup.main:0000000000000000 main
/var/folders/0b/4qn_4lxx65nfvy4wf60ckd5w0000gn/T//ccwEFg80.s:431    .text.startup.main:0000000000000084 $d
/var/folders/0b/4qn_4lxx65nfvy4wf60ckd5w0000gn/T//ccwEFg80.s:436    .text.startup._GLOBAL__sub_I_hw:0000000000000000 $t
/var/folders/0b/4qn_4lxx65nfvy4wf60ckd5w0000gn/T//ccwEFg80.s:442    .text.startup._GLOBAL__sub_I_hw:0000000000000000 _GLOBAL__sub_I_hw
/var/folders/0b/4qn_4lxx65nfvy4wf60ckd5w0000gn/T//ccwEFg80.s:847    .text.startup._GLOBAL__sub_I_hw:0000000000000060 $d
/var/folders/0b/4qn_4lxx65nfvy4wf60ckd5w0000gn/T//ccwEFg80.s:862    .init_array:0000000000000000 $d
/var/folders/0b/4qn_4lxx65nfvy4wf60ckd5w0000gn/T//ccwEFg80.s:935    .bss.i2c_conf:0000000000000000 i2c_conf
/var/folders/0b/4qn_4lxx65nfvy4wf60ckd5w0000gn/T//ccwEFg80.s:942    .bss.i2c_handle:0000000000000000 i2c_handle
/var/folders/0b/4qn_4lxx65nfvy4wf60ckd5w0000gn/T//ccwEFg80.s:949    .bss.spi_conf:0000000000000000 spi_conf
/var/folders/0b/4qn_4lxx65nfvy4wf60ckd5w0000gn/T//ccwEFg80.s:956    .bss.spi_handle:0000000000000000 spi_handle
/var/folders/0b/4qn_4lxx65nfvy4wf60ckd5w0000gn/T//ccwEFg80.s:914    .bss.gpio_irq:0000000000000000 gpio_irq
/var/folders/0b/4qn_4lxx65nfvy4wf60ckd5w0000gn/T//ccwEFg80.s:900    .bss.gpio_cs:0000000000000000 gpio_cs
/var/folders/0b/4qn_4lxx65nfvy4wf60ckd5w0000gn/T//ccwEFg80.s:921    .bss.gpio_res:0000000000000000 gpio_res
/var/folders/0b/4qn_4lxx65nfvy4wf60ckd5w0000gn/T//ccwEFg80.s:907    .bss.gpio_dc:0000000000000000 gpio_dc
/var/folders/0b/4qn_4lxx65nfvy4wf60ckd5w0000gn/T//ccwEFg80.s:928    .bss.hw:0000000000000000 hw
/var/folders/0b/4qn_4lxx65nfvy4wf60ckd5w0000gn/T//ccwEFg80.s:874    .rodata:0000000000000000 $d
/var/folders/0b/4qn_4lxx65nfvy4wf60ckd5w0000gn/T//ccwEFg80.s:896    .bss.gpio_cs:0000000000000000 $d
/var/folders/0b/4qn_4lxx65nfvy4wf60ckd5w0000gn/T//ccwEFg80.s:903    .bss.gpio_dc:0000000000000000 $d
/var/folders/0b/4qn_4lxx65nfvy4wf60ckd5w0000gn/T//ccwEFg80.s:910    .bss.gpio_irq:0000000000000000 $d
/var/folders/0b/4qn_4lxx65nfvy4wf60ckd5w0000gn/T//ccwEFg80.s:917    .bss.gpio_res:0000000000000000 $d
/var/folders/0b/4qn_4lxx65nfvy4wf60ckd5w0000gn/T//ccwEFg80.s:924    .bss.hw:0000000000000000 $d
/var/folders/0b/4qn_4lxx65nfvy4wf60ckd5w0000gn/T//ccwEFg80.s:931    .bss.i2c_conf:0000000000000000 $d
/var/folders/0b/4qn_4lxx65nfvy4wf60ckd5w0000gn/T//ccwEFg80.s:938    .bss.i2c_handle:0000000000000000 $d
/var/folders/0b/4qn_4lxx65nfvy4wf60ckd5w0000gn/T//ccwEFg80.s:945    .bss.spi_conf:0000000000000000 $d
/var/folders/0b/4qn_4lxx65nfvy4wf60ckd5w0000gn/T//ccwEFg80.s:952    .bss.spi_handle:0000000000000000 $d
/var/folders/0b/4qn_4lxx65nfvy4wf60ckd5w0000gn/T//ccwEFg80.s:959    .rodata._ZN5daisy4seedL2D5E:0000000000000000 $d
/var/folders/0b/4qn_4lxx65nfvy4wf60ckd5w0000gn/T//ccwEFg80.s:963    .rodata._ZN5daisy4seedL2D5E:0000000000000000 _ZN5daisy4seedL2D5E
/var/folders/0b/4qn_4lxx65nfvy4wf60ckd5w0000gn/T//ccwEFg80.s:967    .rodata._ZN5daisy4seedL2D6E:0000000000000000 $d
/var/folders/0b/4qn_4lxx65nfvy4wf60ckd5w0000gn/T//ccwEFg80.s:971    .rodata._ZN5daisy4seedL2D6E:0000000000000000 _ZN5daisy4seedL2D6E
/var/folders/0b/4qn_4lxx65nfvy4wf60ckd5w0000gn/T//ccwEFg80.s:975    .rodata._ZN5daisy4seedL2D7E:0000000000000000 $d
/var/folders/0b/4qn_4lxx65nfvy4wf60ckd5w0000gn/T//ccwEFg80.s:979    .rodata._ZN5daisy4seedL2D7E:0000000000000000 _ZN5daisy4seedL2D7E
/var/folders/0b/4qn_4lxx65nfvy4wf60ckd5w0000gn/T//ccwEFg80.s:983    .rodata._ZN5daisy4seedL3D13E:0000000000000000 $d
/var/folders/0b/4qn_4lxx65nfvy4wf60ckd5w0000gn/T//ccwEFg80.s:987    .rodata._ZN5daisy4seedL3D13E:0000000000000000 _ZN5daisy4seedL3D13E
                           .group:0000000000000000 _ZN5daisy9DaisySeedD5Ev

UNDEFINED SYMBOLS
_ZN5daisy4GPIO4InitENS_3PinENS0_4ModeENS0_4PullENS0_5SpeedE
_ZN5daisy9SpiHandle4InitERKNS0_6ConfigE
_ZN5daisy9I2CHandle4InitERKNS0_6ConfigE
_ZN5daisy9DaisySeed4InitEb
_Z16ILI9341_Unselectv
_Z12ILI9341_Initv
ARM GAS  /var/folders/0b/4qn_4lxx65nfvy4wf60ckd5w0000gn/T//ccwEFg80.s 			page 47


_Z14ILI9341_Selectv
_Z22ILI9341_FillScreen_Rawt
_ZN5daisy9DaisySeed7DelayMsEj
_Z17FT6206_Is_Pressedv
__aeabi_atexit
__dso_handle
