:020000040800F2
:1000000000000220E1050008DD0500082D39000888
:10001000DD050008DD050008DD0500080000000022
:10002000000000000000000000000000DD050008E6
:10003000DD05000800000000DD050008B1380008FB
:10004000DD050008DD050008DD050008DD05000808
:10005000DD050008DD050008DD050008DD050008F8
:10006000DD050008DD050008DD050008F1270008B2
:10007000FD270008DD0500080928000815280008EC
:100080002DCC00081D1D0008DD050008DD05000859
:10009000DD050008DD050008DD050008DD050008B8
:1000A000DD050008DD050008DD050008DD050008A8
:1000B00059C0000865C0000871C00008511D000843
:1000C000DD0500085D1D0008DD0500081D32000883
:1000D0002932000861CA00088DCA0008C1CA000898
:1000E000DD050008DD05000800000000DD05000852
:1000F000DD050008DD050008DD050008DD05000858
:10010000DD050008DD0500087DC000083532000867
:10011000F5CA000829CB0008DD050008DD05000848
:10012000DD050008DD050008593200088D320008A1
:1001300061CC0008DD050008DD050008DD050008CC
:1001400000000000000000000000000000000000AF
:10015000DD050008DD050008DD0500085DCB0008B1
:10016000691D0008DD050008C1380008E5380008F1
:10017000DD05000809390008DD050008DD05000877
:10018000DD050008DD05000891CB0008C5CB00089F
:10019000413200084D320008DD050008DD05000889
:1001A000DD050008DD050008DD050008DD050008A7
:1001B00011250008DD050008DD050008DD05000843
:1001C000DD050008DD050008DD050008DD05000887
:1001D000DD050008DD050008DD050008DD05000877
:1001E000DD050008DD050008DD050008DD05000867
:1001F000DD050008DD050008DD050008DD05000857
:10020000DD050008DD050008DD050008DD05000846
:10021000DD050008DD050008DD050008DD05000836
:10022000DD050008DD050008DD0500080000000010
:10023000DD050008DD05000800000000DD05000800
:10024000DD050008DD050008DD050008DD05000806
:10025000DD050008DD050008DD050008DD050008F6
:10026000DD050008DD050008DD050008DD050008E6
:10027000DD050008DD050008F9CB000800000000DE
:10028000DD050008DD050008DD05000800000000B0
:0802900000000000DD0500087C
:1002980010B5054C237833B9044B13B10448AFF3B8
:1002A80000800123237010BD80030024000000009B
:1002B800F4F2000808B5034B1BB103490348AFF338
:1002C800008008BD0000000084030024F4F2000848
:1002D80053B94AB9002908BF00281CBF4FF0FF31A5
:1002E8004FF0FF3000F074B9ADF1080C6DE904CEA1
:1002F80000F006F8DDF804E0DDE9022304B07047F9
:100308002DE9F047089D04468E46002B4DD18A42C0
:10031800944669D9B2FA82F252B101FA02F3C2F1F3
:10032800200120FA01F10CFA02FC41EA030E944084
:100338004FEA1C48210CBEFBF8F61FFA8CF708FBA5
:1003480016E341EA034306FB07F199420AD91CEB7D
:10035800030306F1FF3080F01F81994240F21C81AF
:10036800023E63445B1AA4B2B3FBF8F008FB1033F7
:1003780044EA034400FB07F7A7420AD91CEB04042C
:1003880000F1FF3380F00A81A74240F207816444FC
:10039800023840EA0640E41B00261DB1D440002381
:1003A800C5E900433146BDE8F0878B4209D9002DE5
:1003B80000F0EF800026C5E9000130463146BDE86F
:1003C800F087B3FA83F6002E4AD18B4202D38242D9
:1003D80000F2F980841A61EB030301209E46002D88
:1003E800E0D0C5E9004EDDE702B9FFDEB2FA82F2DD
:1003F800002A40F09280A1EB0C014FEA1C471FFA3B
:100408008CFE0126200CB1FBF7F307FB131140EA21
:1004180001410EFB03F0884208D91CEB010103F1EE
:10042800FF3802D2884200F2CB804346091AA4B2B0
:10043800B1FBF7F007FB101144EA01440EFB00FE84
:10044800A64508D91CEB040400F1FF3102D2A645E9
:1004580000F2BB800846A4EB0E0440EA03409CE788
:10046800C6F12007B34022FA07FC4CEA030C20FA35
:1004780007F401FA06F31C43F9404FEA1C4900FA55
:1004880006F3B1FBF9F8200C1FFA8CFE09FB1811D2
:1004980040EA014108FB0EF0884202FA06F20BD945
:1004A8001CEB010108F1FF3A80F08880884240F295
:1004B8008580A8F102086144091AA4B2B1FBF9F0D9
:1004C80009FB101144EA014100FB0EFE8E4508D9D4
:1004D8001CEB010100F1FF346CD28E456AD9023859
:1004E800614440EA0840A0FB0294A1EB0E01A1423E
:1004F800C846A64656D353D05DB1B3EB080261EBAC
:100508000E0101FA07F722FA06F3F1401F43C5E985
:10051800007100263146BDE8F087C2F12003D840BB
:100528000CFA02FC21FA03F3914001434FEA1C47FD
:100538001FFA8CFEB3FBF7F007FB10360B0C43EAEF
:10054800064300FB0EF69E4204FA02F408D91CEB9F
:10055800030300F1FF382FD29E422DD9023863449D
:100568009B1B89B2B3FBF7F607FB163341EA03413D
:1005780006FB0EF38B4208D91CEB010106F1FF388C
:1005880016D28B4214D9023E6144C91A46EA004683
:1005980038E72E46284605E70646E3E61846F8E615
:1005A8004B45A9D2B9EB020864EB0C0E0138A3E75E
:1005B8004646EAE7204694E74046D1E7D0467BE73F
:1005C800023B614432E7304609E76444023842E7B7
:1005D800704700BFFEE700BF0B480C4A904203D0AB
:1005E800121A0B490EF06EFD0A480B4A904203D0CE
:1005F800121A00210EF074FD03F0EAFB0EF03EFD26
:1006080000F07AF8FEE700BF000000247C03002415
:1006180024F300088003002448300024704700BFFA
:1006280010B5124982B000240122114823460968F6
:10063800009401F043F80F492346012209680E4847
:10064800009401F03BF80D492346012209680C4843
:10065800009401F033F80B492346224609680A48FA
:10066800009401F02BF802B010BD00BF60F1000843
:10067800B003002464F10008D803002468F10008DE
:100688009C0300246CF10008C40300240B490820D3
:100698000B4A002348619088B2F800C00B6148807B
:1006A8000848A1F800C0C1E90233C1E90633C1E92D
:1006B800083313898B8002F08BBF00BF44040024E9
:1006C800F8F000086C040024084A002308499089BF
:1006D800128A10B40124888006480B60CA80C1E9D8
:1006E80002435DF8044B01F041BB00BFF8F000087D
:1006F8002C040024400400240021204838B50D466D
:1007080000F08AFCFFF7C2FFFFF7DEFFFFF788FF64
:1007180000F030F900F034F900F026F94FF6FF70D8
:1007280000F0A2FB00F026F900F01EF90BE000F043
:100738001BF9284600F098FB254600F01BF90A2112
:100748000E4800F0A9FB00F09DFB044678B1002D8F
:10075800EDD000F097FB0028F1D000F005F94FF636
:10076800FF70002500F080FB00F004F9E7E700F0D7
:1007780089FB0028E3D0002DE1D0EEE7EC0300244C
:1007880038B517480024174A1749046044610462C1
:10079800C4630EF05FFC4FF60B73144A14481549F6
:1007A800154DC2E90034C2E90244144A2C601360B2
:1007B800D460C1E90034C0E90034C0E90244104BF8
:1007C8000820C2E901440222DC615A621022C1E910
:1007D8000244C3E905040B490B4B0C601A7438BD7D
:1007E800EC0300240000002425060008D803002498
:1007F800B00300249C0300246C040024C4030024D8
:1008080044040024400400242C0400242DE9F0436F
:100818002A2783B0DFF8B88015468DF8047006469D
:100828002A4F0C4640460021994601F039F86423C6
:10083800012201A9384602F053FF8DF805608DF8B2
:100848000750360A2D0A404601218DF804608DF8BC
:10085800065001F025F80422642338460DEB020106
:1008680002F03EFF2B23404600218DF8043001F0B2
:1008780017F8012201A96423384602F031FF8DF8E8
:1008880005404FEA19234046240A01218DF8063015
:100898008DF804408DF8079001F002F804226423D3
:1008A80038460DEB020102F01BFF2C2340460021C5
:1008B8008DF8043000F0F4FF6423012201A93846C2
:1008C80002F00EFF03B0BDE8F08300BF6C04002403
:1008D800B003002470B51E468318BDF81040F02BF5
:1008E80037DC1546013A024492B28B19B3F5A07F62
:1008F80029DC731E0B449BB2FFF788FF17494FEAA8
:10090800142CE0B201F5807481F800C0023101F8BE
:10091800010C8C42F8D106FB05F40121104800F0C7
:10092800BFFF64000ED0B4F5807F25464FF0640306
:100938000A4928BF4FF480750A482A4602F0D0FEBB
:10094800641BF0D170BDC1F5A07640F23F13B6B27A
:10095800D2E7C0F1F005EF22ADB2C6E7700400247B
:10096800B00300246C0400240021014800F098BF63
:100978009C0300240121014800F092BF9C0300243D
:100988002DE9F04FDFF800A485B0F94D0021DFF81C
:10099800FC935046012400F083FF28460021F54EC1
:1009A80000F07EFF4846052100F076FA21462846E9
:1009B800F14D00F075FF304600218DF8004000F041
:1009C8006FFF2246642369462846DFF8C48302F095
:1009D80087FE48464FF47A71002700F05DFACB2372
:1009E800304600218DF8003000F05AFF224664237B
:1009F8006946284602F074FE4FF0360B98E803006B
:100A080008F11008009030468DF80410214600F0D7
:100A180047FF052269466423284602F061FECF237A
:100A2800394630468DF8003000F03AFF22466946D4
:100A38006423284602F054FE58F8083C2146304604
:100A4800ADF800301B0C8DF8023000F029FF0322AE
:100A580069466423284602F043FEE82339463046B7
:100A68008DF8003000F01CFF2246694664232846B2
:100A780002F036FE58F8043C21463046ADF8003006
:100A88001B0C8DF8023000F00BFF0322694664232B
:100A9800284602F025FEEA23394630468DF8003014
:100AA80000F0FEFE224664236946284602F018FE3E
:100AB80021463046ADF8007000F0F2FE0222694689
:100AC8006423284602F00CFEED23394630468DF8A3
:100AD800003000F0E5FE224669466423284602F00D
:100AE800FFFDA64B21463046009300F0D9FE0422B4
:100AF80069466423284602F0F3FDF7233946304659
:100B08008DF8003000F0CCFE224669466423284662
:100B180002F0E6FD2023214630468DF8003000F033
:100B2800BFFE224669466423284602F0D9FDC02349
:100B3800394630468DF8003000F0B2FE224669464C
:100B48006423284602F0CCFD2323214630468DF845
:100B5800003000F0A5FE224669466423284602F0CC
:100B6800BFFDC123394630468DF8003000F098FEAD
:100B7800224669466423284602F0B2FD1023214626
:100B880030468DF8003000F08BFE2246694664231B
:100B9800284602F0A5FDC523394630468DF80030B9
:100BA80000F07EFE224669466423284602F098FD3E
:100BB80042F63E0321463046ADF8003000F070FEA4
:100BC800022269466423284602F08AFDC723394673
:100BD80030468DF8003000F063FE224669466423F3
:100BE800284602F07DFD8623214630468DF80030E8
:100BF80000F056FE224664236946284602F070FD3E
:100C0800394630468DF800B000F04AFE2246694663
:100C18006423284602F064FD4FF04803214630461D
:100C28008DF8003000F03CFE2246694664232846D1
:100C380002F056FD3A23394630468DF8003000F070
:100C48002FFE224669466423284602F049FD5523B3
:100C5800214630468DF8003000F022FE22466946D3
:100C68006423284602F03CFDB123394630468DF80E
:100C7800003000F015FE224669466423284602F03B
:100C88002FFD4FF4C05321463046ADF8003000F038
:100C980007FE022269466423284602F021FDB62396
:100CA800394630468DF8003000F0FAFD2246694694
:100CB8006423284602F014FD314B214630461B6858
:100CC800ADF800301B0C8DF8023000F0E9FD03226E
:100CD80069466423284602F003FDF223394630466C
:100CE8008DF8003000F0DCFD224664236946284672
:100CF80002F0F6FC214630468DF8007000F0D0FD79
:100D0800224669466423284602F0EAFC262339462F
:100D180030468DF8003000F0C3FD22466423694652
:100D2800284602F0DDFC214630468DF8004000F0F0
:100D3800B7FD224669466423284602F0D1FCE02329
:100D4800394630468DF8003000F0AAFD2246694643
:100D58006423284602F0C4FC0A4BEC460FCBACE8EF
:100D680007002CF8023B1B0C2146304612E000BF5E
:100D7800D8030024B00300246C0400246403128107
:100D880070F1000874F100089C030024EC030024AF
:100D98000CF100088CF8003000F082FD0F22694643
:100DA8006423284602F09CFCE123394630468DF83E
:100DB800003000F075FD224669466423284602F09B
:100DC8008FFCEC4698E80F00ACE807002CF8023BD3
:100DD8001B0C214630468CF8003000F061FD0F22D4
:100DE80069466423284602F07BFC112339463046C5
:100DF8008DF8003000F054FD2246642369462846E9
:100E080002F06EFC4846782100F046F8292339465E
:100E180030468DF8003000F043FD224664236946D1
:100E2800284602F05DFC394630468DF800B000F0E7
:100E380037FD224669466423284602F051FC4FF0EC
:100E48004803304621468DF8003000F029FD6946F8
:100E580064232846224602F043FC2146504605B04A
:100E6800BDE8F04F00F01CBD00214FF4A073F02244
:100E780010B5044682B008460094FFF72BFD02B077
:100E880010BD00BF08B5034800F0FEFC80F001006B
:100E9800C0B208BDC4030024084602F0B3BD00BFB9
:100EA80010B540F203338EB000244FF60B7240F2B7
:100EB8000341ADF8083009A80123ADF81020ADF8BA
:100EC80024202246ADF80C100094029907940C9443
:100ED800CDE90544CDE90A4400F0F0FB04A801235C
:100EE80022460399009400F0E9FB09A800F0CCFC25
:100EF80010B901200EB010BD04A800F0C5FCA04236
:100F08000CBF022020460EB010BD00BF2DE9F041F5
:100F180003239AB0012700240646CDE914373B4B3A
:100F2800CDE9104340F20453CDE91647ADF84830F7
:100F3800FFF7B6FFB842054625D0022845D040F64F
:100F48000132334B0DF12C081894ADF82C200B9876
:100F58001997CDF84A3000F0E3F810A906F13C00E3
:100F680001F05AFC302003224FF07E5341460D9386
:100F78000E93CDE90B02F26B06F1140000F04CFB66
:100F88001AB0BDE8F0811023214A06A906908DF811
:100F980028300DF12C081F4BCDF84A2007930294F6
:100FA800CDE91804CDE9080402A800F0DFFE082303
:100FB800029A03A94046ADF80C508DF80E400495EE
:100FC80005930B9400F0ECF8C7E700200121104BC3
:100FD8000DF12C083A460094CDF84A304FF60B73C1
:100FE8000C94ADF82C302346CDE9180140F60131B8
:100FF8004046ADF818100699CDE90D4400F05EFBA7
:101008002146404600F04CFCA7E700BF0402040458
:10101800040604030704010B2DE9F04704462DEDEF
:10102800028B82B000294DD0012140F20112002329
:101038000091ADF804208DF80630364A0127364B6A
:1010480004F10409354904F12908626040F202728A
:10105800A36040F60663E16004F1250AA4F82520A0
:10106800A4F82930278284F8277084F82B7002F0BE
:1010780065FE054602F0C8FC6946064650BB4DB3FE
:1010880004F130008DF8067002F0E0FD072D3CD128
:1010980004F114052046FFF739FF284600F0F8FA56
:1010A8002846B0EE408A00F0EFFAD0ED007AF8EE6C
:1010B800677A88EE277A84ED0E7A02B0BDEC028B4F
:1010C800BDE8F08740F2011300918DF80610ADF8E5
:1010D8000430B2E704F1300002F0B8FD072D11D05A
:1010E8004946204601F08CF80EB9002DD0D1504663
:1010F80000F0E0FB404600F0DDFB04F1120000F0D8
:1011080079F9C5E7002EF2D1C2E74946204601F039
:1011180077F8BDE70508050905070506050A060667
:1011280010B584B003460124ADF8040003A8ADF857
:101138000C30ADF80E4000F0BDFB214603A800F0CE
:1011480095FC204602F05EFC002103A800F08EFC0E
:10115800204602F057FC214603A800F087FC04B0A3
:1011680010BD00BF10B5C2F3002384B00C46017C4B
:101178008DF80D2043EA4402FA2402238DF80C204E
:1011880003AA009400F088FE18B10124204604B098
:1011980010BD04460A2002F035FC204604B010BDFC
:1011A800034670B543F8042B044684B007C983E8A6
:1011B8000700A37983B91A210B461E22FA25237446
:1011C8002046ADF80C20022303AA009500F064FE27
:1011D80028B1012004B070BD1B210B46EDE70A20A1
:1011E80002F010FC4FF4B85200950223ADF80C2021
:1011F800204603AA217C00F04FFE0028E9D10A20EE
:1012080002F000FC41F2027200950223ADF80C20B6
:10121800204603AA217C00F03FFE0028D9D10A20ED
:1012280002F0F0FB042200950223ADF80C202046C2
:1012380003AA217C00F030FE0028CAD10A2002F05F
:10124800E1FB062200950223ADF80C20204603AAF4
:10125800217C00F021FE0028BBD10A2002F0D2FB3D
:1012680041F2082200950223ADF80C20204603AA7B
:10127800217C00F011FE0028ABD10A20064602F0BE
:10128800C1FB0095022303AA217C2046ADF80C601F
:1012980000F002FE00289CD1304602F0B3FB009516
:1012A80022790C232046002A8DF80C3003AA4FF02F
:1012B800020314BF622142218DF80D10217C00F039
:1012C800EBFD002885D1304602F09CFB2279D4E959
:1012D80002310B43DBB20AB943F0400362790AB129
:1012E80043F020030E22FA258DF80D302046009594
:1012F80002238DF80C2003AA217C00F0CDFD0028E4
:101308007FF467AF0A2002F07DFB102200950223CC
:10131800ADF80C20204603AA217C00F0BDFD002872
:101328007FF457AF0A2002F06DFB122100950223CB
:10133800ADF80C1003AA217C204600F0ADFD002872
:101348007FF447AF0A2002F05DFB01220921204605
:10135800FFF708FF003818BF01203BE7F0B510235E
:1013680087B0234C012200250126002702A9204628
:101378000195CDE902234FF48052CDE9046708F0C6
:101388000FFB642002F080FF02A94FF48052204630
:10139800CDE9046702261027CDE9026708F000FBB3
:1013A8000322102302A92046CDE9022300230422A8
:1013B800CDE904234FF4805208F0F2FA40F23223C8
:1013C800042202A9019310232046CDE90223019AA1
:1013D800012305924FF48052049308F0E1FA40F695
:1013E8000601204608F0FCFA284607B0F0BD00BF09
:1013F800780500241C4B00221C494FF0400C30B5E6
:10140800054689B00220596007219A601A620124B2
:10141800DA620A224FF4006EDC6006922022CDE9DF
:10142800000104200821CDE9020103201021CDE9A3
:10143800040108206946C3E904024FF4C072181D6C
:10144800C3E906C24FF48052C3E909E208F07EFA04
:1014580038B92846FFF782FF003818BF012009B0C5
:1014680030BD204609B030BD74050024404100520B
:10147800614A0021D0B513688EB00A91002B40F064
:10148800B9805E4B01214FF683700C241160022154
:10149800D3F8D4200026032742F48052C3F8D4207E
:1014A800D3F8D42002F480520092009AD3F8E020B6
:1014B80042F01002C3F8E020D3F8E02002F0100256
:1014C8000192019AD3F8E02042F04002C3F8E020EC
:1014D800D3F8E02002F040020292029AD3F8E0200A
:1014E80042F00802C3F8E020D3F8E02002F0080236
:1014F8000392039AD3F8E02042F48072C3F8E02004
:10150800D3F8E02002F480720492049AD3F8E02021
:1015180042F08002C3F8E020D3F8E02002F0800215
:101528000592059AD3F8E02042F02002C3F8E020A3
:10153800D3F8E02002F020020692069AD3F8E020C1
:1015480042F00402C3F8E020D3F8E0300C9403F032
:10155800040307930323079A0B93CDE9080108A90D
:10156800274803F037FF48F23712022308A9254815
:101578000C94CDE90823CDE90A6703F02BFF4CF260
:101588000372022308A920480C94CDE90823CDE969
:101598000A6703F01FFF40F2FF62022308A91B48F5
:1015A8000C94CDE90823CDE90A6703F013FF4FF641
:1015B8000C72022308A916480C94CDE90823CDE93A
:1015C8000A6703F007FF4FF63F02022308A91148F4
:1015D8000C94CDE90823CDE90A6703F0FBFE20222D
:1015E800022308A90A480C94CDE90A67CDE9082323
:1015F80003F0F0FE0EB0D0BD700500240044025880
:101608000010025800180258000C02580020025816
:10161800001C02580014025830B5184C154685B005
:10162800046004F1080EEC460FC98EE80F00D4EDF3
:10163800047AF5EEC07A8CE80F00F1EE10FA1ADDA4
:10164800B7EE006A94ED057A27EE277AC6EE276A88
:1016580084ED0D7AC4ED0C6A6DB1204640F8185F30
:1016680001F0D2F9064903690020064A2162A26204
:10167800E36005B030BD012005B030BDAC050024E5
:10168800002000300000003000680830704700BFBC
:101698000068183001F0BAB910B4074B4FF07E510A
:1016A80030240022032019619C60D8605DF8044B47
:1016B8005961C3E906227047AC05002410B592B001
:1016C800ADF804100180C9B2149C0B29C460C0E9AC
:1016D80001233FD090F801C0BCF10F0F3AD8022A7D
:1016E8003FD0032A02D0012A00D000220E92012BFB
:1016F80002D0022B18BF0023022C0F932CD0032CEE
:101708002AD0012C28D000230A29109327D85C4A14
:1017180002EB812202610A2914D8DFE801F0A395BF
:1017280087796B5D4F4133250600564BD3F8E0109F
:1017380041F48061C3F8E010D3F8E03003F480632B
:101748000C930C9B01230DA9104603FA0CF30D937F
:1017580003F040FE12B010BD0A291094D7D9002218
:10176800D8E711220E92C2E7464BD3F8E01041F4B5
:101778000071C3F8E010D3F8E03003F400730B9362
:101788000B9BDFE73F4BD3F8E01041F48071C3F8BF
:10179800E010D3F8E03003F480730A930A9BD1E792
:1017A800384BD3F8E01041F08001C3F8E010D3F8CB
:1017B800E03003F080030993099BC3E7314BD3F86A
:1017C800E01041F04001C3F8E010D3F8E03003F036
:1017D80040030893089BB5E72A4BD3F8E01041F083
:1017E8002001C3F8E010D3F8E03003F0200307939A
:1017F800079BA7E7234BD3F8E01041F01001C3F88B
:10180800E010D3F8E03003F010030693069B99E745
:101818001C4BD3F8E01041F00801C3F8E010D3F8EE
:10182800E03003F008030593059B8BE7154BD3F8CD
:10183800E01041F00401C3F8E010D3F8E03003F001
:1018480004030493049B7DE70E4BD3F8E01041F0AA
:101858000201C3F8E010D3F8E03003F00203039369
:10186800039B6FE7074BD3F8E01041F00101C3F881
:10187800E010D3F8E03003F001030293029B61E724
:10188800000002580044025808B501214378006955
:10189800994089B203F0A6FF003818BF012008BD9F
:1018A80001230A464178006903FA01F189B203F07D
:1018B8009FBF00BF8378022B30B504468FB037D066
:1018C800032B33D0012B31D000230A93E378012B6B
:1018D8002AD0022B28D000230B93002320460C93F8
:1018E80002F0B0FB0546204602F0B4FB23780990CD
:1018F800082B13D8DFE803F01F3245586B7E91A4FC
:101908000500594BD3F8E02042F48072C3F8E02078
:10191800D3F8E03003F480730893089B09A928469C
:1019280003F058FD0FB030BD0B93D6E70A93CDE70F
:1019380011230A93CAE74C4B09A92846D3F8E0209B
:1019480042F00102C3F8E020D3F8E03003F00103CD
:101958000093009B03F03EFD0FB030BD424B09A938
:101968002846D3F8E02042F00202C3F8E020D3F87A
:10197800E03003F002030193019B03F02BFD0FB04D
:1019880030BD394B09A92846D3F8E02042F00402BB
:10199800C3F8E020D3F8E03003F004030293029B7D
:1019A80003F018FD0FB030BD2F4B09A92846D3F816
:1019B800E02042F00802C3F8E020D3F8E03003F05A
:1019C80008030393039B03F005FD0FB030BD264BBE
:1019D80009A92846D3F8E02042F01002C3F8E02015
:1019E800D3F8E03003F010030493049B03F0F2FCF7
:1019F8000FB030BD1C4B09A92846D3F8E02042F0AF
:101A08002002C3F8E020D3F8E03003F02003059368
:101A1800059B03F0DFFC0FB030BD134B09A9284626
:101A2800D3F8E02042F04002C3F8E020D3F8E030D9
:101A380003F040030693069B03F0CCFC0FB030BDC7
:101A4800094B09A92846D3F8E02042F08002C3F8E0
:101A5800E020D3F8E03003F080030793079B03F0FE
:101A6800B9FC0FB030BD00BF0044025870B506463F
:101A78000D4602F0E7FA0446304602F0EBFA2A1E59
:101A88000146204618BF0122BDE8704003F0B0BEF1
:101A98000023122270B586B0CDE9022304930368AF
:101AA800032B01D804230593061D841D304602F03C
:101AB800C9FA0546304602F0CDFA034601A9284680
:101AC800019303F087FC204602F0BCFA0346204647
:101AD8001C4602F0BFFA01A903462046019303F011
:101AE80079FC06B070BD00BF634A0368934210B525
:101AF8008CB028D0614A934258D0614A934200F092
:101B08009480604A934201D00CB010BD5E4C5F488F
:101B1800D4F8E03043F00203C4F8E030D4F8E03001
:101B280003F002030A930A9BFFF7B2FFD4F8F430DC
:101B380043F08003C4F8F430D4F8F43003F08003A1
:101B48000B930B9BE0E7504C5148D4F8E03043F03E
:101B58000203C4F8E030D4F8E03003F00203019344
:101B6800019BFFF795FFD4F8E83000221F2043F4CB
:101B780000131146C4F8E830D4F8E83003F4001331
:101B88000293029BD4F8D83043F00103C4F8D8304C
:101B9800D4F8D83003F001030393039B02F09EFBB3
:101BA8001F200CB0BDE8104002F0D6BB364C3948B7
:101BB800D4F8E03043F08003C4F8E030D4F8E030E3
:101BC80003F080030493049BD4F8E03043F002034D
:101BD800C4F8E030D4F8E03003F002030593059B25
:101BE800FFF756FFD4F8E8300022212043F48003A1
:101BF8001146C4F8E830D4F8E83003F480030693BB
:101C0800069BD4F8D83043F00103C4F8D830D4F890
:101C1800D83003F001030793079B02F05FFB2120F4
:101C28000CB0BDE8104002F097BB1B48FFF730FF2F
:101C3800154B00224820D3F8E840114644F400042C
:101C4800C3F8E840D3F8E84004F400040894089C7A
:101C5800D3F8D84044F00104C3F8D840D3F8D830BA
:101C680003F001030993099B02F038FB48200CB0EC
:101C7800BDE8104002F070BB00540040005800401E
:101C8800005C0040001C0058004402587008002402
:101C9800E8050024C0060024980700242DE9F04335
:101CA8001A4B87B000254FF010099E46EC46184B9A
:101CB800FF22E04667461A700EF118060EF130044E
:101CC800CDE90055CDE90255ADF80090BCE80F000C
:101CD800CDE90455AEE80F009CE803000095ADF887
:101CE80000908EE80300B8E80F000FC69CE80300D8
:101CF8000095ADF8009086E803000FCF0FC49CE86C
:101D0800030084E8030007B0BDE8F0830400002462
:101D1800E405002410B5EFF3108472B6084B1A7866
:101D2800120602D504B962B610BD1B78D822054840
:101D38005BB202FB0300143002F0FAFFF2E700BFC7
:101D4800E4050024E8050024014804F0E9BB00BFCD
:101D580074060024014804F0E3BB00BF4C070024CC
:101D6800014804F0DDBB00BF240800242DE9F0433E
:101D78000F68D8243F4D85B007FB04F4032F05EB0B
:101D88000403036040DCCB680E46012B3CD84DD0E1
:101D98004FF0D808B646DFF8FC9008FB0758BEE8B5
:101DA8000F00C446ACE80F00DEF800300DF1100E4D
:101DB800CCF80030D8F808C099E80F000EE90F00F9
:101DC8000EEB8703BCF1010F53F8103CC8F88C30B8
:101DD80031D0BCF1020F42D0BCF1000F35D0317CBC
:101DE8008C34D823002201202C4403FB07534900DC
:101DF800C3E92602C3F894102046C3E92822C3E9A0
:101E08002A2204F07FF918B1012005B0BDE8F0835B
:101E18000146204604F090FB0028F5D101462046F3
:101E280004F0B4FB003818BF0120EEE70B7C103B30
:101E3800672BADD9E8E701F07FFF0F4B98420CBF45
:101E48000E4B0F4BC8F89030C9E701F075FF0A4BED
:101E580098420CBF0B4B0C4BC8F89030BFE701F011
:101E68006BFF054B98420CBF084B094BC8F89030E4
:101E7800B5E700BFE8050024000E27072D0FB03096
:101E88003211D0205F4390608A62E030200BA010AE
:101E98001A0980102CF100082DE9F041D0F80080D3
:101EA80082B00D4617461E4608F18C04204604F001
:101EB8003FFB2028FAD1D8F80C3073B96D002046C2
:101EC800089C33463A46A9B2009404F071F90038E8
:101ED80018BF012002B0BDE8F081089B32463946A0
:101EE800204604F039FAF2E7044B10221A7483F8FA
:101EF800E82083F8C02183F898227047E805002479
:101F080030B5002395B04FF48071062204460B9338
:101F180006921393CDE90C13CDE90E33CDE91133B5
:101F280001F00CFF07282BD004F1100541F288328C
:101F380006A9284605F03CF928B10123184684F87B
:101F48005C3015B030BD0222022306A92846CDE92F
:101F5800002310220123CDE9022300224FF480033D
:101F6800CDE9042305224FF0807306926A460F9349
:101F780041F2883305F088FA0028DED115B030BD6B
:101F88000323012084F85C3015B030BD0000000048
:101F980070B50023A4B04FF080724FF480750446EA
:101FA800ADF806300D93CDE910320122CDE90E537C
:101FB800CDE91223CDE91433002943D0F02300F1F1
:101FC800100508AEADF80630C02341F2883231461C
:101FD8002846089305F0ECF828B10123184684F840
:101FE8005C3024B070BD41F288320DF106012846FC
:101FF80005F048F903460028EFD105224FF4807117
:102008001E93284616924FF080721B9321931F92BD
:1020180002AA9FED1F7BCDE91C13CDE922338DED7C
:10202800027B9FED1D7B41F2883316A98DED047B61
:102038009FED1B7B8DED067B05F026FA0028CCD1A1
:1020480024B070BD00F1100508AE612341F288325A
:1020580031462846089305F0ABF80028BDD141F277
:1020680088320DF10601284605F08AF90028B4D116
:10207800BDF80630204623F0780343F04003ADF85E
:102088000630FFF73DFF00289ED0A6E7AFF300809B
:102098000000000001000000100000000100000026
:1020A80000000000000040002DE9F04F00234FF42D
:1020B800807501264FF0807804462DED028BABB079
:1020C8008DF8073013932193299314950E96CDF824
:1020D8005C80CDE91533CDE91863CDE91A33CDE934
:1020E8002253CDE92433CDE9273306231C9301F08D
:1020F80025FE072808D004F1100741F288321CA9F0
:10210800384605F055F840B10123184684F85C308C
:102118002BB0BDEC028BBDE8F08F4FF0020A4FF0F8
:10212800020B4FF0050941F2883308AA1CA938466A
:10213800CDF89480CDF870909FED2D8BCDE908AB4C
:102148004FF0000A4FF4800B8DED0A8BCDE90CABF4
:1021580005F09AF90028D7D141F2883238460EA9FD
:1021680005F026F80028CFD1402341F288320DF13E
:10217800070138468DF8073005F084F80028C3D1E8
:1021880041F288330EA902AA3846CDF83890CDF826
:102198005C809FED197B8DED048BCDE906AB8DED51
:1021A800027B05F071F903460028ADD1CDF8709097
:1021B8004FF00109CDF894804FF00008219308AA48
:1021C80029931CA938462295CDE92333CDE9273335
:1021D80041F288338DED0A8BCDE90CABCDE9088946
:1021E80005F052F9002893D0304684F85C608FE7F8
:1021F8001000000001000000400000004000000046
:102208002DE9F043624CA3B00D46046001F096FD41
:10221800072800F0A980286823466968AA6807C3C8
:102228001E46AB8926F8043B3046257B677B04F0C5
:10223800A1FFE0B9574B012D4FF00108E061236180
:1022480014BF4FF480134FF40003C4E9058893FAD0
:10225800A3F3B3FA83F34FF48079013BC4F82490D5
:10226800C4E90B003046236204F018FF38B101229C
:10227800134684F85C20184623B0BDE8F083662333
:102288000B90139041F2883206A90693CDE90C9081
:10229800CDE90E00CDE91100304604F089FF002891
:1022A800E5D1992341F2883206A93046069304F015
:1022B8007FFF0028DBD105231C9019906A461493F0
:1022C8004FF08073219014A91D9341F288339FED3C
:1022D8002A7BCDE91A90CDE91F008DED007B9FED9B
:1022E800287B30468DED027B9FED277B8DED047BAF
:1022F80005F0CAF80028BAD129462046FFF748FE5B
:102308000028B4D12046FFF7CFFE03460028AED1FF
:10231800002FB0D1189330460027002606AA14A92A
:10232800CDF86890CDE91F33EB2314934FF4406345
:102338001B934FF4005317934FF440431C93A0236F
:102348001693062319934FF0805321934FF040734F
:10235800CDE906671D9305F00FF9034600288AD0DA
:10236800434684F85C8086E701230322184684F8F4
:102378005C2023B0BDE8F0830000000001000000ED
:1023880010000000010000000000000000004000F4
:1023980048090024005000522DE9F04F8FB0414BFE
:1023A8000024026800AF9A427C63C7E90944C7E980
:1023B8000B4403D03C37BD46BDE8F08F3A4B40F69E
:1023C80009213A48EB46D3F8D42007F11C0607F157
:1023D800220A4FF0020942F480424FF00308C3F882
:1023E800D420D3F8D42002F48042BA60BA68D3F873
:1023F800E02042F04002C3F8E020D3F8E02002F0E9
:102408004002FA60FA68D3F8E02042F02002C3F8EC
:10241800E020D3F8E02002F020023A613A69D3F8CC
:10242800E02042F01002C3F8E020D3F8E02002F0E8
:1024380010027A617A69D3F8E02042F00202C3F808
:10244800E020D3F8E030F86103F002033984BB617F
:10245800174B7B60BB697B6853F8040F7B6001F006
:10246800F1FD7B680546186801F0F4FD16F8013B9C
:10247800786207F124012846C7F830807B63C7E9F2
:102488000A9402F0A7FF5645E5D100225C201146C8
:1024980001F024FF5C2001F05FFF3C37DD46BD46BC
:1024A800BDE8F08F00500052004402580A0A09099A
:1024B800A4090024114B02689A4200D07047104AC0
:1024C80070B5D2F8D4300F4C23F4804304F11806C9
:1024D800C2F8D43054F8040F01F0B4FD0546206862
:1024E80001F0B8FD0146284603F0B4F8B442F1D132
:1024F8005C20BDE8704001F03DBF00BF00500052B5
:1025080000440258A4090024014805F0C1B800BFDE
:1025180058090024084B1A1D981D03F1080110B42E
:102528009C1C9A6603F10A02C3E91834C3E91B012B
:102538005DF8044B5A6770474809002438B50368AA
:1025480071B9026A00F1280500F5AC74012A0CBFC4
:10255800002140218BBB1D4B5722C0F858310DE09C
:10256800426A00F1C00500F5E874012A0CBF002199
:102578004021EBB1164B5A22C0F8D0310023204637
:10258800C4E901214FF480524FF4806163626261B3
:102598004FF48042C4E903314FF48073C4E9062341
:1025A8004FF40033236202F04BF858B1FFBEFEE748
:1025B800084B5822C0F8D031E0E7074B5922C0F841
:1025C8005831DBE7C5E92044A56338BD1000024057
:1025D8007000024028000240580002402DE9F043F4
:1025E800821D05468BB0031D05F10A010830CDE9AF
:1025F800052305F10C02AB69CDE907010992002B0F
:102608003DD0EB69B3FA83F84FEA58180123022248
:1026180005AE0AAF4FF006090393CDE9012356F83A
:10262800044B2B792278934216D02B68F3B1012BF7
:1026380002D1F2B10A230493204601F00BFD0346B0
:102648002046009301F0FEFC694602F0C3FEBE423C
:10265800E5D10BB0BDE8F083697963789942E4D19C
:10266800B8F1000FF3D02B68002BE0D1CDF8109013
:10267800E2E76378022B14BF0A230823DBE74FF055
:102688000108C3E7534A0368934230B505468BB047
:1026980055D02032934252D04F4A934204D0203230
:1026A800934201D00BB030BD4C4C4D48D4F8E030CB
:1026B80043F00103C4F8E030D4F8E03003F001033C
:1026C8000593059BD4F8E03043F00803C4F8E030E4
:1026D800D4F8E03003F008030693069BD4F8E03002
:1026E80043F04003C4F8E030D4F8E03003F040038E
:1026F8000793079BD4F8F03043F40003C4F8F03094
:10270800D4F8F03003F400030893089BFFF766FF42
:10271800D4F8D830296843F001032F4A3048C4F868
:10272800D830891AD4F8D83018BF012103F0010332
:102738000993099B0BB0BDE83040FFF7FFBE274C5B
:102748002848D4F8E03043F00103C4F8E030D4F866
:10275800E03003F001030093009BD4F8E03043F02D
:102768001003C4F8E030D4F8E03003F0100301930C
:10277800019BD4F8E03043F04003C4F8E030D4F8CB
:10278800E03003F040030293029BD4F8F03043F4A6
:102798008003C4F8F030D4F8F03003F480030393D6
:1027A800039BFFF71BFFD4F8D830296843F00103D7
:1027B800084A0C48C4F8D830891AD4F8D83018BF59
:1027C800012103F001030493049B0BB0BDE83040E2
:1027D800FFF7B4BE04580140045C014000440258AD
:1027E8001C0C0024C0090024014802F0A1BA00BF53
:1027F800180B0024014802F09BBA00BF900B00247C
:10280800014802F095BA00BF740D0024014802F097
:102818008FBA00BFEC0D00242DE9F04F0C684FF47F
:102828001776754F87B004FB06F6012C07EB060AEE
:10283800C0F800A000F3A0800D468E464FF00008B7
:10284800D44669A3D3E9002369A1D1E90001CDE900
:10285800022306ABCAF8508203EB8403CDE90401D6
:1028680053F810BC53F8083CCAE992880193BEE8B3
:102878000F00ACE80F00BEE80F00ACE80F00019BAA
:102888009EE80300CAF828B0CAF8C0308CE80300F4
:102898002B69042B0CD8DFE803F0737D87910300C4
:1028A8004FF41773554A03FB04739A64C3F8E02086
:1028B800AA692B6A002A43D0002B4FF4177308BF6C
:1028C800022203FB047318BF0322DA6201221A638F
:1028D800EA696B6A002A40D1191E4FF4177318BFB2
:1028E800012103FB0473C3E931126B69022B05D87C
:1028F800434A12F80380434A52F823904FF417735F
:1029080006F128004246494603FB04740023384474
:1029180063646363E365C4F8DC30C4F8CC30C4F89E
:10292800F430C4E90F33C4E91533C4E93533C4E9D5
:102938003B33022306F04EFF002849D0FFBEFEE7D6
:10294800191E4FF4177318BF012103FB0473C3E961
:102958000B12EA696B6A002ABED0002B4FF417737A
:1029680008BF022203FB047318BF0322C3F8C42064
:102978000122C3F8C820B8E7012007B0BDE8F08FEE
:102988004FF417734FF4FA5203FB04739A64C3F8B5
:10299800E0208DE74FF417734FF47A5203FB04736A
:1029A8009A64C3F8E02083E74FF417734FF4FA42B0
:1029B80003FB04739A64C3F8E02079E74FF41773B4
:1029C8004BF6803203FB04739A64C3F8E0206FE788
:1029D80006F1C000022342464946384406F0FAFE92
:1029E8000028CAD0FFBEFEE704580140045C01403D
:1029F80024580140245C0140C009002400770100EC
:102A080084F1000888F100080068704703681B69B2
:102A1800042B05D8044A02EB830393ED000A7047A0
:102A28009FED020A704700BF94F1000800803B4701
:102A380070B5002304464FF4806204214FF44035FA
:102A48003448C4F83821C4F8D410C4F83431C4F870
:102A58004C113149C4F8B000C4F82811C4E92F3228
:102A6800C4E93133C4E93335C4E93733C4E94F33F2
:102A7800C4E95135C4E95533A2680323C4F8D830F2
:102A8800C4F85031042A0AD8DFE802F01F262D3492
:102A9800030055225623C4F8B420C4F82C31002270
:102AA800402304F1B005C4F8B8202846C4F83031F2
:102AB80001F0C6FD08B1FFBEFEE704F59476304686
:102AC80001F0BEFDE8B1FFBEFEE725222623C4F8CB
:102AD800B420C4F82C31E2E727222823C4F8B42014
:102AE800C4F82C31DBE73D223E23C4F8B420C4F8F7
:102AF8002C31D4E753225423C4F8B420C4F82C3121
:102B0800CDE704F12803C4E92865C4F8E830C4F81F
:102B1800603170BD40040240580402402DE9F04F76
:102B2800814683B00E4617461D4600F1280420460C
:102B380007F08CFE01288246F9D14846FFF778FF56
:102B48008046002835D1EFF31083019372B6DFF881
:102B580088B00C9B99F90820DFF880A0DFF88090F6
:102B6800CBF800300D9B89F80020CAF800300DB171
:102B78001846A847BAB23146204607F0DDF930B901
:102B8800019B03B962B6404603B0BDE8F08F00234D
:102B9800CBF80030CAF80030FF2389F800300C9BCE
:102BA8008BB101210D9888469847019B002BEAD1EB
:102BB800E8E70C9B53B1D0460D98514698474046DC
:102BC80003B0BDE8F08F4FF00108D9E7D046404682
:102BD80003B0BDE8F08F00BF98180024A0180024A7
:102BE8009C1800242DE9F04F814683B00E46174605
:102BF8001D4600F12804204607F028FE01288246D9
:102C0800F9D14846FFF714FF8046002835D1EFF385
:102C18001083019372B6DFF888B00C9B99F90820ED
:102C2800DFF880A0DFF88090CBF800300D9B89F8A2
:102C38000020CAF800300DB11846A847BAB231468C
:102C4800204607F03DFB30B9019B03B962B6404608
:102C580003B0BDE8F08F0023CBF80030CAF800308D
:102C6800FF2389F800300C9B8BB101210D98884611
:102C78009847019B002BEAD1E8E70C9B53B1D0465B
:102C88000D9851469847404603B0BDE8F08F4FF085
:102C98000108D9E7D046404603B0BDE8F08F00BF31
:102CA80098180024A01800249C1800242DE9F04F3F
:102CB800814683B00F461646984600F12804204600
:102CC80007F0C4FD0128FAD182464846FFF7B0FE56
:102CD8000546002838D1EFF31083019372B699F9AD
:102CE8000830DFF88890DFF888B089F800300D9B4D
:102CF800DFF880A0CBF800300E9BCAF800300C9BA0
:102D08000BB10E9898471FFA88F33A463146204689
:102D180007F0CAF930B9019B03B962B6284603B077
:102D2800BDE8F08F0023CBF80030CAF80030FF234D
:102D380089F800300D9B8BB101210E980D469847FC
:102D4800019B002BEAD1E8E70D9B4BB155460E9845
:102D580051469847284603B0BDE8F08F0125DAE7C9
:102D68005546284603B0BDE8F08F00BF9C180024E4
:102D780098180024A01800242DE9F043002387B0F8
:102D88000222044605690493CDE90223D0E9021220
:102D98008E00FAB1022D7AD02178B5FA85F54FF078
:102DA8000108276A0B294FEA551521D1A2780B2A69
:102DB80002D0B8F1000F38D123790B2B01D0002DA8
:102DC8006CD1A37917B10B2B40F09980002007B084
:102DD800BDE8F08335F002032178276A0CBF4FF075
:102DE80001084FF00008023D18BF01250B29DDD06E
:102DF8007D4B94F801C053F8262010780B2802D098
:102E0800884200F0AD80D378D01C994202D10B2BB8
:102E180040F0BD809379901D8B4202D10B2B40F07E
:102E2800BC80012007B0BDE8F083711C6E4BE078D0
:102E380053F8213019780B2902D08A4200F0B58066
:102E4800D97803F1030C0B2902D08A4200F0BB8029
:102E5800997903F1060C0B29E3D08A42E1D1DB7999
:102E68008342DED1634604F102099B784846059304
:102E780001F0E8F88046484601F0ECF801A9019015
:102E8800404602F0A7FA23790B2B98D199E70178ED
:102E9800076A0B2940F0868001258DE7B11C524A4C
:102EA800607952F8212011780B2902D08B4200F06A
:102EB8008180D178D51C0B2902D08B4200F08D80FF
:102EC8009179951D8B42ACD10B29AAD0D379834235
:102ED800A7D12A46251D93782846059301F0B2F814
:102EE800034628461D4601F0B5F801A90190284679
:102EF80002F070FAA379002F7FF465AF66E7F11C42
:102F0800394AE07952F8212011780B2901D08B42F7
:102F18005FD0D178D51C0B2901D08B424FD0917945
:102F2800951D8B427FF47DAF0B293FF47AAFD3799F
:102F380083427FF476AF2A46A51D937828460593E9
:102F480001F080F80446284601F084F8034601A9F8
:102F58002046019302F03EFA002007B0BDE8F08356
:102F6800537863457FF44FAF93782046059301F07B
:102F780069F88146204601F06DF801A9019048469C
:102F880002F028FAA2780B2A7FF413AF14E713791A
:102F980063457FF43FAF0246E6E7D37963457FF4A4
:102FA80040AFF8E79846012522E7597881427FF437
:102FB80047AF58E7517881427FF47BAF8AE71179B0
:102FC8008142ACD1B7E7197981427FF441AF6346BA
:102FD80049E7517881429CD1AEE7117981427FF46B
:102FE8006FAF2A4676E700BFD0F10008654A03684C
:102FF800934200F0B980A2F57842934200F0B6807F
:1030080002F58062934200F0B38002F57842934261
:1030180000F0B08002F5E052934200F0AD805A4AC9
:10302800934240F0AB8005234FF4D071574A01FB1F
:1030380003F310B5D418D05C86B001F013F8A0786B
:1030480001F010F8207901F00DF8A07901F00AF8E4
:10305800A368052B11D8DFE803F0192F455B71032E
:103068004B4BD3F8F42042F02002C3F8F420D3F8F5
:10307800F43003F020030593059B2046FFF77CFE00
:10308800012801D006B010BDFFBEFEE7404B00226C
:103098002320D3F8F01041F48051C3F8F010114602
:1030A800D3F8F03003F480530093009B01F016F935
:1030B800232001F051F9E0E7354B00222420D3F812
:1030C800E81041F48041C3F8E8101146D3F8E8301D
:1030D80003F480430193019B01F000F9242001F0DF
:1030E8003BF9CAE72A4B00223320D3F8E81041F411
:1030F8000041C3F8E8101146D3F8E83003F4004360
:103108000293029B01F0EAF8332001F025F9B4E7B5
:103118001F4B00225420D3F8F01041F40051C3F89B
:10312800F0101146D3F8F03003F400530393039BD7
:1031380001F0D4F8542001F00FF99EE7144B002257
:103148005520D3F8F01041F48011C3F8F01011465F
:10315800D3F8F03003F480130493049B01F0BEF815
:10316800552001F0F9F888E700235DE701235BE7C4
:10317800022359E7032357E7042355E700231B7865
:10318800FFDE00BF0030014000140058780E002414
:10319800004402582DE9F043002289B01B4B01215D
:1031A8000DF1040C9E461A4B0791E146E04667462E
:1031B8000EF11C060EF138050EF15404CDE901227A
:1031C800CDE90322CDE90522FF221A70BCE80F00E1
:1031D800AEE80F009CE807008EE80700B9E80F008A
:1031E8000FC69CE8070086E80700B8E80F000FC57F
:1031F8009CE8070085E807000FCF0FC49CE807008C
:1032080084E8070009B0BDE8F08300BF0C01002482
:103218009C180024014807F0EDB900BFA00E002457
:10322800014807F0E7B900BF40100024014807F043
:10323800E1B900BFE0110024014807F0DBB900BF85
:1032480080130024014807F0D5B900BF20150024D9
:1032580010B5EFF3108472B6084B1A78120602D52F
:1032680004B962B610BD1B784FF4D07204485BB243
:1032780002FB0300B03001F05BFDF1E79C1800246D
:10328800780E002410B5EFF3108472B6094B1A7843
:10329800120602D504B962B610BD1B784FF4D0727D
:1032A80005485BB202FB030000F5947001F040FD95
:1032B800F0E700BF9C180024780E00242DE9F041A7
:1032C80084B0EFF3108772B6284AFF21284C1368A0
:1032D800217023B100211160264A1068984723788D
:1032E8001B061CD5DFF894800025234E4446216830
:1032F80079B162686AB1A369012B22D0A3B9636965
:103308003046019323690093E3682289FFF76AFC3A
:1033180018B301351C3406F5D076042DE7D107B96A
:1033280062B604B0BDE8F081D4E90430CDE90130DB
:10333800E068238900903046FFF7B8FC0028E8D100
:103348000BE0D4E904301146CDE900303046E3689B
:103358002289FFF7E3FB0028DBD1C5EBC50508EBA5
:10336800850348F825005860D9E700BF981800245D
:103378009C180024A0180024780E00240C010024B6
:103388002DE9F04184B0EFF3108772B6284AFF2187
:10339800284C1368217023B100211160264A106857
:1033A800984723781B061CD5DFF894800025234E08
:1033B8004446216879B162686AB1A369012B22D0B9
:1033C800A3B963693046019323690093E3682289AE
:1033D800FFF708FC18B301351C3406F5D076042D28
:1033E800E7D107B962B604B0BDE8F081D4E904308A
:1033F800CDE90130E068238900903046FFF756FC9C
:103408000028E8D10BE0D4E904301146CDE90030BA
:103418003046E3682289FFF781FB0028DBD1C5EB42
:10342800C50508EB850348F825005860D9E700BFB3
:10343800981800249C180024A0180024780E002452
:103448000C0100242DE9F04184B0EFF3108772B627
:10345800284AFF21284C1368217023B100211160EC
:10346800264A1068984723781B061CD5DFF89480F5
:103478000025234E4446216879B162686AB1A36980
:10348800012B22D0A3B963693046019323690093C5
:10349800E3682289FFF7A6FB18B301351C3406F54B
:1034A800D076042DE7D107B962B604B0BDE8F08143
:1034B800D4E90430CDE90130E06823890090304632
:1034C800FFF7F4FB0028E8D10BE0D4E904301146FB
:1034D800CDE900303046E3682289FFF71FFB00285A
:1034E800DBD1C5EBC50508EB850348F82500586016
:1034F800D9E700BF981800249C180024A0180024BD
:10350800780E00240C0100242DE9F04184B0EFF37B
:10351800108772B606F0D8FA284A294CFF2113689A
:1035280021702BB1002111600121264A10689847AB
:1035380023781B061CD5DFF894800025224E4446CC
:10354800216879B162686AB1A369012B22D0A3B955
:1035580063693046019323690093E3682289FFF782
:1035680041FB18B301351C3406F5D076042DE7D19C
:1035780007B962B604B0BDE8F081D4E90430CDE9FA
:103588000130E068238900903046FFF78FFB002860
:10359800E8D10BE0D4E904301146CDE900303046DB
:1035A800E3682289FFF7BAFA0028DBD1C5EBC50525
:1035B80008EB850348F825005860D9E798180024D7
:1035C8009C180024A0180024780E00240C01002464
:1035D8002DE9F0418F684FF4D0743E4E8C4607FBBE
:1035E80004F4052F06EB04050560AE46BCE80F00A1
:1035F800AEE80F00BCE80F00AEE80F009CE803003F
:103608008EE8030004D8EB68002B60D0012B02D0B1
:103618000120BDE8F08100214FF4D07303FB07635C
:103628001A69032AF4D8D3F814C0ACF104001C2892
:10363800EED89B691BB1012BEAD14FF000734FF410
:10364800D07000FB0760C06918B10128E0D14FF0C5
:1036580080704FF4D07505FB0765D5F820E0BEF102
:10366800020FD5D8D5F82480B8F1070FD0D8520466
:10367800E962C5E90E300CF1FF332A6304F1280032
:103688006B634FEA087330446B640023C5E9123357
:10369800C5E91433C5E91833C5E91A33C5E91C333C
:1036A800AB67C5F880300C4B53F82E200B4B2A64BF
:1036B8004FF0804253F82730EA65AB624FF0004381
:1036C800EB6706F001FA0028A3D0FFBEFEE74FF42F
:1036D8008001A1E7780E0024C0F10008A8F10008D5
:1036E800006892B208B5283006F09CFA003818BF76
:1036F800012008BD30B4544B002108220220534C4D
:10370800D9615862C3F8BC11C3F8C401C3F85C138B
:10371800C3F86403C3F8F424C3F8F814C3F8FC141A
:10372800C3F80405C3F89426C3F89816C3F89C1682
:10373800C3F8A406C3F83428C3F83818C3F83C18EB
:10374800C3F84408424D4348C3E90521C3E96D2144
:10375800C3E9D5212288A3783F49EA80CA800B7241
:103768003E492B72CA800B722168A0F8032043716E
:10377800C28003723A4C3B48E2802372A0F80320CF
:10378800394C4371C28003723848E2802372A0F832
:103798000320374C4371C2800372080C2180A0704B
:1037A800A4F803206371E2802372324C324D2180E9
:1037B800A070A4F803206371E28023722F4CEA8082
:1037C80021802B72A070A4F803206371E280237219
:1037D8002B4C2180A070A4F803206371E28023722F
:1037E800284C2180A070A4F803206371E280237222
:1037F800254C2180A070A4F803206371E280237215
:10380800224C2180A070A4F803206371E280237207
:103818001F4C21801F49A070A4F803201E48637123
:10382800E2802372A1F803201C4C4B71CA800B72F2
:103838001B49E2802372C2800372A1F803204B71F6
:10384800CA800B7230BC7047780E0024CCF1000897
:1038580094000024B8000024880000244C000024B0
:10386800A0000024DC000024C4000024640000241C
:103878006818002450180024D00000245C18002484
:10388800381800248C180024741800248018002488
:103898004418002400010024F4000024E800002457
:1038A80070000024704700BF08B500F0DBFCBDE8DD
:1038B800084000F0DBBD00BF064808B503680BB13F
:1038C80001F09AFF044803681BB1BDE8084002F004
:1038D80089BE08BDB01C0024A8180024064808B5F5
:1038E80003680BB101F088FF044803681BB1BDE809
:1038F800084002F077BE08BDB01C0024A8180024B8
:10390800064808B503680BB101F076FF0448036860
:103918001BB1BDE8084002F065BE08BDB01C00241C
:10392800A8180024364BDA6A520062D59A6A9A6A55
:103938009A6A9B6A180600D500BE314B9B6A9906A5
:1039480000D500BE2E4B9B6ADA0600D500BE2C4B74
:103958009B6A1B0700D500BE294B9B6A980700D5B8
:1039680000BE274B9B6AD90700D500BE244B9B6A33
:103978001A0400D500BE224B9B6A9B0400D500BEEA
:103988001F4B9B6AD80400D500BE1D4B9B6A1905C6
:1039980000D500BE1A4B9B6A5A0500D500BE184BCD
:1039A8009B6A9B0500D500BE154B9B6AD80500D5C0
:1039B80000BE134B9B6A990100D500BE104B9B6A51
:1039C800DA0100D500BE0E4B9B6A1B0300D500BE72
:1039D8000B4B9B6A580300D500BE094B9B6A9903A1
:1039E80000D500BE064B9B6ADA0306D400BE00BEB3
:1039F800FEE7DB6A9B07FAD5F8E700BEF6E700BFEB
:103A080000ED00E000F040BC0A4B9B6803F17843EE
:103A1800B3F5003F0BD3084B986848B19868012864
:103A280006D09868022803D09B68032070470120BD
:103A3800704700BF00ED00E0000080382DE9F0413C
:103A4800CEB004464C2200210AA80BF049FB2022E4
:103A5800002102A80BF044FBBC2200211EA80BF099
:103A68003FFB022003F032FA2368012B4FF00003DA
:103A780054D0534A02250193C820D16A514B21F0F2
:103A88000101D162D26A02F0010201929A6942F4FC
:103A980040429A619B6903F440430193019B494A60
:103AA80093699B04FCD548490224002201268B6AAD
:103AB80004274FF0080823F0030323438B620523F0
:103AC80016900AA818934FF48033109617941994F7
:103AD8001597CDF86880CDE91B222122CDE9134442
:103AE800CDE90A2303F0DCFE00B1FEE73F22032301
:103AF800294602A8CDE9022300220823CDE90423A0
:103B080040224023CDE9062340234FF48062CDE9CB
:103B1800082304F0F3F90346B8B1FEE7294A04255F
:103B28000093F0209169264B41F4404191619269DC
:103B380002F440420092DA6A42F00102DA62DB6A79
:103B480003F001030093009BA9E720224FF4805162
:103B580025934FF440152B9280222D931EA8309365
:103B6800269135914FF48071249234920C2233942B
:103B7800439140F2271120921022CDF884802A9791
:103B88001F96CDE92E34CDE93B334FF48033CDE990
:103B980022463193002446930623CDE93E452793D8
:103BA8004FF48063094C2C931E94CDE9281204F03D
:103BB80001FC00B1FEE703F0AFF94EB0BDE8F081BB
:103BC8000004005800480258004402580F130F031D
:103BD80070B584B0012400F0F7FB4FF480764FF005
:103BE8004052194B68460025ADF800400396CDE9D0
:103BF800012300F007FC19224FF0404368468DF876
:103C0800082001938DF80F40ADF80D608DF8014044
:103C18008DF80A5000F0F6FB02230B2268468DF857
:103C28000F508DF801304FF062538DF80820019342
:103C3800ADF80D408DF80A4000F0E4FB042000F0D8
:103C4800D1FB04B070BD00BF0E00010330B50D46B6
:103C5800044685B0D1E9000184E8030000F0D2FAF7
:103C6800AB79A3B309F078F9FEF718F8FFF792FAE1
:103C780008F074FE2B798BBB6B799BB1BFF34F8F28
:103C8800BFF36F8F2A4B0022C3F85022BFF34F8F28
:103C9800BFF36F8F5A6942F400325A61BFF34F8FF6
:103CA800BFF36F8F4FF0FF320023002400256946D1
:103CB800204802928DF80C30CDE9004508F0E0F973
:103CC8001C4808F045FA08F093F805B030BD2046C6
:103CD800FFF7B4FE2046FFF77BFFC3E7144C002331
:103CE800C4F88430BFF34F8FD4F8801043F6E07ED9
:103CF800C1F34E3CC1F3C9014FEA4C1C0CEA0E005B
:103D08000B4640EA8372013BC4F860225A1CF8D182
:103D1800ACF1200C1CF1200FF0D1BFF34F8F636979
:103D280043F480336361BFF34F8FBFF36F8FA3E713
:103D380000ED00E0A418002404F010BA1C4B9B68A6
:103D480003F17842B2F5003F25D3B3F5803F20D385
:103D580003F16042B2F5003F1FD303F15C42B2F5B4
:103D6800002F1CD303F17042B2F5902F19D303F141
:103D78004842B2F5803F16D303F18042B2F1806F1A
:103D880013D303F1E043B3F5000F2CBF082007203D
:103D980070470120704700207047022070470320B9
:103DA800704704207047052070470620704700BF01
:103DB80000ED00E003480023034A044903600BF0C8
:103DC80049B900BFA418002400000024AD38000839
:103DD80010B4204C0022204B83B0D4F888101F4820
:103DE80041F47001C4F8881019681D4C41F00101B4
:103DF80019601A61196808401A4918609A61DA61ED
:103E08001A629A62DA621A635A639A63DA631A6404
:103E18005A64186820F4802018601A66D3F8DC20E9
:103E280042F06042C3F8DC20D3F8DC300193019BF8
:103E380023681940B1F1005F03D20B4B0122C3F88C
:103E48000821044B4FF000629A6003B05DF8044B00
:103E5800704700BF00ED00E0004402587FEDF6EA2D
:103E68000010005C0000FFFF0080005100F5717138
:103E7800D0F8040407F0A4BBC1EBC10300EB830333
:103E8800D0F80404D3F8082207F0C8BBC1EBC1037B
:103E980000EB8303D0F804049A6C07F0FDBB00BF65
:103EA800D0F8040407F09CBCC16810B5044619B1E9
:103EB800022900D0FEE70121D4F8040407F07AFCB7
:103EC800D4F80404BDE8104007F04CBC10B5044613
:103ED800D0F8040407F072FC2268D2F8003E43F0E0
:103EE8000103C2F8003E236A23B1034A136943F071
:103EF8000603136110BD00BF00ED00E0D0F8040414
:103F080007F066BCD0F8040407F07ABCD0F80404C3
:103F180007F074BCD0F8040407F074BCD0F80404AB
:103F280007F072BC9446D0F898021A4608B5634662
:103F380002F0BCFE032802D8024B185C08BD022020
:103F480008BD00BF40F20008D0F8980208B502F09A
:103F58003BFF032802D8024B185C08BD022008BDAD
:103F680040F20008D0F8980208B502F071FF032863
:103F780002D8024B185C08BD022008BD40F20008B8
:103F88000A06D0F8983206D4C1EBC10103EB8101CF
:103F980091F8FE01704701F07F01C1EBC10103EB0D
:103FA800810191F83E007047D0F8980208B502F0F8
:103FB80067FE032802D8024B185C08BD022008BD22
:103FC80040F20008D0F8980208B502F0D5FE0328A0
:103FD80002D8024B185C08BD022008BD40F2000858
:103FE800D0F8980208B502F09FFE032802D8024BC9
:103FF800185C08BD022008BD40F20008D0F8C002D5
:1040080007F0B0BED0F8C00207F0C4BED0F8C002B6
:1040180007F0CCBE704700BFD0F8C00207F0B2BEB0
:10402800D0F8C00207F0B2BED0F8D00308B501F04E
:10403800A3FF032802D8024B185C08BD022008BD64
:1040480044F20008024B027853F82200704700BF80
:1040580068F20008024B427833F81200704700BF3C
:1040680048F200088CB00A2814D8DFE800F01523BD
:10407800313F4D5B6977859306004D4BD3F8E020BF
:1040880042F48062C3F8E020D3F8E03003F48063A0
:104098000B930B9B0CB07047454BD3F8E02042F0D4
:1040A8000102C3F8E020D3F8E03003F001030193E4
:1040B800019BEFE73E4BD3F8E02042F00202C3F841
:1040C800E020D3F8E03003F002030293029BE1E71B
:1040D800374BD3F8E02042F00402C3F8E020D3F8CD
:1040E800E03003F004030393039BD3E7304BD3F88A
:1040F800E02042F00802C3F8E020D3F8E03003F0F3
:1041080008030493049BC5E7294BD3F8E02042F049
:104118001002C3F8E020D3F8E03003F01003059351
:10412800059BB7E7224BD3F8E02042F02002C3F802
:10413800E020D3F8E03003F020030693069BA9E7BC
:104148001B4BD3F8E02042F04002C3F8E020D3F83C
:10415800E03003F040030793079B9BE7144BD3F829
:10416800E02042F08002C3F8E020D3F8E03003F00A
:1041780080030893089B8DE70D4BD3F8E02042F4A9
:104188008072C3F8E020D3F8E03003F48073099319
:10419800099B7FE7064BD3F8E02042F40072C3F88E
:1041A800E020D3F8E03003F400730A930A9B71E728
:1041B80000440258704700BF0F4B1B780BB9012011
:1041C800704710B504464FF47A700C4AB0FBF3F30D
:1041D8001068B0FBF3F000F0E1F80F2C00D808B13C
:1041E800012010BD002221464FF0FF3000F076F884
:1041F800034B00201C6010BD840100247C010024B6
:104208008801002438B50320124D00F055F8124CEF
:1042180003F0D4FD114A12499369C3F30323CB5C1D
:1042280003F01F0320FA03F30E202B60926902F0BB
:104238000F028A5C02F01F02D3402360FFF7BCFF25
:1042480010B10124204638BD0446FFF7B3FF2046CD
:1042580038BD00BF7C0100248001002400440258BE
:1042680030F20008034A044B11681B780B441360B2
:10427800704700BF741F002484010024014B186894
:10428800704700BF741F002438B50446FFF7F6FFD7
:104298000546631C02D0044B1B781C44FFF7EEFF55
:1042A800431BA342FAD338BD84010024014B18688C
:1042B800000C70470010005C06494FF6FF0C000226
:1042C800054BCA6800F4E06002EA0C02104303439D
:1042D800CB60704700ED00E00000FA051B4BDB687F
:1042E800C3F3022300B5C3F1070E03F1040CBEF1BA
:1042F800040F28BF4FF0040EBCF1060F1AD9033B78
:104308004FF0FF3C0CFA03FC22EA0C024FF0FF3C92
:1043180000280CFA0EFC21EA0C0101FA03F141EA2B
:1043280002010ADB09010A4BC9B2034483F80013EE
:104338005DF804FB00221346E8E700F00F000901CE
:10434800044BC9B2034419765DF804FB00ED00E0A4
:1043580000E100E0FCEC00E0002807DB00F01F01B2
:1043680001234009024A8B4042F82030704700BFC1
:1043780000E100E000280DDB4309012200F01F00E6
:104388000549203302FA00F041F82300BFF34F8FAC
:10439800BFF36F8F704700BF00E100E0431EB3F129
:1043A800807F0CD24FF0E022002006494FF0F00C3D
:1043B8005361072381F823C090611361704701207E
:1043C800704700BF00ED00E0BFF35F8F044B002192
:1043D8005A6A22F480325A62C3F89410704700BFB8
:1043E80000ED00E0064B40F00100C3F894005A6A63
:1043F80042F480325A62BFF34F8FBFF36F8F70471A
:1044080000ED00E0174A4378C2F89830017821B3EC
:10441800436800B5C2F89C30C37A90F80CC01B06FC
:1044280090F80FE043EA0C7390F80AC00B43817BC5
:1044380043EACC4390F80DC043EA8C4390F809C096
:1044480043EA4143017A43EA0E4343EA0C2343EA31
:104458004103C2F8A0305DF804FBC2F89C10C2F812
:10446800A010704700ED00E0704700BF08B5FFF7E7
:10447800FBFF08BD0268344B344930B4344D354C29
:10448800AA4218BF9A420CBF012300238A4208BFE0
:1044980043F001033031A24208BF43F00103303436
:1044A8008A4208BF43F001033031A24208BF43F0FB
:1044B800010330348A4208BF43F0010301F55C71FF
:1044C800A24208BF43F0010304F55C748A4208BFA6
:1044D80043F001033031A24208BF43F001033034F6
:1044E8008A4208BF43F001033031A24208BF43F0BB
:1044F800010330348A4208BF43F001033031A2423D
:1045080008BF43F001038A4208BF43F0010313B90F
:10451800114B9A4213D1D3B21049114C103BA1FB55
:1045280003515F2B0F4BC1F3021103EA0203615CD5
:1045380088BF0433C1658365184630BC704722F0D4
:10454800FF038365F8E700BF100002404000024007
:104558002800024058000240B8040240ABAAAAAAA8
:1045680098F2000800FCFFFF0368294A294930B483
:10457800294D2A4CAB4218BF93420CBF012200229E
:104588008B4208BF42F001022831A34208BF42F023
:10459800010228348B4208BF42F001022831A342AD
:1045A80008BF42F001028B4208BF42F0010212B973
:1045B8001B4A934213D1DBB21A4C1B4A0121083B18
:1045C8001A4DA4FB0343456602EB1312C3F304130D
:1045D800920001FA03F30266836630BC7047DAB2D0
:1045E8001349144C1944103AA829A4FB02234FEA92
:1045F800131300D80833104A03F01F0501210F4C8C
:104608001A44A9404466920081660266E5E700BF45
:1046180008540258305402581C5402584454025842
:1046280094540258CDCCCCCC009600168058025831
:10463800F0FBFDBFABAAAAAA0082001080080240C6
:1046480070B50446FFF71AFE002C00F0C6802368F8
:104658000546954A934248D01832934245D03032A5
:1046680092498B4218BF934201F130010CBF0122DD
:1046780000228B4208BF42F0010218318B4208BF6A
:1046880042F0010218318B4208BF42F00102183192
:104698008B4208BF42F0010201F556718B4208BFF8
:1046A80042F0010218318B4208BF42F00102183172
:1046B8008B4208BF42F0010218318B4208BF42F01A
:1046C800010218318B4208BF42F0010218318B42B7
:1046D80008BF42F0010218318B4208BF42F00102C4
:1046E8001AB9734A934240F0F5800222002184F8F7
:1046F800352084F834101A6822F001021A6005E0A7
:10470800FFF7BCFD431B052B40D823681A68D10767
:10471800F6D4D4E9022521692A43A0691D680A4311
:1047280061690A43E16902430A4362492940256AEB
:104738002A430A43616A04292FD01A605A6922F071
:104748000702114359612046FFF794FEE26D3F23AB
:1047580002F01F02934083602046FFF705FFA3681D
:10476800802B3CD06368A06EDAB2013BD4E91851C3
:10477800072B2A60486026D90023C4E91B336367E6
:1047880000200123606584F8353070BD20220323A2
:104798000120626584F8353070BDD4E90B51294396
:1047A8000A431A605969A26A21F00701114341F0CE
:1047B8000401002DC6D000284FD1012A6ED032F056
:1047C8000202BFD151E0501E072810D9626FD4E908
:1047D8001B31002018604A60D2E7012070BD002319
:1047E800A16ED4E91802636003605160C4E72168D0
:1047F800314B324DA94218BF994205F114050CBF3F
:1048080001230023A94208BF43F001031435A9423C
:1048180008BF43F001031435A94208BF43F0010360
:104828001435A94208BF43F001031435A94208BF53
:1048380043F001033BB9224B994204D0214B224952
:1048480013449B0003E0214B214913449B000122A0
:104858008240C4E91B316267BBE7B0F5005F0ED048
:10486800022A05D9032A7FF46DAFEA017FF56AAF02
:10487800012340221846626584F8353070BD032A4A
:104888003FF660AF01A050F822F000BF7948000859
:104898007348000879480008A5480008B5F1C07FAA
:1048A8007FF450AFE4E700BF100002404000024030
:1048B800B80402403F8010FE085402581C540258A5
:1048C800945402583F820010400902403F96001657
:1048D80040590258324A33483349834218BF9342F9
:1048E80000F128000CBF012200228B4208BF42F0D1
:1048F80001022831834208BF42F0010228308B426E
:1049080008BF42F001022831834208BF42F0010289
:104918008B4208BF42F0010212B9244A934238D1AF
:1049280002220021224D84F8341084F835201A68B8
:104938001540A268402A2AD0802A0CBF4FF4804034
:104948000846266AD4E90312D20842EAD10261690C
:1049580042EAD102A16942EAD102E16942EAD102FE
:10496800144942EA161219442A4302431248A0FB8A
:10497800010120461A600B099B00E365FFF77AFDE9
:10498800E26D012302F01F0293404360E4E6102029
:10499800D7E7402203230120626584F8353070BDD3
:1049A800085402581C54025830540258945402585F
:1049B8000F00FEFFF8ABFDA7CDCCCCCC002800F053
:1049C800BC80844690F83400012800F0B8800120AB
:1049D8002DE9F0419CF835408CF83400844208D029
:1049E80000224FF400638CF83420CCF85430BDE832
:1049F800F0810220DCF800507A4C8CF83500002059
:104A0800794ECCF854007948854218BFA54200F188
:104A180018000CBF01240024854208BF44F001049B
:104A28001830854208BF44F001041830854208BF99
:104A380044F001041830854208BF44F0010400F531
:104A48005670854208BF44F001041830854208BFFB
:104A580044F001041830854208BF44F001041830BE
:104A6800854208BF44F001041830854208BF44F06D
:104A780001041830854208BF44F00104183085420B
:104A880008BF44F001041830854208BF44F001040F
:104A9800A0F59560B54218BF8542DCF86C600CBF84
:104AA8000120002054EA0008286820F0010028604E
:104AB800DCF86400DCF86840DCF85870446040D0EA
:104AC80016B1DCE91C044460DCF85C004FF03F0ED2
:104AD80000F01F000EFA00F0B860286820F480206B
:104AE80028606B60DCF80830402B23D0A960EA60AE
:104AF8002B6823F01E0343F016032B60DCF84030CC
:104B08001BB12B6843F008032B60DCF860301A688F
:104B1800D20303D51A6842F480721A601EB1336852
:104B280043F4807333602B68002043F001032B604B
:104B3800BDE8F081AA60E960DAE701207047022049
:104B4800704716B1DCE91C0444602948DFF8A8E086
:104B5800754518BF85420EF1140E0CBF01200020C8
:104B6800754508BF40F001000EF1140E754508BFE9
:104B780040F001000EF1140E754508BF40F0010029
:104B88000EF1140E754508BF40F001000EF1140E29
:104B9800754508BF40F0010010B9164885420ED18E
:104BA800DCF85C0000F01F0E012000FA0EF07860BF
:104BB8006B60DCF80830402B10D0A960EA602B68E5
:104BC80023F00E0343F00A032B60DCF84030002B7F
:104BD8009BD02B6843F004032B6096E7AA60E9603A
:104BE800EDE700BF400002402800024058000240A4
:104BF80008540258945402581C54025800285FD094
:104C080038B590F835200346022A55D10168444A40
:104C1800914248D01832914245D03032414C4248F6
:104C2800A14218BF914204F148040CBF012200229E
:104C3800814208BF42F001023030A14208BF42F071
:104C480001023034814208BF42F0010200F55C7075
:104C5800A14208BF42F0010204F55C74814208BF1A
:104C680042F001023030A14208BF42F00102303464
:104C7800814208BF42F001023030A14208BF42F031
:104C880001023034814208BF42F001023030A142B3
:104C980008BF42F00102814208BF42F0010212B986
:104CA800224A91420ED10422002083F835200B6855
:104CB80023F001030B6038BD802201205A6538BDFE
:104CC800012070470A681C6E22F00E02D86D9D6D97
:104CD8000A6000F01F000A6822F001020A6001223F
:104CE8002168824021F4807121606A60DA6ED3E91C
:104CF8001910486032B11168D3E91C0421F480719D
:104D080011604460002401211A6D83F8344083F84F
:104D180035101AB118469047204638BD104638BDA0
:104D2800100002404000024070000240B8040240F7
:104D38002DE9F04300229C4B83B09C4E1D688146B0
:104D4800019203689A4A846D934218BFB342276858
:104D580008BF0126216818BF002645D0183295489B
:104D6800834218BF934200F118000CBF01220022B1
:104D7800834208BF42F001021830834208BF42F064
:104D880001021830834208BF42F001021830834202
:104D980008BF42F0010200F55670834208BF42F096
:104DA80001021830834208BF42F0010218308342E2
:104DB80008BF42F001021830834208BF42F00102E6
:104DC8001830834208BF42F001021830834208BFFE
:104DD80042F001021830834208BF42F001021AB9BA
:104DE800754A934240F05082D9F85C10082201F0CD
:104DF8001F0C02FA0CF2174240F0888127FA0CF2D5
:104E0800D2070CD55A69100609D5012202FA0CF20C
:104E1800A260D9F8542042F00202C9F854204FF099
:104E2800040E0EFA0CF038425BD0002E4FD1634AC4
:104E3800DFF88081434518BF934208F118080CBF7A
:104E480001220022434508BF42F0010208F1180878
:104E5800434508BF42F0010208F11808434508BF5E
:104E680042F0010208F11808434508BF42F0010268
:104E780008F55678434508BF42F0010208F11808C2
:104E8800434508BF42F0010208F11808434508BF2E
:104E980042F0010208F11808434508BF42F0010238
:104EA80008F11808434508BF42F0010208F1180844
:104EB800434508BF42F0010208F11808434508BFFE
:104EC80042F001021AB93C4A934240F019821A682A
:104ED800920706D5A060D9F8542042F00402C9F818
:104EE8005420102202FA0CFC1CEA070F6CD0002E8A
:104EF80045D1324A2F4EB34218BF934206F11806E5
:104F08000CBF01220022B34208BF42F0010218364A
:104F1800B34208BF42F001021836B34208BF42F05C
:104F280001021836B34208BF42F0010206F5567670
:104F3800B34208BF42F001021836B34208BF42F03C
:104F480001021836B34208BF42F001021836B342D4
:104F580008BF42F001021836B34208BF42F001020E
:104F68001836B34208BF42F001021836B34208BFF0
:104F780042F001021AB9104A934240F0C9811A68F6
:104F8800100721D5C4F808C01A68560300F14C81EF
:104F98001A68D20503D41A6822F008021A60D9F8F0
:104FA80040308BB10CE000BF7C01002410000240AF
:104FB8002800024058000240B80402404000024065
:104FC80048469847D9F85C1001F01F0120268E400A
:104FD8003E4268D0D9F80020A54BA64FBA4218BF68
:104FE8009A4207F118070CBF01230023BA4208BFF1
:104FF80043F001031837BA4208BF43F001031837DA
:10500800BA4208BF43F001031837BA4208BF43F059
:1050180001031837BA4208BF43F001031837BA42F0
:1050280008BF43F0010307F55677BA4208BF43F0BB
:1050380001031837BA4208BF43F001031837BA42D0
:1050480008BF43F001031837BA4208BF43F0010311
:105058001837BA4208BF43F001031837BA4208BFED
:1050680043F001031837BA4208BF43F001031BB9E4
:10507800814B9A4240F062811368DB0613D5A66023
:1050880099F83530042B136800F0AE8013F4802FA4
:10509800136800F0D3801C0340F1DE80D9F83C305F
:1050A8000BB148469847D9F85430002B00F0B98026
:1050B800D9F85430D8071FD5D9F80020042189F829
:1050C8003510136823F0010313606C4BA3FB0535FF
:1050D800AD0A02E01368D90704D5019B0133AB423E
:1050E8000193F7D9002389F834301368DB074CBFE4
:1050F8000323012389F83530D9F84C30002B00F010
:105108009080484603B0BDE8F04318471868400748
:105118000AD5186820F004001860A260D9F8542055
:1051280042F00102C9F8542027FA0CF2D2077FF5A1
:1051380076AE534A5348834218BF934200F1300079
:105148000CBF01220022834208BF42F0010218303E
:10515800834208BF42F001021830834208BF42F080
:1051680001021830834208BF42F0010200F5567070
:10517800834208BF42F001021830834208BF42F060
:1051880001021830834208BF42F0010218308342FE
:1051980008BF42F001021830834208BF42F0010202
:1051A8001830834208BF42F001021830834208BF1A
:1051B80042F001021830834208BF42F00102002A7F
:1051C8007FF420AE002E7FF41DAE1A68042202FA86
:1051D8000CF23A4240F09480102202FA0CFC17EAD2
:1051E8000C0F3FF4F1AE84E623F016031360536905
:1051F80023F080035361D9F840309BB3136823F040
:10520800080313603F230025012203FA01F1D9F8AE
:105218005030A16089F8345089F83520002B7FF48C
:1052280070AF03B0BDE8F0831B6818037FF5B7AE15
:10523800D9F84830002B7FF4C3AEC5E613F4807369
:105248007FF42CAF116821F010011160012289F858
:10525800343089F8352021E7D9F84430002B7FF421
:1052680020AF20E7D9F84830002BC7D1CAE700BFE4
:105278001000024028000240B8040240B5814E1BCD
:1052880058000240400002404E4A4F4DAB4218BF02
:10529800934205F114050CBF01220022AB4208BF5E
:1052A80042F001021435AB4208BF42F00102143546
:1052B800AB4208BF42F001021435AB4208BF42F0CE
:1052C80001021435AB4208BF42F0010212B93F4A4D
:1052D8009342A6D1D9F85C5004261A6805F01F0538
:1052E800AE400E4219D0570717D5100466604BD54B
:1052F800D1034FD4D9F84830002B7FF402AF90E7A0
:105308001A68102202FA0CFC17EA0C0F3FF45CAE84
:105318001A6852077FF558AE34E60226AE400E42B0
:1053280011D097070FD56660140439D5D00343D43C
:10533800D9F84430002B7FF4E4AE72E713689F0776
:105348007FF5B1AE9BE60826AE400E423FF469AF4A
:1053580011077FF566AF1A68002122F00E021A6065
:105368000123D9F84C2003FA05F56560C9F85430D3
:1053780089F8341089F83530002A3FF452AF48468E
:1053880003B0BDE8F0431047920603D41A6822F030
:1053980004021A60D9F84030002B7FF4B2AE40E71F
:1053A80012F0200208D11968012421F00A011960BD
:1053B80089F8342089F83540D9F83C30002B7FF43F
:1053C800A0AE2EE7085402581C54025894540258B0
:1053D800406D70472DE9F04F0D6883B0002D00F047
:1053E800D5800023DFF8688201229A4012EA050C72
:1053F80000F0C7804E6826F01009B9F1020F40F09E
:10540800C88003F007044FEAD30E4FF00F0A4FEAA3
:10541800840900EB8E0E0AFA09FADEF8204024EA25
:105428000A0A0C6904FA09F406F0030944EA0A04B2
:10543800CEF820404FEA430E0324D0F800A009FA22
:105448000EF904FA0EF42AEA040AE44349EA0A09BE
:10545800C0F80090D0F808A0CF6804EA0A0A07FA52
:105468000EF949EA0A09C0F80890C6F30019D0F8FD
:1054780004A009FA03F92AEA020249EA0202426090
:10548800C268F70004EA02048A6802FA0EF242EAE5
:105498000402C26075D5644C23F0030E03F00309BF
:1054A800D4F8F420C6444FEA890942F00202C4F84D
:1054B800F420D4F8F42002F002020192019A0F229B
:1054C800DEF8084002FA09F224EA0202574CA04228
:1054D80025D004F58064A0427BD0554CA0427ED0F4
:1054E800544CA0426FD0544CA04200F08480534CDE
:1054F800A04200F08680524CA04276D0514CA04287
:1055080000F08580504CA04200F087804F4CA042AC
:105518000CBF09240A2404FA09F942EA0902CEF860
:1055280008204FF0B0426FEA0C0EF403D2F8802046
:105538004FF0B04454BF0EEA02024CEA0202C4F82B
:105548008020B203D4F884404FF0B04254BF0EEA32
:1055580004044CEA0404F702C2F8844014684FF0CB
:10556800B04254BF0EEA04044CEA04041460B402C6
:1055780052684FF0B04454BF0EEA02024CEA0202ED
:105588006260013335FA03F27FF42EAF03B0BDE851
:10559800F08F4FEA430E0324D0F800B006F0030A58
:1055A80004FA0EF409F1FF390AFA0EFA2BEA040B91
:1055B800B9F1010F6FEA04044AEA0B0AC0F800A027
:1055C8003FF65EAF46E7032404FA09F942EA090206
:1055D800A5E7012404FA09F942EA09029FE702242F
:1055E80004FA09F942EA090299E7062404FA09F9D2
:1055F80042EA090293E7042404FA09F942EA090293
:105608008DE7052404FA09F942EA090287E7072425
:1056180004FA09F942EA090281E7082404FA09F9B7
:1056280042EA09027BE700BF004402580000025822
:1056380000080258000C02580010025800140258C2
:1056480000180258001C0258002002580024025872
:1056580000040058002900F0A88000232DE9F04F2D
:10566800DFF8689183B0DFF86881DFF868A1DFF8B8
:1056780068B14FF0010E0EFA03F212EA010C6FD076
:1056880023F0030503F003040F2640454D444FEA79
:10569800C404AF6806FA04F607EA0607019721D0A2
:1056A800504566D0584567D0434FB8426ED0434FF7
:1056B800B84270D0424FB84263D0424FB84256D039
:1056C800414FB84272D0DFF814E1704568D0DFF876
:1056D80010E1704514BF4FF00A0E4FF0090E0EFA94
:1056E80004F400E00024019FA74219D1AC6824EA21
:1056F80006064FF0B044AE60D4F8805025EA0C0599
:10570800C4F88050D4F8845025EA0C05C4F88450B5
:10571800256825EA0C052560656825EA0C0565609D
:1057280003255C0003F007070F2605FA04F4056853
:10573800BF00254306FA07F70560DD0800EB85057D
:105748002E6A26EA07062E62856825EA0405856022
:10575800456825EA02024260C26822EA0404C4607D
:10576800013331FA03F284D103B0BDE8F08F4FF072
:10577800060E0EFA04F4B6E74FF0020E0EFA04F421
:10578800B1E74FF0050E0EFA04F4ACE74FF0030E44
:105798000EFA04F4A7E74FF0040E0EFA04F4A2E799
:1057A8004FF0080E0EFA04F49DE770474FF0070E0D
:1057B8000EFA04F497E700BF000C025800100258D4
:1057C8000014025800180258001C0258000400581F
:1057D800000002580004025800080258002002582D
:1057E800002402580369194214BF012000207047A1
:1057F80002B90904816170472DE9F04F056885B049
:105808000446284605F082FC012802D005B0BDE810
:10581800F08F206805F02AFC0028F7D0206805F0F2
:1058280025FC10F4001F206802D04FF400134361D8
:1058380005F01CFC10F4801F206802D04FF4801380
:10584800436105F013FC10F0806F206802D04FF020
:105858008063436105F00AFC10F0020F20682FD125
:1058680005F004FC870000F11381206805F0FEFBB9
:10587800C60100F1CF80206805F0F8FB000700F1B1
:10588800BE80206805F0F2FB10F0007F20681AD176
:1058980005F0ECFBC306B9D52568AB6923F0100306
:1058A800AB612E6AC6F34341C6F30A17022902D137
:1058B800002F40F0C681AB6943F01003AB61A5E748
:1058C80002234361CCE705F08FFCD4F808E080465A
:1058D8002068BEF1000F00F0998005F5A06500264C
:1058E8004FF0280B4FF0020A4AE000F5A0694A0180
:1058F80009EB4117BB685B075DD50423BB60FB68F8
:1059080043F00203FB60BB68980500F1FD80BB68AB
:10591800DB0740F1CF80236953B101EB81003B697C
:1059280004EBC000C3F3120C836CA3EB0C03C36439
:105938008B004FF0010C4FF0000E581804EBC0001C
:10594800C0F858E080F85DC0C7F808C090F83FE09C
:105958001EF0FD0F00F06481BEF1030F00F04082DD
:105968000B4404EBC30393F8502082F0010283F840
:105978005020D4F808E0206801362035764545D215
:1059880006F00F0328FA03F3D907F5D52B68F1B20F
:105998001A04AAD400F5A0624FEA411C02EB411791
:1059A800BB6813F004090DD00423BB60FB6843F007
:1059B8000203FB60E0E7BB689B0640F1B38020234D
:1059C800BB60A0E7BB6813F0200300F0CA8001EBBE
:1059D8008103202204EBC303BA6093F83D20012A17
:1059E800CAD183F83D9083F85CA0FB6843F00203BA
:1059F800FB6005F0FDFBD4F808E02068BCE7204612
:105A0800FEF7FCFA2068082343613BE74FF0007378
:105A180043613DE72668D6F840340293D6F840340F
:105A28000393039B23F02E030393029B980707D548
:105A3800029BD90700F16381039B43F002030393A0
:105A4800029B1A0718D5039B43F008030393029B94
:105A58005B0740F15C81A169022900F09A81E36843
:105A6800012B03D14EF66022C6F804242046FEF727
:105A7800D3FA2046FEF7C6FA2068029B9F0603D594
:105A8800039B43F020030393039BC6F84034F3E6DB
:105A9800D5F84034204623F02E03C5F84034FEF7ED
:105AA800B5FA0121206805F07DFB20684FF000530E
:105AB8004361DBE6BB68980740F18E80FB6801EB29
:105AC800810C23F0020304EBCC0CFB608B009CF8E8
:105AD8005D00012800F0B280052800F0AF8006289C
:105AE80000F0A381082800F0A081032800F0DC81E1
:105AF8009CF85C000246C7F808A02046FEF78AFA20
:105B0800D4F808E0206837E7FB68206843F0020310
:105B1800FB6005F06DFB4FF400732068BB60D4F8A0
:105B280008E029E7BB681B0700F1BB80BB685B0581
:105B38007FF5E9AEFB68019243F002030091FB6038
:105B480005F056FB00991020019A01EB8103B8601B
:105B5800082004EBC30383F85D004FF48063BB6047
:105B6800D1E6D7F8089019F0400F40F0B180BB6833
:105B780013F4007340F02F81D7F8089019F0010F43
:105B880040F03F81BB6813F0080340F06881D7F804
:105B9800089019F0100F00F0C98001EB810204EBA6
:105BA800C2029365032382F85D3092F83D303BB919
:105BB8000BFB014393F83C2012B9012283F83D20E6
:105BC800FB6843F00203FB6005F012FB102320681A
:105BD800BB60D4F808E0CFE6BB6813F0800340F060
:105BE800E380BA68D20640F1D08001EB810004EB73
:105BF800C00090F83F20032A00F04B8112F0FD020C
:105C0800E4D123698265002BE0D10BFB0143032219
:105C180083F85D20FB68206843F00203FB60D3E74C
:105C2800FA68206842F0020201930091FA6005F0D8
:105C3800DFFA1022DDE90013BA6091E68CF85C0007
:105C480058E706F00F0606EB860804EBC808D8F8F4
:105C5800441000293FF42FAE284605F5A0653A46C2
:105C680005F082F9D8F8443005EB46123B44116937
:105C7800D8F84C20C8F8443073013A44C8F84C208E
:105C8800BC4A0A405AB1EA5822F0804242F0004227
:105C9800EA5098F8503083F0010388F850302568AE
:105CA80009E6FB684FF0050C019243F002030091EE
:105CB800FB6001EB810304EBC30383F85DC0102391
:105CC800BB600823BB6005F093FADDE900121AE611
:105CD80001EB810204EBC2029365042382F85D3074
:105CE800012382F83D30FB6843F00203FB6005F0B6
:105CF8007FFA40232068BB60D4F808E03CE6B3692B
:105D0800204623F00053B361FEF77CF994E6204661
:105D1800FEF786F9D6F84034206823F02E03C6F83B
:105D28004034836943F000538361A6E6BB681B06D1
:105D380000F1C880BB685B0500F1D780BB689B0792
:105D48007FF51AAEFB680BFB014023F00203FB60F2
:105D580090F85D30012B00F0E180032B00F0DB8030
:105D6800042B00F0D880052B00F0FC80062B00F0F7
:105D7800E480082B00F0E1800BFB01432046C7F8C4
:105D880008A093F85C20FEF745F9D4F808E02068ED
:105D9800F2E5029B206803F4C023B3F5802F18BFF7
:105DA800012105F0FFF961E6FB6801EB810243F090
:105DB800020304EBC202FB60936D01339365062373
:105DC80082F85D30206805F013FA80232068BB60F4
:105DD800D4F808E0D0E5FB6843F00203FB6098E6DE
:105DE80052F80970019347F00057009142F8097082
:105DF800624680F85CC02046FEF70CF9DDE9001326
:105E0800AEE5FA6801EB810942F0020204EBC90928
:105E1800C9F85830FA6005F0EBF90123BB6089F83E
:105E28005D30D4F808E02068A6E503EB010C04EB2C
:105E3800CC0CDCF858000130032825D8CCF85800E1
:105E480002200B4404EBC30383F85C0052F80930CA
:105E580023F0804343F0004342F809304AE6082320
:105E68000091BB60FB6843F00203FB6005F0C0F9DA
:105E78000099052201EB810104EBC10383F85D2041
:105E8800D4F808E0206877E50020CCF85800042012
:105E9800D7E7FA680BFB014042F0020283652068ED
:105EA800FA6005F0A5F991E60BFB0143022083F89F
:105EB8005CA052F8093023F0804343F0004342F8D5
:105EC800093017E6FB68009143F00203FB6005F018
:105ED8008FF9009906230BFB014181F85D3080237F
:105EE8002068BB60D4F808E046E5FB68009143F001
:105EF8000203FB6005F07CF910230099BB604FF4A6
:105F080080630BFB0141BB60082381F85D30D4F846
:105F180008E0206830E580F85CA02DE780F85C3068
:105F280090F83F30023B012B3FF626AF90F85130F6
:105F380083F0010380F851301EE70BFB0140836DAD
:105F48000133032B11D8836502230BFB014080F832
:105F58005C3052F80C3023F0804343F0004342F8A1
:105F68000C3009E780F85C3006E7002383650423DA
:105F7800EBE700BF0000F81F90F8B832012B0CD0F7
:105F8800012310B50446006884F8B83205F090F98A
:105F98000023184684F8B83210BD0220704700BFAD
:105FA800F8B505460E461746701C2C682CD1A36917
:105FB800990727D4A369DA06F9D5A3699A06FCD507
:105FC80020231022E261E361A3699F0701D5002322
:105FD800A362A369DE0703D4A36943F00103A361A5
:105FE800636800221B4820210340012063606B6C1A
:105FF80085F8402043F004036B6485F8411085F868
:106008004220F8BD0020F8BDA3699B07FAD4A36914
:10601800D9061BD4FEF732F9C01BB04201D8002EB6
:10602800C2D16B6C2021002201200B4385F840204F
:106038006B6485F8411085F84220F8BDFEF71EF91B
:10604800C01B8642EDD3002EEBD02C68A3699B06BB
:10605800F4D5B5E700E800FEF8B505460E46174644
:106068002C68A3699B0649D4A369DA0626D5731C54
:1060780038D1A3699E06FCD520231022E261E36192
:10608800A369990701D50023A362A369DA0703D49A
:10609800A36943F00103A361636800221848202123
:1060A8000340012063606B6C85F8402043F00403D3
:1060B8006B6485F8411085F84220F8BDFEF7DEF8DC
:1060C800C01BB04201D8002ECAD16B6C202100221F
:1060D80001200B4385F840206B6485F8411085F852
:1060E8004220F8BDA3699806C6D4FEF7C7F8C01BBE
:1060F8008642EAD3002EE8D02C68B8E70020F8BD25
:1061080000E800FE00284ED010B590F84130044653
:1061180003F0FF02002B41D023682421626884F831
:106128004110196822F07062E06821F0010101282D
:1061380019601A619A6822F400429A60A26829D00C
:1061480042F4044202289A6002D14FF400625A6075
:1061580058684FF0200C1549226901435960D968E5
:1061680021F40041D960D4E90501024342EA012241
:10617800D4E90710DA600022014310461960196853
:1061880041F001011960626484F841C0226384F817
:10619800422010BD42F400429A60D9E780F84020BE
:1061A800FBF7A2FCB8E70120704700BF008000029F
:1061B8002DE9F047984690F84130089E202B40F092
:1061C800878090F840300446012B00F0818001233D
:1061D8008946174680F84030FEF750F8054604E037
:1061E800FEF74CF8401B192875D82368986910F4F5
:1061F8000040F5D1212267626063C9F3090784F87A
:106208004120102284F842206064A4F82A80628D1C
:1062180092B2FF2A6DD8628D494892B2D1B22285D6
:106228005A6802403A4342EA0142464911435960DA
:10623800DFF81C814FF0FF0ADFF81891638D2A46BA
:10624800314620469BB2002B30D0FFF7A9FE00282C
:1062580073D1606A216810F8012B238D8A62628DE0
:10626800013B6062013A9BB292B223856285628DDE
:1062780092B2002BE2D1002AE0D0701C43D18B6986
:106288001A06FCD5638D9BB2FF2B48D94B682A466A
:10629800A4F828A0204603EA08033B4343EA09037D
:1062A8004B603146638D9BB2002BCED1FFF7D4FEF5
:1062B800002842D123682021234DD9615A682A40F9
:1062C8005A6084F8411084F8400084F8420000E0E5
:1062D8000220BDE8F087636C2021002201200B43D7
:1062E80084F84020636484F8411084F84220BDE8B3
:1062F800F0875A6812490A4014493A431143FF2269
:106308002285596094E78B691B06BBD4FDF7B6FF5D
:10631800401B8642DFD3002EDDD02168ADE7638DB8
:106328009BB2DAB223854B6803EA080343EA0243C7
:106338003B4343F000734B6080E70120BDE8F087E2
:10634800009800FC0020008200E800FE0020FF8189
:10635800009C00FC0000FF012DE9F0471F4690F863
:106368004130202B40F08E8004460D46002900F075
:106378008380B2FA82F916464FEA5919002A7BD06F
:106388005FFA83FA90F84030012B7BD0012380F824
:106398004030FDF773FF212365628046256884F845
:1063A800413084F842A0C4F8449066856B68C4F80C
:1063B800349023F400436B607B1C66D1AE693607CA
:1063C800FCD50823EB61E368022B06D0AE69F6031F
:1063D80028D4AE69F603F9D524E0AB691907FCD5D2
:1063E8000823EB617B1CF1D0AB69DD031AD4FDF700
:1063F80045FFA0EB0800874253D3002F51D02568F2
:10640800F0E7424639462046FFF7CAFD00285BD12F
:10641800636A226813F8011B9162658D6362013D0E
:10642800ADB26585638D9BB2002BEAD142463946F1
:106438002046FFF711FE00284DD02268536843F428
:1064480000435360636C042B54D1002363642023FE
:10645800D361781C41D193691904FCD45168002395
:10646800202041F40041516084F84100184684F826
:10647800423084F8403003E04FF400730120636435
:10648800BDE8F0870220BDE8F087AB69180733D470
:10649800FDF7F4FEA0EB0800874202D30FB1256890
:1064A8008AE7636C202000212268034384F84010A7
:1064B800636484F84100012084F84210536843F46F
:1064C80000435360BDE8F08722680120536843F415
:1064D80000435360D4E72268B9E793691B04BDD52C
:1064E800FDF7CCFEA0EB08008742DAD3002FD8D006
:1064F8002268AEE70120C3E70823EB61E368022BBB
:106508007FF470AF08E0FDF7B9FEA0EB0800874202
:10651800C7D3002FC5D02568AB691A07F3D55FE745
:106528000268436B9169126803B11847704700BF4E
:1065380090F84100704700BF90F84120202A23D1ED
:106548005FFA82FC90F840200346012A1CD00268BA
:10655800242000B583F841004FF0000E106820F0A9
:1065680001001060106820F480501060106801432A
:1065780070461160116841F00101116083F841C053
:1065880083F840E05DF804FB0220704790F8412052
:10659800202A22D1034600B55FFA82FE90F84020F7
:1065A800012A1CD0026824204FF0000C83F8410017
:1065B800106820F001001060106820F4706040EA54
:1065C800012160461160116841F00101116083F8F2
:1065D80041E083F840C05DF804FB022070470220C8
:1065E8005DF804FB2DE9F04F076889B0044638468A
:1065F80004F08CFD10B109B0BDE8F08F8246206828
:1066080004F034FD0028F6D0206804F02FFD10F0C7
:10661800020F206803D0436903F00203436104F0CA
:1066280025FD10F4002B206840F0508104F01EFD79
:1066380010F4802F206840F0EB8004F017FD00284C
:1066480074DB206804F012FD000564D4206804F0AF
:106658000DFD020114D52268536903F000635361EC
:1066680094F8F433002B40F095810121204684F8FA
:10667800F413536DC3F38303C4F8F83300F024FC18
:10668800206804F0F3FCC3047BD4206804F0EEFC1B
:1066980010F4005F20685DD104F0E8FC10F0100FE2
:1066A800206812D0836923F0100383613D6AC5F323
:1066B800434305F00F06022B00F03182062B00F051
:1066C8007F81836943F01003836104F0CFFC0707DF
:1066D80000F15781206804F0C9FCC60200F1468128
:1066E800206804F0C3FC850200F13581206804F0BD
:1066F800BDFC400000F12681206804F0B7FC41078A
:106708007FF579AF23685D686A0700F129825A68C6
:106718002A435A606FE7D7F80838D90700F11C8276
:106728002068436903F40063436190E7D7F80438AD
:1067380023F00103C7F8043894F8F433012B00F070
:1067480038812046FDF7DAFB2068436903F00043EF
:10675800436177E704F0DEFC206804F0C3F925689C
:10676800E06001F0E5FC227B0146284604F01EF9B2
:106778002046FDF799FB2068436903F40053436101
:106788008AE7D7F804381021206807F5006523F058
:1067980001036B6004F08CF96068B0B107F5106311
:1067A8004FF67F3199600AF1010A1A682033824551
:1067B80022F4001243F8202CC3F8E811D3F8E021A2
:1067C80022F40012C3F8E021ECD1EB6943F0011385
:1067D800EB61236B002B40F0E1806A6942F22B03E6
:1067E80013436B612B6943F00B032B61D7F8003817
:1067F80004F57172217C23F4FE632068C7F8003821
:1068080004F0A4FC2068436903F4805343613DE726
:1068180004F044FC80462068B8F1000F00F0E580E1
:10682800264607F510694FF0000BCDE9037A09E019
:106838005FEA58080BF1010B06F11C0609F1200963
:1068480000F0D58018F0010FF2D05FFA8BF73946C7
:1068580004F040FCC30705461FD50BF00F0303994E
:1068680001229A40D1F8343823EA0203C1F83438B7
:106878000123C9F808302369012B03D1D6E9112374
:106888001344B36439462046FDF700FB2369012B06
:1068980003D1BBF1000F00F0AC81280702D5082313
:1068A800C9F80830E90602D51023C9F808306A0685
:1068B80002D54023C9F80830AB0702D50223C9F82E
:1068C80008302D0600F1C6802068B1E704F0D8FB37
:1068D80005462068002D00F0868007F53066A14641
:1068E8004FF0000B049707E06D080BF1010B06F160
:1068F800200609F11C097DD0EB07F5D55FFA8BF16D
:10690800039104F0D9FB10F0010F8046039973D16D
:1069180018F0080F40F0F280206818F0100F01D02E
:106928001023B36018F0200F05D02169012900F069
:106938005A812023B36018F4005FD5D04FF4005378
:10694800B360D1E72046FDF7E5FA2068436903F014
:1069580080434361D1E620465FFA8BF1FDF7D2FA16
:106968002068436903F400134361C0E620465FFAD8
:106978008BF1FDF7CBFA2068436903F48013436178
:10698800AFE62046FDF78CFA2068436903F0080358
:106998004361A0E62046FDF799FA71E6D5F8843000
:1069A80043F00B03C5F884306B6C43F00B036B6446
:1069B8001CE70021204684F8F41300F085FAC3E6AA
:1069C800C6EBC606082204F57171384604F0CCFA05
:1069D800C5F30A1304EB86022068D2F814120B449C
:1069E800C2F814326DE6AB4620E6C34625E6DDE97B
:1069F800037A22E6049F19E6206801232769B36019
:106A080000F53063012FD0F840E003EB4B139A6890
:106A180000F0C580984FBE4540F0BD80170440F196
:106A2800B6804FF4004218F0080F9A603FF475AF33
:106A3800026C986890498A4200F097802046039239
:106A4800FDF714FA8D4B039A9A4200F296800823B8
:106A5800B36061E7D6E91453D4F800A0AB425046BE
:106A68003FF6E6AE0AF51062716CCDF81CA002EB99
:106A78004B120592EA1A8A4228BF0A460599896983
:106A8800033289B2B1EB920FC0F0A980CDF818900B
:106A9800C146A046059C1AE0736C3A46B16C504654
:106AA8009D4228BF1D4698F810300093ABB204F001
:106AB80045FAB36CA1692B4489B2B364736D2B4456
:106AC8000335B1EB950F7365C0F08180356D9D423C
:106AD800A5EB0305E0D84446C846DDF81890D4F87D
:106AE80000A0079B0122504603F500610BF00F033D
:106AF8009A404B6B23EA02034B6399E622682169AB
:106B080002F53063126C012903EB4B13986891D19D
:106B18005A498A4229D82046FDF7A8F997E747F647
:106B2800F0731D423FF4CDADC6EBC606C5F30A129D
:106B3800384604EB86061546D6F8081204F014FA0F
:106B4800D6F8083220682B44C6F80832D6F8143232
:106B58002B44C6F81432B4E52046FDF7B7F9DFE553
:106B68002046FDF7DBF92368D1E5020402D54FF48E
:106B780000429A602046FDF779F9216901297FF4DE
:106B880066AF04F57172206804F0E0FA5FE79006DA
:106B980001D520229A602046FDF76EF9B8E617075E
:106BA80032D536498E4504D9120402D54FF4004235
:106BB8009A6020460393FDF759F904F57172012193
:106BC800206804F0C3FA0822039B9A60A0E64446B2
:106BD800356DC846DDF81890D4F800A050469D429F
:106BE8003FF626AE7DE704F5717204F0AFFA20682F
:106BF8009FE6236D002B7FF450AE04F571720121DE
:106C0800206804F0A3FA48E6970608D520229A607F
:106C180018F0080F3FF481AE026C986878E712F01C
:106C2800280FF5D1154FBE4505D9120403D54FF4E9
:106C380000429A60ECE71B692046D9F80422C3F3A6
:106C48001203D31AC9F81432D9F808321344C9F810
:106C58000832FDF711F9BBF1000F7FF459AED4F8F3
:106C68001032002B7FF454AE04F5717201212068B4
:106C780004F06CFA4CE600BF0A31544F0A30544F06
:106C880090F8BC23012A0ED0012210B504460068F2
:106C980084F8381084F8BC2304F0D6F90023184689
:106CA80084F8BC3310BD0220704700BF10B501F056
:106CB8000F0E0906044627D44FF01C0C0CFB0E0CD3
:106CC8000CF5FE71CEEBCE0C00EB8C0C00208CF892
:106CD800FD018A604A7881F800E0CB700AB1A1F81A
:106CE80006E0022B01D100230B7194F8BC33012B71
:106CF80018D00123206884F8BC3303F005FF002373
:106D0800184684F8BC3310BD1C204FF0010C00FB62
:106D18000E4000F13C01CEEBCE0004EB800080F881
:106D28003DC0D6E7022010BD10B501F00F041C21AC
:106D3800C4EBC40C01FB040100EB8C0C01F5FE71E3
:106D4800CCF810320023CCF808228CF8FC41CCF89F
:106D580014328CF8FD3103690068012B08BFCCF8A8
:106D68000C22DAB21CB904F02FF8002010BD03F091
:106D780013FF002010BD00BF10B501F00F041C2147
:106D8800C4EBC40C01FB040100EB8C0C3C31CCF8C7
:106D980050300023CCF84820CCF8543001238CF82C
:106DA8003C408CF83D3003690068012B08BFCCF8E3
:106DB8004C20DAB21CB904F007F8002010BD03F02B
:106DC800EBFE002010BD00BF38B5436801F00F0589
:106DD8009D4234D80B0604461DD41C22C1EBC103C6
:106DE80002FB010100EB8303002201F5FE7183F829
:106DF800FD2101230D708B7094F8BC239A421CD09E
:106E0800206884F8BC3304F0BFF8D5B100231846D5
:106E180084F8BC3338BD1C21C5EBC503012201FB36
:106E2800050100EB83033C3183F83D2001230D70FD
:106E38008B7094F8BC239A42E2D1022038BD01201D
:106E480038BD04F57172217C206804F07FF9DDE714
:106E5800426838B501F00F03934232D811F0800F21
:106E680004464FF01C01C3EBC30219D101FB0341D7
:106E7800002004EB8202002501F5FE7182F8FD0175
:106E88000B708D7094F8BC33012B18D00123206847
:106E980084F8BC3304F0ACF8284684F8BC5338BDF9
:106EA80001FB0341012004EB820200253C3182F8FA
:106EB8003D000B708D7094F8BC33012BE6D1022095
:106EC80038BD012038BD00BF704700BF38B5114B31
:106ED800DA68520704D4DB6803F00703834214D14D
:106EE8000C4CE36823F007031843E060FDF7C6F98C
:106EF800054605E0FDF7C2F9401BB0F57A7F06D8D4
:106F080063689B04F6D5002038BD012038BD0320F6
:106F180038BD00BF00480258024AD36843F0807366
:106F2800D36070470048025870B44D6A15B1B2F189
:106F3800406F3AD18B691BB30C6A002C4CD08E6819
:106F48000068C661CE69002E69D02B4313432343E2
:106F5800CC6A334323430C6B23434C6B23430C69A8
:106F68002343CC6823430C6823434C69B2F1406F38
:106F780043EA8443436165D04B6870BC83617047C2
:106F88000B6ABBB100682B438C68CE69C461002EC4
:106F98006BD01343CC6A334323430C6B23434C6BB2
:106FA80023430C692343CC68DEE78B6A0468013B02
:106FB8002361BFE7CB69002B66D1002D42D0CB6A95
:106FC8000C6B2B43006813434A6923434C6B2343E0
:106FD80043EA8243436135E0CC6945EA030C002C5F
:106FE80032D003684CEA0200B2F1406F40EA040074
:106FF800CC6A40EA04000C6B40EA04004C6B40EA9F
:107008000400CC6840EA04000C6840EA04004C69BB
:1070180040EA8440586115D04A689A6112E045EA0E
:10702800030C0D694CEA0203CA6A23431343D1E9EE
:107038000C4223430C6813434A692B43234343EA16
:107048008243436170BC7047CC6A4CEA0203006813
:107058002343D1E90C4223430C6813434A69234371
:1070680043EA824370BC43617047CC6A13432343AD
:10707800D1E90C4223431343D1E90442234343EAB1
:10708800824370BC436170472B43CD6A0C6B13433A
:1070980000682B4323434C6B84E700BF70B504465C
:1070A800FDF7ECF8002C54D094F84030012B52D066
:1070B8000123064684F8403094F8413003F0FF027B
:1070C800002B34D0A56C2268A1681368013923F419
:1070D800706343EA0123136001E06B1C31D19368AC
:1070E80013F02003F9D1E069E16815680143206ACB
:1070F8000143606841EA00611C4828400143606917
:107108001160A16955680143206941EA00411848A6
:107118002840012501431846516011682943116030
:10712800636484F84150002384F8403070BD2046E1
:1071380084F84020FBF730F941F288331D46A364F8
:10714800C1E7FDF79BF8801BA84206D82DB122683D
:10715800C5E7012070BD022070BD0423012084F81A
:107168004130636C03436364DDE700BF2FFFFF001A
:10717800FEF8E0FFC8B110B590F840300446012B86
:1071880011D00268012380F84030136823F001030E
:107198001360FBF78FF900236364184684F84130C5
:1071A80084F8403010BD022010BD0120704700BF98
:1071B8002DE9F04104460E461546FDF75FF894F8B0
:1071C8004030012B3AD0012384F8403094F8413004
:1071D800012BDFB206D002270023384684F840305E
:1071E800BDE8F081002380466364022384F84130BF
:1071F800681C23680ED19A6812F02002FBD1314630
:107208002046FFF791FE736AE3B10123002784F853
:107218004130E1E79A6812F020021ED0FDF72EF8FF
:10722800A0EB0800854201D3002DE1D1042384F8A6
:107238004130636C43F001036364CDE702273846AD
:10724800BDE8F081226893689B07FCD502210123E1
:107258000027D16084F84130BEE731462046FFF769
:1072680063FE736A43B1D0E7FDF708F8A0EB0800A6
:107278008542DBD3002DD9D0226893689907F3D5CE
:10728800E4E700BF2DE9F843044689461546FCF7B4
:10729800F5FF94F840302768012B67D0012384F864
:1072A800403094F84130012B5FFA83F807D04FF053
:1072B80002080023404684F84030BDE8F8830023E4
:1072C8006364B9F1000F56D01223064684F84130A2
:1072D8003B690133E3623B69C4F824900133A3623C
:1072E8007B6923F040637B61E36A002B31D06A1C21
:1072F800394611D18B685B07FCD5636A1B7887F820
:107308002030E26A636A013A0133E262E26A636248
:10731800F2B16A1C2168EDD08B685807EDD4FCF7F0
:10732800ADFF801B854201D3002DF2D1042384F8E0
:107338004130636C43F00103636413E0BB689B074F
:107348000CD4FCF79BFF801B8542EFD3002DEDD0BA
:107358002768691CF2D1BB689A07FCD502234FF055
:107368000008FB60012384F84130A2E74FF00208CF
:107378004046BDE8F883636C43F00803636498E70C
:107388002DE9F843044615468946FCF777FF276838
:10739800BA6994F84030012B6CD0012384F840304E
:1073A80094F84130012B5FFA83F807D04FF00208B8
:1073B8000023404684F84030BDE8F8830023636426
:1073C800B9F1000F5BD02223064684F841303B69AF
:1073D8000133A3633B69C4F83090013363637B696D
:1073E80023F0406343F080637B61BA61A36B002B99
:1073F80033D0681C394612D18B6813F0060FFBD0C6
:1074080097F82020236B1A70A26B236B013A013383
:10741800A263A26B2363FAB1681C2168ECD08B6865
:1074280013F0060FECD1FCF729FF801B854201D32E
:10743800002DF1D1042384F84130636C43F001033B
:10744800636413E0BB689B070CD4FCF717FF801B31
:107458008542EFD3002DEDD02768691CF2D1BB68B7
:107468009A07FCD502234FF00008FB60012384F83B
:1074780041309DE74FF002084046BDE8F883636C51
:1074880043F00803636493E72DE9F84F04461F4669
:1074980089469046FCF7F2FE94F84030012B52D012
:1074A800012384F8403094F84130012B5FFA83FBC4
:1074B80007D04FF0020B0023584684F84030BDE84F
:1074C800F88F002382466364422384F841307A1C93
:1074D80026682CD1B568AB06FCD4D8F800304946EC
:1074E8002046B362D8F804307362D8F80830F362E3
:1074F8003268D8F8103022F440021343D8F80C2030
:1075080043F480033360C9F828204FF00062FFF786
:107518000BFD781C22681BD193681907FCD508213C
:1075280001234FF0000BD16084F84130C3E7B36802
:107538009D06D2D5FCF7A2FEA0EB0A00874212D323
:10754800002FC4D10FE04FF0020B5846BDE8F88F6A
:1075580093681B07E3D4FCF791FEA0EB0A0087426F
:1075680001D3002FD5D1042384F84130636C43F054
:10757800010363649FE700BF2DE9F04704460F4607
:107588001646FCF77BFE94F84030012B45D00123CA
:1075980084F8403094F84130012B5FFA83F907D022
:1075A8004FF002090023484684F84030BDE8F087D0
:1075B80000238046D4F848A06364822384F84130CD
:1075C800BAF1FF3F256814D1AB689A06FCD42B6842
:1075D800726823F00803082A43EA02032B6021D0CB
:1075E8004FF04062394620464FF00009FFF79CFCF7
:1075F800D8E7AB689B06EAD5FCF740FEA0EB08008D
:10760800824502D3BAF1000FDAD1042384F841305D
:10761800636C43F001036364C4E74FF00209484612
:10762800BDE8F087326810232A63EB602B6843F4C7
:1076380080132B60D4E700BF704700BF08B5006C0B
:1076480000238363C36290F84130082B0BD1036891
:107658000222DA601A6842F400321A601A6842F0AC
:1076680002021A6008BD012380F84130FFF7E4FFE9
:1076780008BD00BF704700BF704700BF704700BF1C
:10768800704700BF704700BF704700BF704700BF1A
:1076980038B5036804469A68196855070ED5480333
:1076A8000CD594F84120122A75D094F84120222A4A
:1076B80000F0A1802046FFF7E5FF38BD950726D5E5
:1076C800880324D50222DA601A6822F4E0221A60BC
:1076D80094F84120122A7AD094F84120222A00F006
:1076E800A98094F84120022A00F0D08094F8412023
:1076F800082AE2D15A690121204622F040625A61E3
:1077080084F84110636C3BBBFFF7B4FF38BD150725
:1077180025D4D50735D5C80333D50125DD601A68CA
:1077280022F470221A60626C42F0020262641A68E3
:10773800520779D51A68E06B22F004021A60574B99
:10774800836505F09FFC0028B7D0636C204643F0A2
:107758000403636484F84150FFF76EFF38BD0803E3
:10776800D7D50822DA601A68520206D51A680121AC
:1077780022F410221A6084F841102046FFF784FF93
:1077880038BDD00699D5CA0297D510222046DA60AE
:10779800FFF77CFF38BD9A6850078BD518460EE076
:1077A800626A127883F82020E16A20680139626AE7
:1077B800E1620132816862624D077FF57BAFE26A60
:1077C800002AEDD1036823F48023036072E71A6866
:1077D800510709D51A68E16B22F0040209681A609A
:1077E800CB6823F00103CB600123204684F84130A5
:1077F800FFF746FF38BD9A6852077FF55BAF18461A
:107808000EE093F82010226B1170A16B20680139EB
:10781800226BA16301328168226349077FF54AAF71
:10782800A26B002AEDD1CDE7204684F84150FFF73E
:1078380003FF38BD1A6852071DD49A6812F47C5F9A
:107848000FD111E093F82010226B1170A16B206802
:107858000139226BA16301328168226311F47C5FD4
:1078680002D0A26B002AEDD10123204684F84130D2
:10787800FFF704FF38BD1A68E16B22F004020968BB
:107888001A60CB6823F00103CB60EDE701232046A3
:1078980084F84130FFF7F0FE38BD00BF4576000898
:1078A800002800F0DE81F8B503680446D80730D513
:1078B8009F490A69896A02F03802102A00F000819B
:1078C800182A00F0F8806368B3F5803F00F0208143
:1078D800002B00F05E81B3F5A02F954B1A6800F0DD
:1078E8002F8222F480321A601A6822F480221A60E9
:1078F800FCF7C4FC8E4E41F28837054605E0FCF7DC
:10790800BDFC401BB84200F2428133689A03F6D5A9
:1079180023689D0700F18580D9062FD5844A13690D
:10792800926A03F03803082B00F0DA80182B00F075
:10793800D280E3697E4D002B00F065812B6843F00F
:1079480080032B60FCF79AFC064605E0FCF796FCE2
:10795800801B022800F21B812B68DB05F6D5FCF79B
:10796800A5FC41F20303984200F20B826B68226A7D
:1079780023F0F84343EA82636B6023681D0716D53A
:1079880063696B4D002B00F01C816B6F43F00103A2
:107998006B67FCF773FC064605E0FCF76FFC801B81
:1079A800022800F2F4806B6F9807F6D523689A06D0
:1079B80016D5A3695E4D002B00F014812B6843F4A3
:1079C80080532B60FCF75AFC064605E0FCF756FC92
:1079D800801B022800F2DB802B689F04F6D5236801
:1079E800590700F19B80636ACBB1514D2A6902F0B7
:1079F8003802182A6DD0022B2B6823F080732B6075
:107A080000F03981FCF73AFC044605E0FCF736FC47
:107A1800001B022800F2BB802B689B01F6D40020D3
:107A2800F8BD434A1369926A13F0380329D1404BD1
:107A3800E2681B68590701D5002A4AD03C4D2B68DB
:107A480023F0190313432B60FCF718FC064605E0E6
:107A5800FCF714FC801B022800F299802B685B0756
:107A6800F6D5FCF723FC41F20303226998426B68C0
:107A780000F2F08023F47C3343EA02336B6023681E
:107A88004AE7182B00F0E280294DE2682B68002AAB
:107A980000F0CB8023F0190313432B60FCF7EEFBB7
:107AA800064604E0FCF7EAFB801B02286FD82B6827
:107AB8005F07F7D5D5E701F0030102297FF403AF8B
:107AC8001B4A126891037FF524AF6268002A7FF48D
:107AD80020AF0120F8BD02F00302012A7FF429AF8C
:107AE800134B1B68DA0502D5E369802BF1D1FCF74B
:107AF800DDFB41F203030E4A9842216A00F2B3808B
:107B0800536823F0F84343EA81635360236835E7F9
:107B1800074A136843F480331360E9E6054D2B6880
:107B280043F480732B60FCF7A9FB064609E000BF0D
:107B38000044025800480258FCF7A0FB801B642848
:107B480025D82B68DA05F7D5A368012B00F0228128
:107B5800002B00F0FD80052B954B1A6F00F020815B
:107B680022F001021A671A6F22F004021A67FCF762
:107B780085FB8F4E41F28837054604E0FCF77EFB13
:107B8800401BB84203D8336F9B07F7D52BE7032078
:107B9800F8BD874D41F288372B6823F480332B607A
:107BA8002B6823F480232B60FCF768FB064604E06F
:107BB800FCF764FB801BB842E9D82B689B03F7D419
:107BC800A6E66B6F23F001036B67FCF757FB0646CD
:107BD80004E0FCF753FB801B0228D8D86B6F990789
:107BE800F7D4E3E62B6823F480532B60FCF746FBBD
:107BF800064604E0FCF742FB801B0228C7D82B6826
:107C08009804F7D4EBE62B6823F080032B60FCF78D
:107C180035FB064604E0FCF731FB801B0228B6D88A
:107C28002B68DF05F7D42368A8E623F001032B604F
:107C3800FCF724FB064604E0FCF720FB801B022827
:107C4800A5D82B685807F7D4236865E690077FF412
:107C58001BAFECE623F0FE4343EA02636B60236844
:107C68005AE601207047D36823F07C5343EA016346
:107C7800D360236882E6FCF701FB064604E0FCF7C4
:107C8800FDFA801B022882D82B689901F7D4A96ACB
:107C9800484BA26A0B404849454E1343E26A43EAFF
:107CA8000213AB62D4E90D32013B013A5B021204C4
:107CB8009BB202F4FE021343226B013AC2F308029C
:107CC8001343E26B013A120602F0FE4213432B63A0
:107CD800EB6A23F00103EB626A6BA36C114041EA83
:107CE800C3016963EB6A226C23F00C031343EB6254
:107CF800EB6A626C23F002031343EB62EB6A43F412
:107D08008033EB62EB6A43F40033EB62EB6A43F4D3
:107D18008023EB62EB6A43F00103EB622B6843F0CC
:107D280080732B60FCF7AAFA044605E0FCF7A6FA74
:107D3800001B02283FF62BAF33689A01F6D56EE692
:107D480042F480221A601A6842F480321A60CFE541
:107D5800174D41F288372B6F23F001032B672B6FE8
:107D680023F004032B67FCF789FA064605E0FCF7C5
:107D780085FA801BB8423FF60AAF2B6F9807F6D4F6
:107D880031E6EB68226A23F07C5343EA0263EB6036
:107D98002368F3E5064A136F43F001031367E6E629
:107DA80042F004021A671A6F42F001021A67DEE60F
:107DB800004402580CFCFFFF0700FFFF474A136905
:107DC80003F03803102B04D0182B0DD01BB14448F6
:107DD800704744487047136899064AD51368424863
:107DE800C3F3C103D8407047936A30B4946AD56A24
:107DF80014F47C7F516BC4F3051038D0C1F3CC0167
:107E080005F0010503F0030305FB01F1012B07EE63
:107E1800901AB8EEE77A02D0022B2CD093B307EE73
:107E2800900A9FED325AF8EEE77A136BC5EE276A8F
:107E3800DFED2F5AC3F3080307EE903AB7EE006A56
:107E4800F8EEE77AE7EE257A77EE867A66EEA76AA5
:107E5800224B1B6BC3F34623013307EE903AB8EE6F
:107E6800E77AC6EE877AFCEEE77A17EE900A30BC1E
:107E780070471D48704707EE900A9FED1E5AF8EEAE
:107E8800E77AD2E713689B0620D5146807EE900AB4
:107E98001549F7EE005A136BC4F3C104F8EEE77AFC
:107EA8009FED135AC3F30803E14006EE903A06EE3D
:107EB800101AF8EEE66AB8EEC66AE7EE056A86EECC
:107EC800277A76EEA56A66EE876AC1E707EE900A1A
:107ED8009FED095AF8EEE77AA7E700BF0044025879
:107EE80000093D000024F4000090D0030024744AE7
:107EF800000000390024744B0024744C002800F062
:107F08000281874A136803F00F038B422DE9F04181
:107F180004460D460CD2136823F00F030B4313607D
:107F2800136803F00F038B4202D00120BDE8F081F3
:107F380023685F070BD57B4920698A6902F07002C4
:107F4800904204D98A6922F0700202438A611E07AE
:107F58000BD574496069CA6902F07002904204D96D
:107F6800CA6922F070020243CA61D8060BD56D496E
:107F7800A069CA6902F4E062904204D9CA6922F48D
:107F8800E0620243CA6199060BD56649E0690A6A4C
:107F980002F07002904204D90A6A22F07002024389
:107FA8000A629A0740F1A1805E48E168826902F09E
:107FB8000F02914204D9826922F00F020A438261BA
:107FC800D80730D5574AA168936923F470630B43E7
:107FD800936161681368022900F09780032900F013
:107FE8008E80012900F0978058079ED54D4E41F2AA
:107FF8008838336923F007030B433361FCF73EF9F4
:10800800074605E0FCF73AF9C01B404500F28180BD
:108018003369626803F03803B3EBC20FF2D1236807
:10802800990706D5E1683F48826902F00F028A4243
:108038005FD83B490A6802F00F02AA420AD90A68C7
:1080480022F00F022A430A600A6802F00F02AA42CD
:108058007FF46BAF5A070BD5324920698A6902F061
:108068007002904204D28A6922F0700202438A6147
:108078001F070BD52B496069CA6902F0700290424C
:1080880004D2CA6922F070020243CA61DE060BD527
:108098002449A069CA6902F4E062904204D2CA691C
:1080A80022F4E0620243CA619D060BD51D4AE169CC
:1080B800136A03F07003994204D2136A23F0700321
:1080C8000B431362FFF77AFE164A03461648926975
:1080D8001649C2F30322825C0E2002F01F02D3402D
:1080E800BDE8F0410B60FCF767B8DA073FF56AAF07
:1080F8009FE7826922F00F021143816199E79F018E
:108108003FF574AF11E7012070479B033FF56EAF51
:108118000BE703200AE7DE053FF568AF05E700BF78
:10812800002000520044025830F200087C0100246C
:1081380008B501F095F9064B06499B69064A03F014
:108148000F03CB5C03F01F03D840106008BD00BFCD
:108158000044025830F200088001002410B501F0F4
:108168007FF90949094A8B69094C03F00F03D35C6D
:1081780003F01F03D8402060CB69C3F30213D35C1C
:1081880003F01F03D84010BD0044025830F2000825
:108198008001002410B501F063F90949094A8B6987
:1081A800094C03F00F03D35C03F01F03D840206091
:1081B800CB69C3F30223D35C03F01F03D84010BD7F
:1081C8000044025830F2000880010024F8B53A4C07
:1081D800A36A03F00303032B67D0236806460F4600
:1081E80023F080632360FCF749F8054604E0FCF7B8
:1081F80045F8431B022B56D823681A01F7D4A36A03
:10820800326823F47C3343EA0233A362D6E90232AC
:10821800013B013A5B0212049BB202F4FE021343D3
:108228007268013AC2F3080213433269013A12062E
:1082380002F0FE421343A363E36A726923F0C003AA
:108248001343E362E26AB36922F020021A431B4B2C
:10825800E262E26A22F01002E262E16BF2690B402C
:1082680043EAC203E363E36A43F01003E362E36AA9
:10827800EFB1012F0CBF43F4801343F40013E36202
:108288000D4C236843F080632360FBF7F7FF054636
:1082980004E0FBF7F3FF401B022804D823681B0106
:1082A800F7D50020F8BD0320F8BD0120F8BD43F440
:1082B8000023E362E4E700BF004402580700FFFF21
:1082C800F8B53A4CA36A03F00303032B67D023687D
:1082D80006460F4623F080532360FBF7CFFF054681
:1082E80004E0FBF7CBFF431B022B56D823689A0008
:1082F800F7D4A36A326823F07C7343EA0253A3627B
:10830800D6E90232013B013A5B0212049BB202F445
:10831800FE0213437268013AC2F30802134332693A
:10832800013A120602F0FE4213432364E36A7269BB
:1083380023F440631343E362E26AB36922F40072F0
:108348001A431B4BE262E26A22F48072E262616CB9
:10835800F2690B4043EAC2036364E36A43F480733F
:10836800E362E36AEFB1012F0CBF43F4000343F06B
:108378008073E3620D4C236843F080532360FBF75E
:108388007DFF054604E0FBF779FF401B022804D86F
:1083980023689B00F7D50020F8BD0320F8BD012015
:1083A800F8BD43F48003E362E4E700BF00440258E9
:1083B8000700FFFF2DE9F8430368044613F0006641
:1083C80022D0426EB2F5001F00F0CE8411D8002AE8
:1083D80000F0F884B2F5801F40F0F18402210430E7
:1083E800FFF7F4FE0646002E40F08684626E23688E
:1083F80003E0B2F5401F40F0E284A8480026016D72
:1084080021F440110A430265DD050AD5626D042A8C
:1084180006D8DFE812F0A20493049A04DF02DF0210
:108428000126354698051BD5A26D802A00F05B848D
:1084380000F2EC80002A00F08B83402A40F0ED80A7
:108448000021201DFFF7C2FE23680546002D40F0DD
:1084580067839249A06D0A6D22F4E07202430A65AF
:1084680059051FD5D4F8A420B2F5800F00F0478431
:1084780000F2D680002A00F07183B2F5001F40F0A8
:10848800D7800021201DFFF7A1FE23680546002D97
:1084980040F044838149D4F8A4008A6D22F4600234
:1084A80002438A651A051FD5D4F8A820B2F1007FC7
:1084B80000F02E8400F2BF80002A00F05583B2F14C
:1084C800807F40F0C0800021201DFFF77FFE2368D9
:1084D8000546002D40F02A837049D4F8A8008A6D1B
:1084E80022F0E06202438A659F0118D5A26C202A17
:1084F80000F0DA8300F2AA803AB1102A40F0A9808D
:108508006649CA6A42F40032CA62002D40F05983B3
:108518006249A06CCA6C22F030020243CA64D804D3
:108528001DD5E26DB2F5005F00F0FB8300F2948088
:10853800002A00F01F83B2F5805F40F0958000218B
:10854800201DFFF743FE23680546002D40F0EC820E
:108558005249E06D0A6D22F4E04202430A6599042B
:108568001AD5226EB2F5003F00F074837FD84AB165
:10857800B2F5803F40F083800121201DFFF726FEE1
:1085880023680546002D40F01E834449206E0A6D7D
:1085980022F4E02202430A655A041BD5D4F8AC2021
:1085A800B2F1005F00F060836CD842B1B2F1805F35
:1085B80070D10121201DFFF709FE23680546002D13
:1085C80040F003833549D4F8AC008A6D22F0E042CC
:1085D80002438A651F040DD5E26EB2F1805F00F098
:1085E8003183B2F1005F00F00182002A00F00482BA
:1085F80001263546D8015DD5626C032A00F20A844B
:10860800DFE812F0540017034E005400C02A3FF46C
:108618001DAFB2F5807F3FF419AF012635461FE73D
:10862800B2F5C00F3FF433AFB2F5000F3FF42FAFF0
:108638000126354636E7B2F1407F3FF44AAFB2F142
:10864800806F3FF446AF012635464DE7302A3FF4A8
:108658005CAF0126354662E7B2F5405F3FF475AF7F
:10866800B2F5804F3FF471AF0126354677E722F423
:108678008031B1F5802F85D0B2F5403F82D00126F8
:10868800354689E722F08051B1F1804F97D0B2F199
:10869800405F94D0012635469CE700BF004402584D
:1086A8000221201DFFF792FD23680546002D00F0EA
:1086B8006B822E46590200F1F081DF072FD5A26F99
:1086C800282A2AD8DFE812F0D30129002900290036
:1086D80029002900290029006D0329002900290003
:1086E8002900290029002900CC0129002900290096
:1086F8002900290029002900D3012900290029007F
:108708002900290029002900D3012900290029006E
:108718002900290029002900D30101263546980798
:1087280016D5626F052A00F27883DFE812F00D0093
:10873800300306000D000D000D00012104F1240096
:10874800FFF7BEFD23680546002D00F025822E4662
:10875800590717D5D4F89020052A00F26183DFE87D
:1087680012F00D000C0306000D000D000D00012194
:1087780004F12400FFF7A4FD23680546002D00F04E
:1087880013822E469A061DD5D4F88C20B2F1005FCC
:1087980000F0458200F2DC804AB1B2F1805F40F01F
:1087A800E1800021201DFFF711FD23680546002DFB
:1087B80040F00582A949D4F88C004A6D22F0E042C5
:1087C80002434A655F061DD5D4F89820B2F5006FBC
:1087D80000F0548200F2C9804AB1B2F5806F40F0CF
:1087E800CE800021201DFFF7F1FC23680546002DEF
:1087F80040F0C8819949D4F898008A6D22F4E05273
:1088080002438A6518061DD5D4F89C20B2F5804F1E
:1088180000F03F8200F2B6804AB1B2F5005F40F046
:10882800BB800021201DFFF7D1FC23680546002DE1
:1088380040F0A6818949D4F89C008A6D22F46042F0
:1088480002438A6519070BD5D4F88010B1F5805F0B
:1088580000F03E828148426D22F440520A4342654C
:10886800DA060BD5D4F89410B1F5807F00F0258294
:108878007A48826D22F440720A4382651F030ED53E
:10888800D4F8A010B1F5803F00F0D480B1F5003FD6
:1088980000F0D780002900F0BA8101263546580338
:1088A8000FD5D4F88420B2F5001F00F0B080B2F5DF
:1088B800401F00F0B380B2F5801F00F0A0810126B0
:1088C8003546D90309D5E26C002A00F08681B2F555
:1088D800803F00F02D81012635469A0000F1D280B4
:1088E8009F035CD4301E18BF0120DE0206D55B4909
:1088F800256F0A6D22F000422A430A65DD0007D57C
:108908005649D4F8B4500A6922F480422A430A61CD
:10891800990206D55149A56E0A6D22F080722A4344
:108928000A655A0009D54D4A116921F400411161BF
:108938001169D4F8B85029431161002B06DA474A67
:10894800216DD36C23F040530B43D364BDE8F88307
:1089580022F08051B1F1804F3FF429AFB2F1405F6E
:108968003FF425AF012635462CE722F48061B1F5A6
:10897800805F3FF43CAFB2F5406F3FF438AF01265B
:1089880035463FE722F40051B1F5004F3FF44FAFB1
:10899800B2F5C04F3FF44BAF0126354652E7E26FC0
:1089A800B2F5807F00F0228106D922F48071B1F5FA
:1089B800007F03D0012098E7002AFBD1002DF9D1D0
:1089C800264D301E696D18BF012021F440710A43FD
:1089D8006A658AE73546002D40F0A4801F49606D1E
:1089E8000A6D22F0070202430A651BE50121201DDA
:1089F800FFF7ECFB23680546002D40F0DE801749A1
:108A0800E06E0A6D22F0405202430A65F2E5012148
:108A180004F12400FFF754FC23680546002D40F0BC
:108A2800DA800E49D4F884004A6D22F440120243D9
:108A38004A6546E7022104F12400FFF741FC236858
:108A48000546002D40F0C5800449D4F8A0008A6D81
:108A580022F4403202438A6521E700BF00440258ED
:108A6800012104F12400FFF72BFC23680546002DA3
:108A780040F0AD80AF49A06F4A6D22F03802024342
:108A88004A654CE6022104F12400FFF719FC23682B
:108A980000283FF425AF012622E7A74F3B6843F49F
:108AA80080733B60FBF7EAFB804606E0FBF7E6FBDA
:108AB800A0EB0800642800F27E813B68DA05F5D552
:108AC800002D40F0A4819B4AD4F8B030116F594072
:108AD80011F4407F0BD0116F106F21F4407140F4F6
:108AE80080301067106F20F4803010671167B3F57D
:108AF800807F00F06E8103F44072B2F5407F00F091
:108B08007C818C490A6922F47C520A61894AC3F340
:108B18000B03116F0B4313672368CEE52E46C1E4A0
:108B28002E469DE42E467DE42E4618E52E46DBE4CF
:108B38000221201DFFF74AFB05462368002D53D16B
:108B48007C49E06CCA6C22F480320243CA64C4E6F1
:108B58007849CA6A42F40032CA6277E47549CA6A37
:108B680042F40032CA6292E47249CA6A42F400329C
:108B7800CA62AEE46F49CA6A42F40032CA62E4E4E7
:108B88002E465FE62E463DE66A49606CCA6C22F0C6
:108B980003020243CA648DE56649606F4A6D22F09C
:108BA800070202434A65D3E56249D4F890008A6D0A
:108BB80022F0070202438A65E4E52E461AE52E46AE
:108BC80000E62E46ABE42E46E6E42E4602E52E46A7
:108BD800A5E52E4663E62E4673E65649CA6A42F470
:108BE8000032CA62002DABD02E4676E65148C16AE3
:108BF80041F40031C162002D7FF4DCAEE0E64D495E
:108C0800CA6A42F40032CA62002DE4D109E7201D85
:108C1800FFF7DCFA05462368002DDAD114E70221B4
:108C280004F12400FFF74CFB05462368002DC6D14C
:108C3800C0E54049CA6A42F40032CA62002D7FF496
:108C480038ADA1E73B49CA6A42F40032CA62002D36
:108C5800B3D1D4E6012104F12400FFF731FB054626
:108C68002368002DAFD190E4012104F12400FFF71F
:108C780027FB05462368002DA7D1A3E4022104F1B0
:108C88002400FFF71DFB05462368002D7FF47AAF0B
:108C9800B0E5022104F12400FFF712FB0546236822
:108CA800002D7FF46DAFC5E50221201DFFF78EFA78
:108CB80005462368002D84D12AE4022104F124000A
:108CC800FFF7FEFA236800283FF4D8AD0126D5E562
:108CD800022104F12400FFF7F3FA236800283FF487
:108CE800BFAD0126BCE5002104F12400FFF7E8FA36
:108CF80023680546FFF7AABB2368FFF785BB002159
:108D080004F12400FFF7DCFA23680546FFF7BFBB30
:108D1800002104F12400FFF7D3FA23680546FFF782
:108D2800D8BB002104F12400FFF7CAFA23680546DE
:108D38000BE400BF00440258004802580021201DDF
:108D4800FFF744FA2368054645E6002104F12400AC
:108D5800FFF7B6FA236805463DE633493546CA6A41
:108D680042F40032CA6236E602212430FFF7A8FA3C
:108D78000646002E3FF43AABBEE70121201DFFF75F
:108D880025FA05462368002D7FF4FBAC0CE701218A
:108D9800201DFFF71BFA05462368002D7FF4D7AC8A
:108DA800FAE60121201DFFF711FA05462368002D78
:108DB8007FF40DAF5EE60326236835467DE4012681
:108DC800FFF722BB1848C16A41F40031C162FFF7BE
:108DD80014BBFBF753FADFF85080074641F2883995
:108DE80004E0FBF74BFAC01B4845E4D8D8F87030CC
:108DF8009B07F6D5D4F8B0307DE60B480B4A0169DD
:108E080002EA131221F47C510A4302617EE62368C8
:108E18002E4652E4012635464CE40126354697E4B1
:108E280001263546AEE400BF00440258CFFFFF00DC
:108E380008B5FFF77DF9054B054A1B6AC3F3021312
:108E4800D35C03F01F03D84008BD00BF004402589C
:108E580030F20008584B70B4996A9D6ADE6A15F4BE
:108E68007C3FC5F30532DC6B5CD0C4F3CC0406F060
:108E7800100601F0030106FB04F4012907EE904AED
:108E8800B8EEE77A03D0022975D000294FD007EE53
:108E9800902ADFED4A6AF8EEE77A9B6B86EEA76ABE
:108EA8009FED475AC3F3080306EE903AF7EE005ACF
:108EB800F8EEE66AE7EE056A76EEA56A66EE266AD9
:108EC8003D4AB7EE006A936BC3F3462307EE103AA8
:108ED800B8EEC77A70BC37EE067AC6EE877AFCEE33
:108EE800E77AC0ED007A936BC3F3064307EE103AB6
:108EF800B8EEC77A37EE067AC6EE877AFCEEE77ADE
:108F0800C0ED017A936BC3F3066307EE903AF8EE6F
:108F1800E77A77EE867A86EEA77ABCEEC77A80ED96
:108F2800027A704770BCC0E90022826070471968F5
:108F3800890627D51C6807EE902A2249F7EE005AC1
:108F48009B6BC4F3C102F8EEE77A9FED1D5AC3F399
:108F58000803D14006EE903A06EE101AF8EEE66ADB
:108F6800B8EEC66AE7EE056A86EE277A76EEA56A57
:108F780066EE876AA4E707EE902ADFED136AF8EE3B
:108F8800E77A8AE707EE902A9FED105A9B6BB7EEB7
:108F9800006AF8EEE77ADFED0A5AC3F30803C5EE74
:108FA800276A07EE903AF8EEE77AE7EE257A77EE49
:108FB800867A66EEA76A83E7004402580024744A5A
:108FC800000000390090D0030024744B0024744C36
:108FD800584B70B4996A9D6ADE6A15F07C7FC5F3B8
:108FE80005525C6C5CD0C4F3CC0406F4807601F0C6
:108FF800030106FB04F4012907EE904AB8EEE77A6C
:1090080003D0022975D000294FD007EE902ADFED52
:109018004A6AF8EEE77A1B6C86EEA76A9FED475A14
:10902800C3F3080306EE903AF7EE005AF8EEE66A44
:10903800E7EE056A76EEA56A66EE266A3D4AB7EE61
:10904800006A136CC3F3462307EE103AB8EEC77AEA
:1090580070BC37EE067AC6EE877AFCEEE77AC0ED8A
:10906800007A136CC3F3064307EE103AB8EEC77ADA
:1090780037EE067AC6EE877AFCEEE77AC0ED017A1B
:10908800136CC3F3066307EE903AF8EEE77A77EECF
:10909800867A86EEA77ABCEEC77A80ED027A7047A8
:1090A80070BCC0E90022826070471968890627D51C
:1090B8001C6807EE902A2249F7EE005A1B6CC4F38D
:1090C800C102F8EEE77A9FED1D5AC3F30803D140B9
:1090D80006EE903A06EE101AF8EEE66AB8EEC66AA0
:1090E800E7EE056A86EE277A76EEA56A66EE876A67
:1090F800A4E707EE902ADFED136AF8EEE77A8AE72D
:1091080007EE902A9FED105A1B6CB7EE006AF8EE36
:10911800E77ADFED0A5AC3F30803C5EE276A07EEBC
:10912800903AF8EEE77AE7EE257A77EE867A66EEF9
:10913800A76A83E7004402580024744A00000039F3
:109148000090D0030024744B0024744C584B70B426
:10915800996A9D6ADE6A15F47C7FC5F305125C6B1B
:109168005CD0C4F3CC0406F0010601F0030106FB51
:1091780004F4012907EE904AB8EEE77A03D00229F1
:1091880075D000294FD007EE902ADFED4A6AF8EE35
:10919800E77A1B6B86EEA76A9FED475AC3F308036D
:1091A80006EE903AF7EE005AF8EEE66AE7EE056A40
:1091B80076EEA56A66EE266A3D4AB7EE006A136B3C
:1091C800C3F3462307EE103AB8EEC77A70BC37EE01
:1091D800067AC6EE877AFCEEE77AC0ED007A136B62
:1091E800C3F3064307EE103AB8EEC77A37EE067AAD
:1091F800C6EE877AFCEEE77AC0ED017A136BC3F30B
:10920800066307EE903AF8EEE77A77EE867A86EE0E
:10921800A77ABCEEC77A80ED027A704770BCC0E9C5
:109228000022826070471968890627D51C6807EEF6
:10923800902A2249F7EE005A1B6BC4F3C102F8EEDC
:10924800E77A9FED1D5AC3F30803D14006EE903A22
:1092580006EE101AF8EEE66AB8EEC66AE7EE056A98
:1092680086EE277A76EEA56A66EE876AA4E707EEA9
:10927800902ADFED136AF8EEE77A8AE707EE902A7C
:109288009FED105A1B6BB7EE006AF8EEE77ADFED38
:109298000A5AC3F30803C5EE276A07EE903AF8EEB8
:1092A800E77AE7EE257A77EE867A66EEA76A83E7AD
:1092B800004402580024744A000000390090D0038A
:1092C8000024744B0024744CB0F5807F00B585B041
:1092D80048D0B0F5007F11D0B0F5806F00F08280E3
:1092E800B0F5006F52D0B0F5805F2CD0B0F5002FEC
:1092F80000F09680002005B05DF804FB534A136D1A
:1093080003F4E073802B59D012D9C02B26D0B3F5C3
:10931800807FEFD1D36C13F040535BD0B3F1805F03
:1093280000F08D80B3F1005F494818BF0020E2E7E4
:10933800002B3CD0402BDDD101A8FFF78BFD019815
:1093480005B05DF804FB414A136D03F4E043B3F53F
:10935800005F33D029D9B3F5405F58D13D4805B0F7
:109368005DF804FB394B1B6D03F00703042BC1D8D0
:1093780001A252F823F000BFB793000841930008F8
:10938800C593000865930008D39300082F4A936D8E
:1093980003F0E063B3F1007F10D01DD9B3F1407F33
:1093A800DCD0B3F1806FB5D0A4E7002B34D101A88D
:1093B800FFF7CCFE029805B05DF804FB01A8FFF7A3
:1093C80007FE019805B05DF804FB204BDB6C13F039
:1093D8004053A3D120488EE7002BE8D0B3F1807F1B
:1093E800AAD087E7194A936D03F46003B3F5800F99
:1093F800E4D005D8002BDAD0B3F5001F9CD079E76C
:10940800B3F5C00FAAD0B3F5000F83D072E7B3F558
:10941800804F3FF47FAF6DE7B3F5805F8CD069E78D
:109428000A4A936D03F44033B3F5803F09D0B3F58E
:10943800003F3FF46FAF002B7FF45CAF7CE7074839
:1094480059E701A8FFF7C4FD039854E70044025800
:109458000024F4000080BB000090D00300093D0008
:1094680008B5FEF7ABFC064B06499B69064AC3F3F1
:109478000323CB5C03F01F03D840106008BD00BF76
:109488000044025830F200087C010024F8B5016855
:109498000546AC4B99421FD0203399421CD003F5A6
:1094A8007873994258D02033994255D003F5787390
:1094B800994200F01E812033994200F01A8195F8F4
:1094C8009130A14E03F0FF026BB9284685F8902031
:1094D800F9F7D8F8296806E09C4E95F8913003F022
:1094E800FF02002BF1D09A4B9A4A1B68A2FB032378
:1094F8000A681B0B22F480329B000A6023B30C68B5
:10950800013B14F48034F9D1022385F89130EB68DB
:10951800012B00F01081022B15BF03202320022706
:10952800222715BF4FF0010C4FF0210C00222022FA
:10953800AB68013B042B00F24B81DFE813F0CF004E
:109548001000D6000F00D200D5F89430012043F067
:109558004003C5F89430F8BD7F4EBEE73A464FF455
:1095680000672B6A3260002B44D0764B994200F09A
:109578001E817A48081AB0FA80F04009002840F0A5
:109588001681774B994200F00C812033994200F004
:109598000881744B994200F0FE802033994200F014
:1095A800FA80714B994200F00881704B994200F0A3
:1095B8000A81AB6900EB8000B3F5002F4FEA400346
:1095C80000F0E280AA6A296AB2F1806F0CBF022219
:1095D800012201FB02F21202B3FBF2F3644AA2FB7E
:1095E8000312D20802EB8201A3EB4103092B08BF47
:1095F80001326A626B6833F002032B6D40F096808B
:10960800012B14BF4FF400740024FAF74FFE696C65
:10961800B0F5005FD5E9003242EA0102A96C42EADE
:109628000102E96C42EA0102E96A42EA0102696957
:1096380042EA010272D3A96918680A43A96A0A436F
:109648004C490140196029690A4319680A43696A43
:1096580042EA015248493A4322431A605A68286B41
:109668001140EA690243686B5960024359680A432A
:1096780042495A609A6811406A6E9960E96D986823
:109688000A43296E0A43696D01390A43A96D0139F4
:1096980042EA012202434FF220009A60D968AA6E7A
:1096A8000140D960E96ED8680A43696F42EA01420D
:1096B800296F013942EA0122224902438B42DA60CA
:1096C80019D0294A934216D000230122C5F89430B4
:1096D800184685F8903085F89120F8BD4FF48067DA
:1096E8003FE702464FF400673BE762464FF40067E6
:1096F80037E7234EF1E6736C23F00103736495F8A2
:109708003830012BE0D1D5E90F23013A43EA02139F
:109718007364736C43F001037364D5E7A96918682F
:109728000A43184901401960A96A8DE7012B08BF4F
:109738004FF4007469E7132012274FF0110C102220
:10974800F6E600BF04580140005400580058014094
:109758007C0100241BECCB95005C0140245801409F
:10976800045C01400460014004540058245400582B
:10977800CDCCCCCC10C005F0F01FFFFF0080F8FF67
:109788000060014010C005F82A6A696D01FB02F209
:10979800B3FBF2F322E74FF40070FFF795FD296859
:1097A800FFE64FF40070FFF78FFD2968F1E64FF4EC
:1097B8008070FFF789FD2968E3E64FF48060FFF7C2
:1097C80083FD2968F1E64FF40060FFF77DFDF0E6C0
:1097D8000027C6E6022938B5044635D9C81E01282F
:1097E80030D8002023676064E064E065A0664FF627
:1097F800FF706067606830F002000CBF012500252B
:1098080004294FF4003125650CBF01200D20216685
:109818004FF48021A0656166032A13D8DFE802F0BF
:10982800474E54362368484A934205D002F1C05245
:10983800A2F58232934205D16368012B02D1636C91
:10984800002B2FD0012038BD002023676064E0641E
:10985800A066606830F0020014BF01200020206577
:109868004FF48030E0654FF6FF70606713F0010039
:10987800E8D14D1E012D29D860664FF400302066CE
:10988800032ADFD8DFE802F05546362CE0215B01D9
:109898008022A1646365E266FAF708FD94F838301F
:1098A800012BBFD02046BDE83840FFF7EFBD80212F
:1098B8001B014022A1646365E266EDE780225B013B
:1098C800A2646365E266E7E7C021E0E720664FF43B
:1098D80080206066032AB5D8DFE802F02B1C0C0252
:1098E8005B08E02080219A01A0645B01E166C4E97D
:1098F8001523D1E75B08C022802502294FEA83108F
:10990800A2644FEA4313E5666065A365C4D10823E2
:10991800A366C1E75B08802202294FEA8310A2648C
:109928004FEA4313E266C4E91503B5D11023A366D1
:10993800B2E75B08802040215A01A0641B01E16660
:10994800C4E91523A8E700BF0458014018B338B587
:1099580090F82C3004460D4603F0FF02B3B12146BF
:10996800022384F82C3051F8040B00F073FF62686E
:109978002946206800F0ACFF084A0121002013683E
:1099880043F00043136084F82C1038BD80F82D2074
:10999800F7F76EFDE3E70120704700BF0040005273
:1099A80070B590F82C300446022BD8B204D000F0E1
:1099B800FB06012E01D0012070BD02230D46206850
:1099C80084F82C3000F0D0FF2B68022B03D0002045
:1099D80084F82C6070BD0523002084F82C3070BDFD
:1099E80038B590F82C300446022BD8B205D094F83C
:1099F8002C30012BDDB201D0012038BD02232068B4
:109A080084F82C3000F0C4FF002084F82C5038BDB6
:109A180003682C495A6910B49C6944F008049C6195
:109A28009C6944F010049C611C6824F001041C60CB
:109A38001C6921401961996821F44041996090F8A6
:109A48008110042901D0910630D490F8811003299F
:109A580001D054061FD4910509D5D0F8841041F0DF
:109A68000101C0F88410996941F400719961D20527
:109A780009D5D0F8842042F00802C0F884209A69F9
:109A880042F480729A6100235DF8044BA0F86230BA
:109A9800A0F86A307047D0F8841041F00401C0F88B
:109AA8008410996941F040019961D4E7D0F8841095
:109AB80041F08001C0F88410996941F02001996152
:109AC800C3E700BF90FCFFFF002800F0A4800268F5
:109AD8000021F8B5514B044681629A4216D0A3F58D
:109AE80078439A4212D003F58063C0689A4200F026
:109AF8008A800F2808D8E16B00F108034D09DB08BC
:109B080005FB0333082B15D90120F8BDE068E16B8C
:109B180000F10803414E4D09DB0805FB0333404DB6
:109B2800AA4218BFB24203D005F58065AA4201D106
:109B3800102BE9D894F8813003F0FF05002B58D09A
:109B4800002702236568A66B84F88130136823F028
:109B580001031360A369B3F1806F3ED03943676B8B
:109B68003B43676A3B4327693B4367693B43276A33
:109B78003B43E76C3B43A7683B43A76C3B43A76D5C
:109B88003B432B433343E669314308439060D3603A
:109B9800B5B9936823F4C05343F4006393609368A2
:109BA80023F4C06343F480639360136D23F00103CF
:109BB800136500200123C4F8840084F88130F8BDBF
:109BC800136D23F0010313656B02F2D5D368616D41
:109BD80023F000430B43D360EBE7B5F5800FBDD10D
:109BE800002EBBD1D2F800C04CF4805CC2F800C093
:109BF800B4E7204684F88050F9F7F8F92268A76A94
:109C0800E16BE0689DE7E16B00F108034D09DB08B3
:109C180005FB03338CE70120704700BF003001408B
:109C2800003800402DE9F8431D4690F88030012B9C
:109C38007FD0012304468946904680F88030FAF7A1
:109C48001DFB94F881300646012BDFB26AD1B9F1C9
:109C5800000F00F0F880B8FA88F35B09B8F1000F3C
:109C680000F0F18003226366A4F8683084F881204C
:109C7800C4F88430A4F86280A4F86A302168C4F873
:109C88005C90A4F86080C4E91C33A368B3F5C02FC6
:109C980003D10B6843F400630B604A68A54B13407B
:109CA80043EA08034B600B6843F001030B606368E9
:109CB800B3F5800F03D10B6843F400730B60E368BE
:109CC8000F2B75D8072BB4F862309BB252D9002BF2
:109CD80000F01481CDB9D4E0B4F862309BB2012B06
:109CE80040F2E680E36B002B00F0E280E26D52F870
:109CF800043B0B62B4F86230E265023B9BB2A4F805
:109D08006230B4F862309BB203B34B699807E3D46E
:109D1800FAF7B4FA801B854202D8691C40F08180AA
:109D28002168EEE70023022784F880303846BDE832
:109D3800F88302273846BDE8F883FAF79FFA801BB4
:109D4800854202D86A1C40F0E28021684B691907F5
:109D5800F3D52046FFF75CFE0122002384F881201A
:109D6800D4F8847084F88030FF1A18BF0127384669
:109D7800BDE8F883002B00F0C1804B699B0740F1D8
:109D8800B280B4F862309BB2032B7ED9E36B402BD0
:109D98007BD9E36D53F8042B0A62E365B4F86230AB
:109DA800043B9BB2A4F86230B4F862309BB2E1E79E
:109DB800B4F862309BB2002B00F0A08085B92BE08C
:109DC800E36D53F8042B0A62B4F86220E365013AA4
:109DD80092B2A4F86220B4F862309BB2002BB5D0DE
:109DE8004B699A07ECD4FAF749FA801B854201D8E7
:109DF8006B1C16D12168EEE7E26D52F8043B0B624A
:109E0800B4F86230E265013B9BB2A4F86230B4F862
:109E180062309BB2002B74D04B699D07ECD4FAF7E3
:109E28002DFA2046FFF7F4FDD4F8843000210122F2
:109E380043F48073384684F88010C4F8843084F87A
:109E48008120BDE8F8830023384684F88030BDE8D7
:109E5800F883B4F862309BB2012B5FD9E36B002B17
:109E68005CD0E26D52F8043B0B62B4F86230E265F4
:109E7800023B9BB2A4F86230B4F862309BB2002B6C
:109E88003FD04B699A07CAD5E3E7B4F862309BB272
:109E9800012B19D9E36BBBB1E36D33F8022B0A84AC
:109EA800E365B4F86230023B9BB2A4F862307BE70A
:109EB800E26D32F8023B0B84B4F86230E265013B94
:109EC8009BB2A4F862301CE7E36D1B7881F8203060
:109ED800E36D21680133E365B4F86230013B9BB25E
:109EE800A4F8623060E7FAF7C9F9801BA84201D3E9
:109EF800681C96D1002D94D0216855E7002D7FF479
:109F080025AF4B691B073FF524AFFAF7B7F9D4F82B
:109F1800843043F02003C4F884301AE7E26D32F845
:109F2800023B0B84B4F86230E265013B9BB2A4F8B3
:109F38006230A1E70000FFFFF8B590F88030012BF0
:109F480000F08C8090F88130154601220446DEB27C
:109F5800934280F880206AD1002963D0B5FA85F34E
:109F68005B09002D5ED003224366A0F8683080F8B4
:109F78008120C0F88430A0F86250A0F86A30C1652A
:109F8800A0F86050C0E91C338368B3F5C02F04D132
:109F98000268136843F400631360E368A06F0F2B33
:109FA8004BD98369B3F5804F3CD122683A4B3B4F7C
:109FB8002032036452F8183CC763394F23F4004336
:109FC800C7640027076542F8183CB4F862309BB2B2
:109FD800FAF7F4FC002844D1A36F324ADB69B3F5E1
:109FE800807F2368596802EA010218BF2A435A6031
:109FF8009A68616842F40042B1F5800F9A601A6964
:10A0080042F448721A611A6842F001021A6003D1D8
:10A018001A6842F400721A6000231E4684F88030E1
:10A028003046F8BD002384F880303046F8BD002360
:10A03800022680F880303046F8BD072B83691AD88D
:10A04800B3F5005F20D0B3F5804FAED1B4F86230DD
:10A058009BB203339B08A4F86230A6E70226304679
:10A06800F8BDD4F88430012243F01003C4F88430DA
:10A0780084F88120D9E7B3F5804F05D0B3F5005FA8
:10A08800D0D1B3F5804F90D1B4F862309BB2013390
:10A098005B08A4F8623088E7F9A400087DA40008EA
:10A0A80025A500080000FFFF70B51D4690F8803018
:10A0B800012B00F0B9800123044680F8803090F825
:10A0C80081304068DBB2B0F5800F7DD0012B40F0C5
:10A0D8008580002D18BF002A71D000296FD094F810
:10A0E8008130042B02D0052384F881300023E165F8
:10A0F8002168C4F88430A4F86250A4F86A50A4F81F
:10A1080060506266A4F86850C4E91C338B6823F475
:10A1180040438B60E3680F2B65D9E06F8369B3F523
:10A12800804F4CD194F88130042B00F08A805E4B2C
:10A1380003645E4BC3635E4E3031B4F86A30C66464
:10A1480000269BB20665FAF739FC00286ED1226812
:10A15800A16F9368203243F4804342F8183CB4F866
:10A168006230C1E90F00C1E913009BB20846E16DF6
:10A17800FAF724FC002859D1A36FDB69B3F5807F77
:10A18800236863D059684B4A0A402A435A609A6840
:10A19800616842F40042B1F5800F9A601A6942F48E
:10A1A80058721A611A6842F001021A6003D11A68DB
:10A1B80042F400721A60002384F8803070BD0023D6
:10A1C800012084F8803070BDA06800287FF47EAF3D
:10A1D800042B3FF47EAF012B3FF47BAF002302201A
:10A1E80084F8803070BD072B35D8A36F9B69B3F511
:10A1F800005F50D0B3F5804F06D1B4F862309BB2FF
:10A2080003339B08A4F86230E06F8369B3F5005FFD
:10A2180039D0B3F5804F85D1B4F86A309BB2033397
:10A228009B08A4F86A307DE7022070BDD4F884301A
:10A23800012243F010031046C4F8843084F88120CA
:10A2480070BD1D4B03641D4BC36374E75968194AFD
:10A258000A405A609BE7E06F8369B3F5005F02D05C
:10A26800B3F5804FABD1A66FB669B6F5804F06D16E
:10A27800B4F86260B6B201367608A4F86260B3F545
:10A28800804F7FF44FAFB4F86A309BB201335B085C
:10A29800A4F86A3046E7B4F862309BB201335B0831
:10A2A800A4F86230B0E700BF19A50008CDA40008E3
:10A2B80025A500080000FFFF09A50008A5A40008BF
:10A2C8002DE9F0411546826804460E4622B94368D6
:10A2D800B3F5800F00F0958094F88030012B00F0E2
:10A2E8009980012384F8803094F88130012BDFB203
:10A2F80069D1002E61D0B5FA85F35B09002D5CD0D9
:10A308000421B2F5C02F666684F88110A4F868505D
:10A31800C4F88430A4F86030A4F86A50A4F8623015
:10A32800C4E91C3304D12268136823F40063136062
:10A33800E3680F2B4ED9E06F8369B3F5804F3CD1AA
:10A3480021688B6823F480438B603246454EB4F80D
:10A358006A3030310664444E9BB2C663434EC664CD
:10A3680000260665FAF72AFB002857D1E36F404A12
:10A37800DB69B3F5807F2368596802EA010218BFD8
:10A388002A435A609A68616842F48042B1F5800FA6
:10A398009A601A6942F450721A611A6842F001020E
:10A3A8001A6003D11A6842F400721A6000231F462B
:10A3B80084F880303846BDE8F081002384F8803086
:10A3C8003846BDE8F0810023022784F880303846FB
:10A3D800BDE8F081072B2BD82168E06F8B6823F448
:10A3E80080438B608369B3F5005F32D0B3F5804F4B
:10A3F800ABD1B4F86A309BB203339B08A4F86A3037
:10A40800A3E72B4604250A4680F88150BDE8F041B1
:10A41800FFF74ABE02273846BDE8F081D4F88430F9
:10A42800012243F01003C4F8843084F88120C7E780
:10A43800E06F8269B2F5804F02D0B2F5005FBCD1FF
:10A448002168B2F5804F8B6823F480438B607FF4DA
:10A458007CAFB4F86A309BB201335B08A4F86A3069
:10A4680073E700BF09A50008A5A4000825A50008F2
:10A478000000FFFF806B08B590F88130072B09D0EA
:10A48800836FDB69B3F5807F05D00268136943F0F9
:10A498000803136108BDF8F711FF08BD806B08B504
:10A4A80090F88130072B09D0C36FDB69B3F5807F43
:10A4B80005D00268136943F00803136108BDF8F773
:10A4C8005FFF08BD806B08B590F88130072B09D075
:10A4D800836FDB69B3F5807F05D00268136943F0A9
:10A4E8000803136108BDF8F7ADFF08BD704700BF4A
:10A4F800806B08B5FFF7FAFF08BD00BF704700BFC3
:10A50800806B08B5FFF7FAFF08BD00BF704700BFB2
:10A51800806B08B5FFF7FAFF08BD00BF10B5846B64
:10A52800FAF756FF022800D110BD236830495A694E
:10A53800986940F008009861986940F010009861A7
:10A54800186820F0010018601869014019619968BD
:10A5580021F44041996094F88110042901D09106B2
:10A568003AD494F88110032901D0500629D49105D2
:10A5780009D5D4F8841041F00101C4F88410996910
:10A5880041F400719961D20509D5D4F8842042F0CC
:10A598000802C4F884209A6942F480729A61002300
:10A5A80001222046A4F86230A4F86A30D4F8843036
:10A5B80043F01003C4F8843084F88120F8F7A4FF2E
:10A5C80010BDD4F8841041F00401C4F884109969CE
:10A5D80041F040019961CAE7D4F8841041F0800144
:10A5E800C4F88410996941F020019961B9E700BF66
:10A5F80090FCFFFF036819695A692DE9F04101EAE7
:10A6080002059F68044690F8816005F0640CBCF16F
:10A61800040F2FD005F04500012834D005F026009E
:10A62800022800F0DF80280770D59A6917F4404F98
:10A63800F6B242F008029A619A6942F010029A61F1
:10A648009A6942F400629A611A6922F008021A6152
:10A6580023D0042E00F0DE80A26FD269EAB1032E67
:10A6680050D0E26FD269C2B1052E14D12046F8F756
:10A67800E9FE10E0436F9847236F2046984705F09E
:10A688004503012B02D1236F2046984705F0260584
:10A69800022D00F0A780BDE8F0819A6812F4404FBF
:10A6A8001FD1B4F86A2092B2DAB1626E0EE01B6B69
:10A6B80042F8043B6266B4F86A30013B9BB2A4F8E6
:10A6C8006A30B4F86A309BB25BB12368E1680F293D
:10A6D800EDD8072940F292801B8E22F8023B626671
:10A6E800E9E72046FFF794F9012384F88130D4F88C
:10A6F8008430002B7FD1052EB8D0042E00F08F8037
:10A70800032EC8D12046F8F7D9FDC4E7100501D5B6
:10A718000A077AD415F4587FBDD06E0609D5D4F847
:10A72800842042F00402C4F884209A6942F040026E
:10A738009A61A80509D5D4F8842042F00102C4F82A
:10A7480084209A6942F400729A61E90509D5D4F81F
:10A75800842042F00802C4F884209A6942F4807286
:10A768009A61AA0609D5D4F8842042F08002C4F878
:10A7780084209A6942F020029A61D4F88420002A41
:10A7880089D0196807F44047274A21F00101B7F535
:10A79800404F1960196902EA01021A6127D19A68C3
:10A7A800E06F22F440429A6050B1204B0365FAF7FB
:10A7B80025FA28B1D4F8843043F04003C4F8843033
:10A7C800A06F00283FF467AF184B0365FAF716FA35
:10A7D80000283FF460AFD4F8843043F04003C4F855
:10A7E800843058E7636F2046BDE8F04118470123DD
:10A7F800204684F88130F8F787FE4CE793F830302C
:10A808001370626E0132626655E79A6942F400621B
:10A818009A6140E7E26FD269002A3FF43EAF2046D2
:10A82800F8F7AEFD37E700BF94FCFFFF39A8000832
:10A8380008B5806B00230122A0F86A30A0F86230C6
:10A8480080F88120F8F760FE08BD00BF90F881000D
:10A85800704700BF0B6810B4D3B90468A3F5004370
:10A868004A6823401343D1E9024223431343D1E901
:10A87800044223431343D1E9064223431343D1E956
:10A88800084223435DF8044B1343036000207047DC
:10A898000268D1E9074322F4F84222434C6A1A437A
:10A8A8000A4B2243026042681340D1E90142234324
:10A8B8001343D1E9034223431343D1E90542234318
:10A8C8005DF8044B13434360002070470080FFFF8E
:10A8D80030B40ABB8368D1E9002403F07043013C1B
:10A8E800013A43EA04131343D1E90224013A013C33
:10A8F80043EA022343EA0432D1E904348969013B7B
:10A90800013C013942EA034343EA045343EA016341
:10A9180030BC8360002070478268CC68114B013CD2
:10A9280013404A6943EA0433541E43EA0454D1E904
:10A9380000258460C3686C1E013A03F0704343EA43
:10A9480004130C691A438B68013C8969013B01397E
:10A9580042EA032343EA044343EA016330BCC36089
:10A9680000207047FF0F0FFF0246D1E9003010B4F6
:10A9780003431469D1E9021023435DF8044B0139FC
:10A9880043EA4023002043EA41131361704700BFA4
:10A998000246054B002010B4546923405DF8044B6F
:10A9A80043EA41015161704701C0FFFF022A82B0AA
:10A9B800844613D009230193DCF80C30002023F4DB
:10A9C8007053CCF80C30019BDCF80C209B0203F48C
:10A9D80070531343CCF80C3002B07047224B234A13
:10A9E8000B44934207D9224B224A0B44934205D881
:10A9F8000E230193E0E70F230193DDE71E4B1F4A67
:10AA08000B44934207D91E4B1E4A0B44934205D26E
:10AA18000C230193D0E70D230193CDE71A4B1B4A72
:10AA28000B44934202D80B230193C5E7184B194AEC
:10AA38000B44934202D20A230193BDE7164B174AEF
:10AA48000B449342B6D3164B164A0B44934202D298
:10AA580008230193B0E7144B144A0B44934234BFC4
:10AA6800072306230193A7E7405327FFFF340C0071
:10AA7800401E1BFF3F420F0000DC0BFF7F4F120000
:10AA8800808CF9FE20D6130060B6E5FE5FE3160061
:10AA980000D3CEFE40771B00C05BB3FEC0912100FF
:10AAA80000CA91FE20753800E05459FEE09C410030
:10AAB800890182B000230A4A41F020010193016113
:10AAC80003E0036913F0200307D0019B013393428D
:10AAD8000193F6D9032002B07047184602B07047B8
:10AAE800400D0300D0F8083882B003F00603019344
:10AAF800019838B10198022804D0019B062B0CBF9D
:10AB080002200F2002B0704730B44B780A78012B2E
:10AB180020D002F00F0C4FF48033D0F81C4800EB23
:10AB2800421203FA0CF32343C0F81C38D2F8003B56
:10AB38001B040CD48B68D2F8004BC3F30A03C87803
:10AB48001449234343EA80431943C2F8001B0020F9
:10AB580030BC704700F5006402F00F0500EB4210AE
:10AB6800AB40E5692B43E361D0F800391C04EED40F
:10AB78008B68D0F80059C3F30A03CC7805492B43F6
:10AB880043EA844343EA8252114330BCC0F80019B7
:10AB980000207047008000102DE9F0414B7891F8B3
:10ABA80000C0012B51D000EB4C1C844CDCF8105B2E
:10ABB8000CF530632C401C61814C1D692C401C61D4
:10ABC8004C6984B38D68012A7E4E2C4404F1FF340D
:10ABD800B4FBF5F406EAC44EA4B205FB04F41D69FF
:10ABE8004EEA0505C4F312041D611D6944EA050413
:10ABF8001C6125D0CB78012B0CD1D0F8083813F480
:10AC0800807FDCF8003B0CBF43F0005343F08053D7
:10AC1800CCF8003BDCF8003B43F00443CCF8003BA5
:10AC28000020BDE8F0818C68012A1D69C4F3120474
:10AC380044EA05041C611C6944F400241C61D9D150
:10AC4800CA68002AD6D05A61D4E74D69002D3DD094
:10AC580000EB4C14594ED1F808E0D4F81089584F3D
:10AC680008EA0606C4F8106905EB0E06013EB6FBB5
:10AC7800FEFED4F810693740524EC4F8107906EA3F
:10AC8800CE46D4F810793E43C4F81069C5F31206CD
:10AC9800D4F810793E43C4F8106904F5106691F8A9
:10ACA80003E0BEF1010F57D0012A72D0D4F8002971
:10ACB8000CF00F0C42F0044203FA0CF3C4F800291C
:10ACC800D0F834281343C0F83438A9E700EB4C1304
:10ACD8003B4E3A4C012AD3F8107906EA0706C3F826
:10ACE8001069D3F8106946F40026C3F81069D3F840
:10ACF800106904EA060403F51066C3F8104991F8D0
:10AD080003E03AD0D3F80049BEF1010F44F00444FF
:10AD1800C3F8004984D1D0F8083813F4807F336829
:10AD28000CBF43F0005343F080533360002A7FF494
:10AD380077AFADB20335AD083FF472AFCB6800EB27
:10AD48000C3C03EB85010CF5805C53F8042B8B421B
:10AD5800CCF80020F9D163E73369012A23F0C04316
:10AD68003361336943F00053336117D0D4F80039A5
:10AD780043F00443C4F80039CDE70B6963B9BEF169
:10AD8800010F0ED03368002043F004433360BDE860
:10AD9800F0810B69002BF5D07361F0E70B69002B8C
:10ADA800FAD1D0F8083813F4807F33680CBF43F029
:10ADB800005343F080533360E4E700BF0000F8FF1E
:10ADC800FFFF07E00000F81FF0B54C780B78012C66
:10ADD80026D000EB4310574CD0F8105B00F53063D9
:10ADE8002C401C61544C1D692C401C614C69A4B951
:10ADF8008C681D69C4F31204012A45F400251D61FD
:10AE08001D6944EA05041C6149D0D0F8003B43F0B1
:10AE18000443C0F8003B0020F0BD8C684C61E8E7B3
:10AE28004C69002C40D000EB4315424FD1F808E0A4
:10AE3800D5F810C9404E74450CEA070705F5106CA3
:10AE4800C5F81079D5F8107906EA0706C5F810692B
:10AE580058D9DCF81040012AC1F814E044F4002461
:10AE6800CCF81040CEF31204DCF8106044EA060473
:10AE7800CCF810403AD0D5F8002942F00442C5F881
:10AE88000029BEF1000FC6D003F00F010123D0F84E
:10AE980034288B401343C0F834380020F0BDCA680A
:10AEA800002AB2D05A61B0E700EB4310224B012AC6
:10AEB800D0F8104900F5106C03EA0403CCF8103000
:10AEC800DCF8103043F40023CCF81030194BDCF8D0
:10AED800104003EA0403CCF8103007D0D0F800394A
:10AEE80043F00443C0F800390020F0BD0B690BB1F2
:10AEF800CCF81430DCF80030002043F00443CCF8E0
:10AF08000030F0BDDCF81060C4F31204012A46F4E6
:10AF18000026CCF81060DCF8106044EA0604CCF88F
:10AF28001040E3D0D5F8002942F00442C5F80029C2
:10AF3800AAE700BF0000F8FFFFFF07E010B49DF884
:10AF4800044064B903339B0809D0013201EB830341
:10AF580000EB023051F8042B8B420260FAD100203A
:10AF68005DF8044B704700BF033292080AD000F521
:10AF7800805C01EB8200DCF8003041F8043B884239
:10AF8800F9D17047084670474A780B78012A00EBD8
:10AF980043100CD0D0F8002B0BB1002A14DAD0F8EB
:10AFA800003B43F40013C0F8003B00207047D0F882
:10AFB8000029002A00DB73B9D0F8003943F40013E4
:10AFC800C0F8003900207047D0F8003B23F08043D8
:10AFD800C0F8003BE3E7D0F8003923F08043C0F81D
:10AFE8000039D0F8003943F40013C0F80039E9E714
:10AFF8004A780B78012A00EB431013D0D0F8003BB5
:10B0080023F40013C0F8003BCB78023B012B01D995
:10B0180000207047D0F8003B43F08053C0F8003B55
:10B0280000207047D0F8003923F40013C0F8003925
:10B03800CB78023B012BEBD8D0F8003943F0805392
:10B04800C0F8003900207047034609010020D3F8F2
:10B05800002801F4FE6122F4FE62C3F80028D3F848
:10B0680000281143C3F80018704700BF82B0436935
:10B0780001938269019B13400193019802B07047C4
:10B0880082B0D0F818380193D0F81C28019B1340DF
:10B0980001930198000C02B0704700BF82B0D0F84D
:10B0A80018380193D0F81C28019B1340019301988C
:10B0B80080B202B0704700BF00EB411182B0D1F8F6
:10B0C800083B0193D0F81428019B13400193019881
:10B0D80002B0704784B0D0F8103801F00F0C00EBC4
:10B0E80041110293D0F834380393039B029A23FA50
:10B0F8000CF3DB01DBB213430293D1F80839029A4F
:10B1080013400193019804B0704700BF406900F0F4
:10B1180001007047D0F8001900F500630A4A0A4098
:10B12800C0F800299A6802F00602042A05D1D0F86E
:10B13800002942F00302C0F800295A68002042F4AE
:10B1480080725A60704700BF00F8FFFF144B10B4BC
:10B15800046C9C421AD800F5306000230129036171
:10B16800036943F400230361036943F0180303618F
:10B17800036943F0C043036104D14261036843F0AB
:10B188008023036000205DF8044B7047D0F8003B33
:10B1980000F53060002BE0DA00205DF8044B7047C2
:10B1A8000A30544FD0F8002401F00303012900F5B8
:10B1B800806C22F00302C0F80024D0F8002443EA8F
:10B1C8000203C0F8003409D0022901D000207047DA
:10B1D80041F270730020CCF8043070474BF680338E
:10B1E8000020CCF804307047D0F8140480B27047BF
:10B1F80000EB4111002382B001F5A0620193D1F860
:10B20800003513F4802FD1F8003543F08043C1F89E
:10B21800003522D1C36A13F47F0FD1F8003523D14A
:10B2280023F00043C1F80035D1F8003543F000435E
:10B23800C1F80035D1F8003523F40043C1F80035D2
:10B2480002E01368002B13DA019B0133B3F57A7F10
:10B258000193F6D9002002B07047D0F8103413F4E7
:10B268007F0FD1F8003506D043F00043C1F8003510
:10B27800002002B0704723F00043C1F80035D1F830
:10B28800003543F00043C1F80035D1F8003523F408
:10B298000043C1F8003502E01368002BE8DA019B8F
:10B2A8000133B3F57A7F0193F6D9002002B07047D5
:10B2B80030B4002484B04FF48465AA4A009401464F
:10B2C800836823F0010383600394056102E00B693E
:10B2D800980604D5039B013393420393F7D90020C2
:10B2E8001023A04A02900B6102E00B69DB0604D52B
:10B2F800029B013393420293F7D9D1F8003501F547
:10B30800A06201F5E0600193019B43F08043019343
:10B31800019B23F000430193019B23F40043019315
:10B32800019BC1F80035D1F820350193019B43F00A
:10B3380080430193019B23F000430193019B23F475
:10B3480000430193019BC1F82035D1F840350193A2
:10B35800019B43F080430193019B23F00043019339
:10B36800019B23F400430193019BC1F84035D1F8B8
:10B3780060350193019B43F080430193019B23F0C7
:10B3880000430193019B23F400430193019BC1F8FF
:10B398006035D1F880350193019B43F080430193D8
:10B3A800019B23F000430193019B23F40043019385
:10B3B800019BC1F88035D1F8A0350193019B43F07A
:10B3C80080430193019B23F000430193019B23F4E5
:10B3D80000430193019BC1F8A035D1F8C035019312
:10B3E800019B43F080430193019B23F000430193A9
:10B3F800019B23F400430193019BC1F8C035D1F8A8
:10B40800E0350193019B43F080430193019B23F0B6
:10B4180000430193019B23F400430193019BC1F86E
:10B42800E035D1F800360193019B43F08043019346
:10B43800019B23F000430193019B23F400430193F4
:10B44800019BC1F80036D1F820360193019B43F0E7
:10B4580080430193019B23F000430193019B23F454
:10B4680000430193019BC1F82036D1F8403601937F
:10B47800019B43F080430193019B23F00043019318
:10B48800019B23F400430193019BC1F84036D1F896
:10B4980060360193019B43F080430193019B23F0A5
:10B4A80000430193019B23F400430193019BC1F8DE
:10B4B8006036D1F880360193019B43F080430193B5
:10B4C800019B23F000430193019B23F40043019364
:10B4D800019BC1F88036D1F8A0360193019B43F057
:10B4E80080430193019B23F000430193019B23F4C4
:10B4F80000430193019BC1F8A036D1F8C0360193EF
:10B50800019B43F080430193019B23F00043019387
:10B51800019B23F400430193019BC1F8C036D1F885
:10B52800E0360193019B43F080430193019B23F094
:10B5380000430193019B23F400430193019BC1F84D
:10B54800E03613680193019B43F080430193019B0C
:10B5580043F000430193019B23F400430193019BB3
:10B56800136004E0400D03001368002B05DA009B0C
:10B578000133B3F57A7F0093F6D920328242E0D1C5
:10B588004FF0FF330020C1F814344B618B6843F04F
:10B5980001038B6004B030BC704700BF08B5D0F819
:10B5A8008C321BB11B68984700B908BD022008BD42
:10B5B80008B5D0F88C325B689847002008BD00BFFA
:10B5C80038B500F520750446284600F07DFB0122B9
:10B5D800B4F8863294F88012C4E99B2301F01F0363
:10B5E800934209D0022B13D063B101F080012046A9
:10B5F800F8F7AAFC002038BD2946204600F092FA48
:10B60800002038BD2946204600F00AF9002038BD40
:10B618002946204600F0BAFA002038BD38B505465C
:10B6280069B91346D0F86C22032A15D0052A0C46AE
:10B638000ED1C5F86C12F8F787FC204638BDD0F853
:10B648008C329B6933B190F87422032A02D198474F
:10B65800002038BD022038BDD0E9531291420CD9E0
:10B66800891A8A42C0F84C1188BF8AB2194698BF15
:10B6780092B200F055FB002038BDD0F88C321B691F
:10B688001BB190F87422032A04D0284600F052FB1C
:10B69800002038BD9847F8E770B5044661B9D0F87E
:10B6A8006C32022B15D033F0040337D094F878327B
:10B6B800012B2ED0002070BDD0F88C325B6933B1DD
:10B6C80090F87422032A02D19847002070BD022006
:10B6D80070BDD0E908630D469E4223D8C669B6FB03
:10B6E800F3F203FB12620AB9B34228D9D4F88C32B8
:10B6F800DB681BB194F87422032A30D080212046DD
:10B70800F8F722FC204600F021FB94F87832012B50
:10B71800D0D10023184684F8783270BD8021F8F71C
:10B7280013FCC3E7F31A114603629AB200F0EEFA6B
:10B738002B462A4629462046F8F752FCB6E7D0F8A9
:10B7480070329E42D2D20A4600F0E0FA2B462A46D0
:10B7580029462046C4F87052F8F742FCA6E720466E
:10B768009847CBE770B500224026044601251146CC
:10B778003346F8F7D7FB3346802100222046C4F829
:10B788004451C4F85061F8F7CDFB0021D4F8903249
:10B79800A561666284F87452C4F86C126160C4F8DA
:10B7A8007C1223B1D4F88C3220465B68984700207D
:10B7B80070BD00BF0346002019747047034604217A
:10B7C800002093F8742283F8741283F87522704766
:10B7D8000346002093F8752283F87422704700BF4F
:10B7E80090F87422032A01D00020704708B5D0F8D9
:10B7F8008C32DB6903B19847002008BD00207047F0
:10B808000020704700207047D0F88C22012108B52D
:10B8180080F87412017953689847002008BD00BF6A
:10B8280030B50B7883B00D46044603F06003202B37
:10B838000DD0402B0BD09BB180212046F8F784FB1C
:10B8480000212046F8F780FB002003B030BDD4F873
:10B858008C32294620469B689847002003B030BDAB
:10B868004B78092BE8D801A252F823F0CFB800088A
:10B87800FBB8000841B8000819B9000841B8000829
:10B8880021B9000859B9000841B8000889B9000869
:10B898009DB800088978A24D01292970CCD890F864
:10B8A8007432022B00F01281032B00F000818021FA
:10B8B800F8F74AFB00212046F8F746FB297820468E
:10B8C800FFF776FEC0E790F87432013B022BB3D83D
:10B8D800CB88022BB0D10122D0F87C32C2600BB1E8
:10B8E8000323C360022204F10C01204600F000FA91
:10B8F800AAE790F87432013B022B9DD84B88012BA4
:10B90800A2D100232046C4F87C3200F013FA9BE74A
:10B918004B88012B98D1F5E78B88002B8CD1CB88ED
:10B92800002B89D14D887F2D86D890F87432032B4F
:10B9380082D0E9B280F87612F8F736FB204600F09C
:10B94800F9F9002D00F0E080022384F874327BE7D7
:10B958004A88130A013B062B3FF66EAF01A151F846
:10B9680023F000BF1DBA000805BA0008F3B90008A3
:10B9780041B8000841B80008DDB90008AFB90008AF
:10B98800CA88012A7FF458AF90F87432022B00F26B
:10B998008780002B3FF450AF0146002341F8083F51
:10B9A80000F0A6F950E7037C002B7FF445AFD0F8F0
:10B9B8008C320DF106001B6B984707234370BDF8C6
:10B9C8000620002A67D0EB88002B5BD1204600F0C8
:10B9D800B1F939E7037C002B7FF42EAFD0F88C3215
:10B9E8000DF106005B6B9847E9E7D1B2052900F233
:10B9F8008F80DFE801F0271F17372F3F037C002BCC
:10BA080072D1D0F88C320DF106009B6A9847022358
:10BA18004370D4E7D0F888320DF10601007C1B682A
:10BA28009847CCE7D0F888320DF10601007CDB6836
:10BA38009847C4E7D0F888320DF10601007C9B686E
:10BA48009847BCE7D0F888320DF10601007C5B68A6
:10BA58009847B4E7D0F888320DF10601007C5B699D
:10BA68009847ACE7D0F888320DF10601007C1B69D5
:10BA78009847A4E7D0F888320DF10601007C9B694D
:10BA880098479CE79A420146204628BF1A46ADF8D7
:10BA9800062000F02DF9EB88002B7FF4D5AE95E752
:10BAA800032B7FF4C9AE011D00F022F9CCE621B3C7
:10BAB800416801298AD0C9B2FFF77AFD2978204662
:10BAC8006160FFF76BFD022880D1B5E600293FF4DD
:10BAD8007DAF01210323416080F87432FFF75EFDDA
:10BAE80002287FF473AFA7E6D0F88C320DF1060078
:10BAF800DB6A98470223437061E70223416080F8BC
:10BB08007432FFF755FD61E7012384F874329BE630
:10BB1800D0F88C320DF106029B6B98474FE700BFB7
:10BB2800781F002438B50B780D46044603F06002F0
:10BB3800402A0AD05B0608D58021F8F705FA0021CB
:10BB48002046F8F701FA002038BD94F87432013B1A
:10BB5800022B11D82B79012B0ED8D4F88C32294618
:10BB680020469B689847EB88002BECD10028EAD147
:10BB7800204600F0DFF8E6E780212046F8F7E4F9F0
:10BB880000212046F8F7E0F9002038BD38B50B78D9
:10BB9800044603F06003202B0CD0402B0AD083B15D
:10BBA80080212046F8F7D0F900212046F8F7CCF993
:10BBB800002038BDD4F88C3220469B689847002076
:10BBC80038BD4B788A88012B5FFA82FC37D0032B6B
:10BBD80023D0002BE4D190F87432022B4AD0032BE7
:10BBE800DED10CF00F03120603EB830300EB830393
:10BBF80051D4D3F84431002BD2D00CF07F03142554
:10BC080005FB030505F5A075002B4FD12B6002221B
:10BC18002946204600F06CF8CAE790F87432022BE7
:10BC28001DD0032BBCD14B882BB91CF07F0F02D041
:10BC3800CB88002B43D0204600F07CF8B8E790F87A
:10BC48007432022B0BD0032BAAD14B88002BAFD117
:10BC58001CF07F0FEFD06146F8F784F9EBE71CF092
:10BC68007F0F9DD06146F8F76FF980212046F8F7DD
:10BC78006BF99DE71CF07F0F92D111064FF000037E
:10BC88004FF002024CBF00F1140100F5A0710B60E7
:10BC980000F02EF88CE79B69002B81D00CF07F0315
:10BCA8005D1C05EB850500EB8505ADE76146204683
:10BCB800F8F766F908B10123A8E72860A7E7614605
:10BCC800F8F742F9B7E700BF0B7803704B78437079
:10BCD800CA788B7803EB022343804A790B7903EB0C
:10BCE80002238380CA798B7903EB0223C3807047D0
:10BCF80010B5134602240A460021C0F86C42C0E978
:10BD08000733F8F75FF9002010BD00BF8C4600210B
:10BD180008B513466246F8F755F9002008BD00BF7C
:10BD28008C46002108B513466246F8F759F90020F9
:10BD380008BD00BF08B504210023C0F86C121A46DC
:10BD48001946F8F73FF9002008BD00BF08B50521DE
:10BD58000023C0F86C121A461946F8F741F900207A
:10BD680008BD00BFD0F8C4230132C0F8C42302784C
:10BD78000B2A00D07047D0F87C33002BFAD09B698F
:10BD8800184700BF012380F823337047002380F849
:10BD980023337047034600220121104683F82013FD
:10BDA80083F8212383F82223704700BF38B5012385
:10BDB8000025044680F8213380F8235380F8205367
:10BDC800F8F732F92179204600F006F86179204623
:10BDD80000F002F8284638BD0A2907D800EB810090
:10BDE800D0F88433C3F30E03C0F8843300207047BF
:10BDF8000C4A82B00C4BD2F8DC1041F04001C2F87A
:10BE0800DC10D2F8DC2002F040020192019A1A6894
:10BE180022F020021A601A6842F004021A6002B086
:10BE2800704700BF0044025800180248714A03686E
:10BE380011698B4200B587B04BD0916E8B4200F0F0
:10BE4800B680D2F8C0108B4200F0B380D2F8181137
:10BE58008B4200F0B080B3F1804F1ED0664A934207
:10BE68000DD0664A934200F0A880654A934200F0DC
:10BE7800B280644A93421ED007B05DF804FB624B5F
:10BE8800D3F8E82042F00202C3F8E820D3F8E830FB
:10BE980003F002030293029BEEE75B4BD3F8E82022
:10BEA80042F00102C3F8E820D3F8E83003F00103B8
:10BEB8000193019BE0E7544BD3F8E82042F01002CD
:10BEC800C3F8E820D3F8E83003F010030593059B86
:10BED800D2E700205821B3F1804F01FB0022127BEA
:10BEE8001ED045498B4235D044498B4248D04449FD
:10BEF8008B42BED1444BD3F8E81041F00801C3F897
:10BF0800E810D3F8E83003F008030493049B002AF0
:10BF1800B2D0322000220F21F8F7E0F9322014E0E5
:10BF2800394BD3F8E81041F00101C3F8E810D3F811
:10BF3800E83003F001030193019B002A9CD01C20E8
:10BF480000220F21F8F7CAF91C2007B05DF804EBAE
:10BF5800F8F702BA2C4BD3F8E81041F00201C3F805
:10BF6800E810D3F8E83003F002030293029B002A9A
:10BF780082D01D2000220F21F8F7B0F91D20E4E738
:10BF8800214BD3F8E81041F00401C3F8E810D3F8C6
:10BF9800E83003F004030393039B002A3FF46CAFDB
:10BFA8001E2000220F21F8F799F91E20CDE7012065
:10BFB80090E702208EE703208CE7134BD3F8E820A4
:10BFC80042F00402C3F8E820D3F8E83003F0040391
:10BFD8000393039B50E70C4BD3F8E82042F0080288
:10BFE800C3F8E820D3F8E83003F008030493049B6F
:10BFF80042E700BF7C1F0024000400400008004006
:10C00800000C004000100040004402580F4B02682A
:10C0180019698A420BD0996E8A4211D0D3F8C010A0
:10C028008A420FD0D3F818118A420DD070470021E8
:10C03800582202FB01331A6D002AF7D0586D1047B9
:10C048000121F5E70221F3E70321F1E77C1F002432
:10C05800014801F0C3B900BF8C1F0024014801F05A
:10C06800BDB900BFE41F0024014801F0B7B900BF03
:10C078003C200024014801F0B1B900BF94200024FD
:10C08800F0B54FF0580C0F682E4D8DB00CFB07FC27
:10C09800032F05EB0C06066047DC0B4608683446A0
:10C0A80049689A6807C41B7B237004AC7268264BE6
:10C0B800002A4FF00002726118BF1022B2610FCB44
:10C0C80084E80F000CAB03EB870353F8203CB3F173
:10C0D800804F336124D01D4A934221D030890CF11E
:10C0E800100458230021802203FB07532C44C3E982
:10C0F80007019A62204600F0DBFF034600B1FEE725
:10C108004FF4805208A92046099301930892CDE97B
:10C118000A33CDE9023301F09BF8034640B1FEE74C
:10C12800582303FB07539868D9E701200DB0F0BDE9
:10C1380001A920460193039301F008FA0028F5D0DD
:10C14800FEE700BF7C1F00243CF10008000C004003
:10C15800006808B5037B10302BB101F063F8003894
:10C1680018BF012008BD01F043F8003818BF0120AE
:10C1780008BD00BF0C4B00224FF0FF311A739960C5
:10C18800196683F86420C3F8B81083F8BC20C3F894
:10C19800101183F81421C3E90022C3E91622C3E968
:10C1A8002C22C3E9422270477C1F00241F4BC16820
:10C1B8000268F0B5D3F88C5083B00369ADB24D1B5B
:10C1C800A2B1AB4212D00446866811D2F018E91A1F
:10C1D800CDE9001000F040FF0023DDE90010D4E9AC
:10C1E8000062B047E3682561AB421BD003B0F0BDE5
:10C1F800F018C91ACDE9000100F02EFF0023DDE98F
:10C208000001D4E90072B8473046294600F024FFFF
:10C2180000233046626829462668B047E3682561EE
:10C22800AB42E3D10023236103B0F0BD000002401C
:10C238002DE9F84F04460F4690461E4600F1340596
:10C24800284601F0D1FB2028FAD14FF48063002062
:10C25800C4F8D030C4F848314FF44033C4F8CC00A7
:10C26800C4F8E030C4F858314E4BC4F8DC00C4F8C8
:10C27800C03003F57A73C4F8E400C4F838314023B9
:10C28800C4F8C800C4F84031E369C4F84401C4F8EC
:10C298005401C4F85C01C4E93500C4E95300072B14
:10C2A8000BD8DFE803F061535A373E454C0451235D
:10C2B800C4F8C4305223C4F83C3104F59C7948468C
:10C2C800F8F7BEF908B1FFBEFEE7C4F8A890C4F8B5
:10C2D8007051EFF3108972B6DFF8D0B094F91C30C2
:10C2E800DFF8CCA08BF800300A9B2F4CCAF800303E
:10C2F8000B9B23600EB11846B0471FFA88F23946E7
:10C30800284601F05BF9B0BBB9F1000F00D162B665
:10C31800BDE8F88F3F23C4F8C4304023C4F83C314B
:10C32800CBE74123C4F8C4304223C4F83C31C4E706
:10C338004723C4F8C4304823C4F83C31BDE74F2331
:10C34800C4F8C4305023C4F83C31B6E72B23C4F8F2
:10C35800C4302C23C4F83C31AFE72D23C4F8C430D3
:10C368002E23C4F83C31A8E72923C4F8C4302A2373
:10C37800C4F83C31A1E7FF238BF800300023CAF84A
:10C38800003023600A9B3BB10B980121984701209C
:10C39800B9F1000FBCD1BAE70120B9F1000FB7D14C
:10C3A800B5E700BF88000240143000241030002494
:10C3B8000C3000242DE9F84F04460F4690461E46DF
:10C3C80000F13405284601F00FFB2028FAD14FF47C
:10C3D80080630020C4F8D030C4F848314FF44033AB
:10C3E800C4F8CC00C4F8E030C4F858314E4BC4F857
:10C3F800DC00C4F8C03003F57A73C4F8E400C4F86C
:10C4080038314023C4F8C800C4F84031E369C4F89F
:10C418004401C4F85401C4F85C01C4E93500C4E916
:10C428005300072B0BD8DFE803F061535A373E451A
:10C438004C045123C4F8C4305223C4F83C3104F1ED
:10C44800C0094846F8F7FCF808B1FFBEFEE7C4F893
:10C45800AC90C4F8F850EFF3108972B6DFF8D0B09A
:10C4680094F91C30DFF8CCA08BF800300A9B2F4CD5
:10C47800CAF800300B9B23600EB11846B0471FFA6C
:10C4880088F23946284601F0EBF8B0BBB9F1000F45
:10C4980000D162B6BDE8F88F3F23C4F8C43040230A
:10C4A800C4F83C31CBE74123C4F8C4304223C4F874
:10C4B8003C31C4E74723C4F8C4304823C4F83C31AE
:10C4C800BDE74F23C4F8C4305023C4F83C31B6E765
:10C4D8002B23C4F8C4302C23C4F83C31AFE72D23F8
:10C4E800C4F8C4302E23C4F83C31A8E72923C4F883
:10C4F800C4302A23C4F83C31A1E7FF238BF800306D
:10C508000023CAF8003023600A9B3BB10B98012135
:10C5180098470120B9F1000FBCD1BAE70120B9F161
:10C52800000FB7D1B5E700BF8800024014300024DF
:10C53800103000240C3000242DE9F0410D4682B063
:10C54800EFF3108772B6002948D1FF23254A264CFD
:10C55800237013682BB1002029461060234A106805
:10C56800984723781B0625D5DFF888800025204EBC
:10C57800444605E001351C3406F5D876092D19D056
:10C58800A369012B1BD0002BF4D121683046002968
:10C59800F0D06369019323690093E3682289FFF768
:10C5A80009FF0028E6D1C5EBC50508EB850348F867
:10C5B8002500586007B962B602B0BDE8F08161682D
:10C5C8000029D7D063693046019323690093E36853
:10C5D8002289FFF72DFE0028CCD1E4E702F000FD08
:10C5E800B3E700BF0C3000241030002414300024BE
:10C5F800DC2000248C010024F0B5002387B002223F
:10C6080004460493CDE90223027EC3690B2A4FEA4C
:10C61800430523D1A27E0B2A02D1002007B0F0BD2A
:10C6280048496B1C484851F82330457801781878F8
:10C63800E67E884269D0824277D0D87803F1030C2D
:10C6480081426ED0824278D0987903F1060C8842F4
:10C658006FD0824233D0012007B0F0BD394B3A4841
:10C6680053F8253001784678187894F819C0814233
:10C678003DD0824241D0D87803F1030E814240D0A8
:10C6880082424AD0987903F1060E884241D082420C
:10C69800E1D1DB796345DED1734604F118069B7856
:10C6A80030460593F7F7CEFC034630461E46F7F7AB
:10C6B800D1FC01A901903046F8F78CFEAAE7DB7996
:10C6C800B342C8D163461A349B7820460593F7F7DE
:10C6D800B9FC034620461C46F7F7BCFC034601A9F3
:10C6E80020460193F8F776FE002007B0F0BD93F8D6
:10C6F80001E0B645BFD08242BDD158786045BAD175
:10C70800CBE71F79B742BBD1BCE75F78AF4292D184
:10C7180093E7D979B142BAD19DE718796045B1D18B
:10C72800BAE71F79AF428DD18EE75878B04284D1ED
:10C73800C9E7D979A9428CD18DE71879B04283D15C
:10C74800C0E700BFA4020024A00200247E4A0368B8
:10C758009342F0B58FB000F0E380A2F54C429342CB
:10C7680000F0E08002F58062934200F0DD8002F57F
:10C778008062934200F0DA8002F58062934200F012
:10C78800D98002F54442934200F0D280A2F51C42BF
:10C79800934200F0D18002F58062934200F0CE808F
:10C7A8006A4A934240F0CC800826694D4FF4D87409
:10C7B80004FB0654A07EF7F755FC207EF7F752FCE1
:10C7C800E369082B13D8DFE803F03B495765738109
:10C7D8008F9D05005F4BD3F8F42042F00802C3F8A0
:10C7E800F420D3F8F43003F008030893089B20469C
:10C7F800FFF702FF012801D1FFBEFEE74FF4D8740E
:10C808000EAA554F0DF1240C04FB0654E36902EB04
:10C8180043050FCFACE80F003B680022ACF80030AE
:10C82800114635F9140CF7F759FDE3690EAA02EB26
:10C83800430333F9140C0FB0BDE8F040F7F78CBD93
:10C84800444BD3F8F02042F01002C3F8F020D3F89C
:10C85800F03003F010030093009BC8E73D4BD3F87A
:10C86800E82042F40032C3F8E820D3F8E83003F4B3
:10C8780000330193019BBAE7364BD3F8E82042F422
:10C888008022C3F8E820D3F8E83003F48023029329
:10C89800029BACE72F4BD3F8E82042F40022C3F800
:10C8A800E820D3F8E83003F400230393039B9EE7C2
:10C8B800284BD3F8E82042F48012C3F8E820D3F8D4
:10C8C800E83003F480130493049B90E7214BD3F8DA
:10C8D800F02042F02002C3F8F020D3F8F03003F043
:10C8E80020030593059B82E71A4BD3F8E82042F012
:10C8F8008042C3F8E820D3F8E83003F08043069379
:10C90800069B74E7134BD3F8E82042F00042C3F8C3
:10C91800E820D3F8E83003F000430793079B66E765
:10C92800002642E7012640E702263EE703263CE7C9
:10C9380005263AE7042638E7062636E7072634E7C9
:10C9480000239B7EFFDE00BF00100140000C005852
:10C95800DC200024004402584CF100082DE9F04F77
:10C9680091B0002301223A490DF1240A09938B461C
:10C9780001F11C09CAF814305446CDF800A001F1A1
:10C988003808CDF804A001F15407CDF808A001F14A
:10C998007006CDF80CA001F18C05CDF814A001F1BA
:10C9A800C40E01F1E00CCAE90133CAE903330F925E
:10C9B800FF22284B1A7001F1A803CDE906AA0493B7
:10C9C800BAE80F00ABE80F009AE807008BE8070009
:10C9D8000FCC009CA9E80F009AE8070089E8070037
:10C9E8000FCC019CA8E80F009AE8070088E8070028
:10C9F8000FCC029C0FC79AE8070087E807000FCC06
:10CA0800039C0FC69AE8070086E807000FCC0FC5FD
:10CA18009AE80700059C85E807000FCC049C0FC422
:10CA28009AE8070084E80700069C0FCCAEE80F00E0
:10CA38009AE80700079C8EE807000FCCACE80F00C7
:10CA48009AE807008CE8070011B0BDE8F08F00BF36
:10CA58008C0100241030002410B5094C04F1340076
:10CA680000F0D0FE237D1BB1636BDB69DB0600D4CD
:10CA780010BD2046FFF79AFB636B10221A6210BDA7
:10CA8800DC20002410B50B4C04F5F27000F0BAFE5F
:10CA980094F8C43123B1D4F8E431DB69DB0600D45F
:10CAA80010BD04F5D870FFF781FBD4F8E4311022EB
:10CAB8001A6210BDDC20002410B50B4C04F565701B
:10CAC80000F0A0FE94F8743323B1D4F89433DB69F2
:10CAD800DB0600D410BD04F55870FFF767FBD4F8E7
:10CAE800943310221A6210BDDC20002410B50B4CC0
:10CAF80004F2445000F086FE94F8243523B1D4F8AB
:10CB08004435DB69DB0600D410BD04F5A260FFF7ED
:10CB18004DFBD4F8443510221A6210BDDC200024E5
:10CB280010B50B4C04F2F46000F06CFE94F8D436A7
:10CB380023B1D4F8F436DB69DB0600D410BD04F564
:10CB4800D860FFF733FBD4F8F43610221A6210BD10
:10CB5800DC20002410B50B4C04F6A40000F052FEB3
:10CB680094F8843823B1D4F8A438DB69DB0600D400
:10CB780010BD04F50760FFF719FBD4F8A43810229C
:10CB88001A6210BDDC20002410B50B4C04F65420AA
:10CB980000F038FE94F8343A23B1D4F8543ADB69FB
:10CBA800DB0600D410BD04F52260FFF7FFFAD4F8C5
:10CBB800543A10221A6210BDDC20002410B50B4C28
:10CBC80004F6044000F01EFE94F8E43B23B1D4F8C8
:10CBD800043CDB69DB0600D410BD04F53D60FFF7BB
:10CBE800E5FAD4F8043C10221A6210BDDC200024B7
:10CBF80010B50B4C04F6B45000F004FE94F8943DC4
:10CC080023B1D4F8B43DDB69DB0600D410BD04F5CC
:10CC18005860FFF7CBFAD4F8B43D10221A6210BD61
:10CC2800DC20002410B5EFF3108472B6084B1A7894
:10CC3800120602D504B962B610BD1B784FF4D8723B
:10CC480004485BB202FB0300C030F8F771F8F1E763
:10CC580010300024DC20002410B5EFF3108472B6E5
:10CC6800094B1A78120602D504B962B610BD1B78B2
:10CC78004FF4D87205485BB202FB030000F59C70C4
:10CC8800F8F756F8F0E700BF10300024DC20002445
:10CC98000021FFF751BC00BF214A036893422BD003
:10CCA800A2F54C42934229D002F58062934227D0E4
:10CCB80002F58062934225D002F58062934223D028
:10CCC80002F54442934221D0A2F51C4293421FD060
:10CCD80002F5806293421DD0124A93421CD1082269
:10CCE8004FF4D871104B01FB0233197D11B118466E
:10CCF800FFF75CBAFFF720BC0022F1E70122EFE75B
:10CD08000222EDE70322EBE70422E9E70522E7E741
:10CD18000622E5E70722E3E700231B7DFFDE00BFCD
:10CD280000100140000C0058DC200024204A036851
:10CD3800934229D0A2F54C42934227D002F5806253
:10CD4800934225D002F58062934223D002F5806297
:10CD5800934221D002F5444293421FD0A2F51C42CF
:10CD680093421DD002F5806293421BD0114A934230
:10CD78001AD1082310484FF4D87202FB0300037D30
:10CD880003B97047FFF712BA0023F3E70123F1E76D
:10CD98000223EFE70323EDE70423EBE70523E9E7A5
:10CDA8000623E7E70723E5E700231B7DFFDE00BF37
:10CDB80000100140000C0058DC2000240121FFF77E
:10CDC800BBBB00BF534B0122002047F6122130B4F1
:10CDD800C3E97420C3E97721C3E9E020C3E9E3216B
:10CDE8001A62DA6258621963C3F83025C3F8340549
:10CDF800C3F83C25C3F84015C3F8E026C3F8E40699
:10CE0800C3F8EC26C3F8F016C3F89028C3F89408C2
:10CE1800C3F89C28C3F8A018C3F8402AC3F8440AEA
:10CE2800C3F84C2AC3F8501AC3F8F02BC3F8F40B14
:10CE3800C3F8FC2BC3F8001CC3F8A40D3648C3F88C
:10CE4800A02DC3F8AC2DC3F8B01D028883783349F0
:10CE58000068334CCA804FEA104C0B723149E280AB
:10CE68002372A1F80320A4F8032063714B712E4CA0
:10CE7800CA800B722D492E4DE2802372A1F803203F
:10CE8800A4F8032063714B712A4CCA800B722A499B
:10CE9800EA8008802B7281F802C0E2802372A1F830
:10CEA80003204B71CA800B722449A1F803204B71EF
:10CEB800CA800B722249A1F803204B71CA800B72F9
:10CEC8002049088081F802C0A1F803204B71CA806C
:10CED8000B721D49088081F802C0A1F803204B712C
:10CEE800CA800B721949088081F802C01848A1F855
:10CEF80003204B71CA800B721649A0F803204371B6
:10CF0800C2800372A1F803204B71CA800B7230BC37
:10CF1800704700BFDC200024A0020024280300245E
:10CF28004C03002440030024640300245803002415
:10CF380034030024100300243C3000247003002430
:10CF48001C0300241830002430300024243000242E
:10CF580094020024880200243E4B00220B20114634
:10CF680010B5D3F8D84082B044F00104C3F8D840D3
:10CF7800D3F8D84004F001040094009CD3F8D840BA
:10CF880044F00204C3F8D840D3F8D83003F00203C1
:10CF98000193019BF7F7A2F90B20F7F7DDF90022BF
:10CFA8000C201146F7F79AF90C20F7F7D5F900226B
:10CFB8000D201146F7F792F90D20F7F7CDF9002269
:10CFC8000E201146F7F78AF90E20F7F7C5F9002267
:10CFD8000F201146F7F782F90F20F7F7BDF9002265
:10CFE80010201146F7F77AF91020F7F7B5F9002263
:10CFF8003C201146F7F772F93C20F7F7ADF900220B
:10D0080011201146F7F76AF91120F7F7A5F9002260
:10D0180038201146F7F762F93820F7F79DF9002212
:10D0280039201146F7F75AF93920F7F795F9002210
:10D038003A201146F7F752F93A20F7F78DF900220E
:10D048003B201146F7F74AF93B2002B0BDE81040F3
:10D05800F7F782B90044025820F01F002031BFF3CF
:10D068004F8F002907DD064A0144C2F85C022030D0
:10D078000B1A002BF9DCBFF34F8FBFF36F8F70478C
:10D0880000ED00E0034688B190F83D20022A03D065
:10D09800802201209A66704702680421002083F8E4
:10D0A8003D10D36823F00103D36070470120704717
:10D0B800002800F08F8038B590F83D30044603F022
:10D0C800FF02002B60D0226802234349B2F1804F4F
:10D0D80084F83D30A2EB01011368B1FA81F14FEAFF
:10D0E800511127D031BB3D483D4D824251D000F50A
:10D0F800806082424DD0551B00F58060B5FA85F5F9
:10D1080082424FEA55154DD0002D4BD1354836494E
:10D118008A4218BF82424FD001F580618A424BD0C3
:10D12800A06923F08003E168034313606368D16258
:10D13800936223E02A4D23F07003A068551B034334
:10D14800B5FA85F56D09206923F440730343A06996
:10D1580023F0800303431360E368D3626368936238
:10D1680051B94DB91F49204B9A4218BF8A4203D082
:10D1780003F580639A4201D1636913630123002098
:10D18800536184F83D3038BD80F83C20FEF74EFEF0
:10D1980099E7551B23F07003A068B5FA85F503439A
:10D1A8006D09D0E7A06823F0700303430F4882425B
:10D1B800C9D0002DC7D1A9E7206923F44073A1691C
:10D1C8000343E06823F080030B4361681360D06277
:10D1D8009162C7E701207047000001400004004049
:10D1E800000401400040014000440140000C0040A0
:10D1F8004FF0020C01680A4A034680F83DC088686F
:10D208000240062A06D0B2F5803F03D00A6842F0F1
:10D2180001020A600122002083F83D20704700BF08
:10D22800070001000368094AD96841F00101D96083
:10D2380099680A40062A06D0B2F5803F03D01A68DA
:10D2480042F001021A600020704700BF0700010089
:10D2580090F83C30012B7DD002460223006830B4A0
:10D26800012482F83D3082F83C40544C83681C40CD
:10D278000B68602B84606FD01DD9B3F5005F59D05F
:10D2880042D94F498B4206D038D94E498B4202D0F9
:10D2980010318B4206D184684B4921400B4343F03F
:10D2A8000703836000230121184682F83D1082F8A5
:10D2B8003C3030BC7047402B67D019D9502BF1D186
:10D2C800036A4C68CD6823F00A03016A1C433E4B8D
:10D2D80021F001010162816921F0F00141EA0511A3
:10D2E8008161046281680B4043F057038360D9E78A
:10D2F800202BD0D01AD9302BD4D1CCE723F0100171
:10D30800B1F5801FCED1C6E7702BCBD18468D1E9A7
:10D3180001532B43CD6824F47F4143EA05230B4393
:10D328008360836843F077038360BBE733F01001C1
:10D33800B8D1B0E7D1E9015384682B43CD6824F410
:10D348007F4143EA05230B438360836843F48043AA
:10D358008360A7E702207047046A4D6824F0100430
:10D36800C9680462836923F4704343EA0133016A9C
:10D3780021F0A0018361144B41EA05110162816823
:10D388000B4043F0670383608CE7036A4C68CD6801
:10D3980023F00A03016A1C430B4B21F001010162CF
:10D3A800816921F0F00141EA051181610462816817
:10D3B8000B4043F04703836074E700BF8800CEFF4B
:10D3C80020001000300010008FFFCFFF704700BF13
:10D3D800704700BF704700BF704700BF03681A69F5
:10D3E800910710B5044602D5DA68920768D41A691D
:10D3F800520702D5DA6850074FD41A69110702D5C7
:10D40800DA68120737D41A69D00602D5DA68D10665
:10D418001ED41A69D20702D5DA68D00769D41A6906
:10D42800110602D5DA6812066BD41A69D00502D53E
:10D43800DA6811066DD41A69520602D5DA68500600
:10D448006FD41A69910602D5DA68920649D410BDDC
:10D458006FF010010822204619612277DB6913F466
:10D46800407F6FD1FFF7B2FF2046FFF7B3FF0022DE
:10D4780023682277CDE76FF008010422204619615E
:10D488002277DB699B075AD1FFF7A0FF2046FFF7F9
:10D49800A1FF002223682277B5E76FF0040102227A
:10D4A8002046196122779B6913F4407F44D1FFF726
:10D4B8008DFF2046FFF78EFF0022236822779CE726
:10D4C8006FF002010122196102779B69990730D137
:10D4D800FFF77CFF2046FFF77DFF002223682277B5
:10D4E80085E76FF0200220461A61BDE8104000F081
:10D4F8005FB86FF0010220461A61FEF787FD2368C6
:10D508008DE76FF0800220461A6100F053F8236817
:10D518008BE76FF4807220461A6100F04DF823689B
:10D5280089E76FF0400220461A61FFF755FF23682C
:10D5380087E7FFF74DFFD0E7FFF74AFFBCE7FFF7A4
:10D5480047FFA6E7FFF744FF91E700BF90F83C20AC
:10D55800012A28D003460068022230B4134D83F80C
:10D568003D20A8424268846818D005F58065A84225
:10D5780014D024F0800C22F070020C6889682243D1
:10D5880000244CEA01014FF0010C42608160204602
:10D5980083F83DC083F83C4030BC704722F47002E9
:10D5A8004D682A43E5E70220704700BF00000140AC
:10D5B800704700BF704700BF704700BFF8B5D0F88C
:10D5C8008070202F44D1002940D0B2FA82F6760923
:10D5D800002A3BD0044690F87C00012838D0012569
:10D5E8002123606FA4F856202165C4F88860A4F848
:10D5F800542084F87C50C4F88030D8B1DFF854C087
:10D6080013462268C0F83CC0DFF84CC028320665D3
:10D61800C0F840C0DFF844C0C0F84CC0F7F7CEF9F6
:10D6280040B11023284684F87C60C4F88830C4F8D8
:10D638008070F8BD2368002240211046196284F8E2
:10D648007C209A6842F080029A60F8BD0120F8BDFB
:10D658000220F8BD15D7000845D7000895D700085F
:10D66800F8B5D0F88470202F48D1002944D0B2FAF8
:10D6780082F67609002A3FD090F87C300446012BC8
:10D688003CD001252223C0F888608165A0F85C2081
:10D6980080F87C50C0F88430806FE0B1DFF860C05B
:10D6A80013460A462168C0F83CC0DFF858C0243148
:10D6B8000665C0F840C0DFF850C0C0F84CC0F7F7A6
:10D6C8007DF940B11023284684F87C60C4F888307E
:10D6D800C4F88070F8BD2368002084F87C001A68BC
:10D6E80042F480721A609A6842F001029A609A685D
:10D6F80042F040029A60F8BD0120F8BD0220F8BD52
:10D7080051D7000889D7000895D7000808B5C3691C
:10D71800806BB3F5807F0CD003680022A0F85620F8
:10D728009A6822F080029A601A6842F040021A60F1
:10D7380008BDFFF7ADFA08BD704700BF806B08B59C
:10D74800FFF7FAFF08BD00BF08B5C369806BB3F5E2
:10D75800807F12D0036800222021A0F85E201A687A
:10D7680022F480721A609A6822F001029A609A681C
:10D7780022F040029A60C0F88410FFF78DFA08BDC5
:10D78800806B08B5FFF7D2FA08BD00BF806B38B5CB
:10D798000368D0F88040D0F884109A68150601D53F
:10D7A800212C1DD09A68520601D5222908D0D0F81C
:10D7B800883043F01003C0F88830FFF7FFFA38BD0F
:10D7C80000240F4A2025A0F85E40196821F49071C2
:10D7D800196099680A409A60C0F88450C466E6E700
:10D7E80000222024A0F856201A6822F0C0021A60ED
:10D7F8009A6822F400029A60C0F88040D2E700BF1D
:10D80800FEFFFFEF0268D36970B51E07156804466E
:10D81800916800F084806C4805F4907C08405CEACC
:10D8280000061DD1D80202D54E0200F19D801806CF
:10D8380006D501F4000105F08000014340F08C801A
:10D848005E0602D5680600F19B80190202D56A00BF
:10D8580000F1A380DB0102D5002DC0F2AA8070BDC3
:10D86800DE0709D5EE0507D501261662D4F88860CB
:10D8780046F00106C4F888609E0760D5CE0709D532
:10D8880002261662D4F8886046F00406C4F8886058
:10D898005E0758D41E070CD505F0200C5CEA000082
:10D8A80007D008201062D4F8880040F00800C4F8B7
:10D8B8008800D4F888000028D1D09E0606D505F047
:10D8C800200501F0805155EA01036BD1D4F8885046
:10D8D800936805F0080503F040031D436ED01168F6
:10D8E80020203A4B21F49071116091680B4000217F
:10D8F8009360C4F884009368E1665D063CD593683C
:10D90800A06F23F040039360002835D0304B0365A7
:10D91800F7F774F90028A2D0A06F036D0CE09E06FB
:10D9280080D505F0200C01F0805E5CEA0E063FF41D
:10D9380079AFC36E002B92D0BDE8704018475E07E0
:10D94800A8D5CE07A6D504261662D4F8886046F076
:10D958000206C4F888609DE7236F002B3FF47FAF71
:10D968002046BDE8704018474FF4801320461362E4
:10D97800BDE8704001F068BB2046FFF71FFA70BD94
:10D9880013682020002123F040031360C4F88000AE
:10D9980020462167FFF77CF970BD2046BDE870403E
:10D9A80001F056BBE36E002B90D0204698472268C2
:10D9B8008CE72046BDE8704001F048BB2046FFF7E1
:10D9C800FDF9C4F8885070BD01000010FEFFFFEF9C
:10D9D800DDD9000808B5806B0023A0F85E30A0F8F8
:10D9E8005630FFF7EBF908BDD0F88020D0F8840056
:10D9F80010437047F0B58268044687B02368D0E9C1
:10DA080004101D680A43616E0243E06902430A4339
:10DA1800A8492940A84D0A43E168AB421A605A68F0
:10DA280022F4405242EA0102A1695A6000F09D8046
:10DA3800226A9D681143A14A666A2A401143996087
:10DA4800DA6A22F00F023243DA629D4A934224D006
:10DA58009C4A934255D09C4A934200F02F829B4A9D
:10DA6800934200F09B829A4A934200F0E980994AD7
:10DA7800934200F09D82984A934200F0D885974AD5
:10DA8800934200F0D682012500234FF00112284668
:10DA98002367C4E91A2307B0F0BD914B5B6D03F00F
:10DAA8003803282BEFD88F4AD55CB0F5004F33D018
:10DAB800202D00F2D981202D00F2B680DFE815F084
:10DAC800A8017B01B400B4007201B400B400B40032
:10DAD8004901B400B400B400B400B400B400B40008
:10DAE8001C01B400B400B400B400B400B400B40025
:10DAF800B400B400B400B400B400B400B400B4007E
:10DB0800CA00774B5B6D03F00703052BBBD8764A39
:10DB1800B0F5004FD55CCBD1202D00F21482202D1A
:10DB280000F20082DFE815F08A035804FE01FE01C6
:10DB38002804FE01FE01FE018604FE01FE01FE012D
:10DB4800FE01FE01FE01FE01F203FE01FE01FE01DF
:10DB5800FE01FE01FE01FE01FE01FE01FE01FE01C5
:10DB6800FE01FE01FE01FE01B7039868534A024018
:10DB78005B480A439A60DA6A616A22F00F020A4334
:10DB8800DA62836D03F00703052B3FF67CAF574A33
:10DB9800D65C202E00F29C81012E7FF674AFB31E56
:10DBA8001E2B3FF670AF01A252F823F06BE100087C
:10DBB8008FDA000815E100088FDA00088FDA00080C
:10DBC8008FDA0008DFE100088FDA00088FDA000832
:10DBD8008FDA00088FDA00088FDA00088FDA000879
:10DBE8008FDA00087FE100088FDA00088FDA000872
:10DBF8008FDA00088FDA00088FDA00088FDA000859
:10DC08008FDA00088FDA00088FDA00088FDA000848
:10DC18008FDA00088FDA00088FDA00088FDA000838
:10DC28008FDA0008F5E1000801250023A3F11001AF
:10DC38004FF6EF7291423FF626AF2268D36023E792
:10DC4800274B5B6D03F00703052B3FF61CAF284AF3
:10DC5800D55C2AE7002E00F0B581012E00F09E85E4
:10DC6800022E00F0B185032E00F0D885042E00F0B6
:10DC7800F485052E00F08486062E00F0BE86072E59
:10DC880000F0FD86082E00F05087092E00F07B87F3
:10DC98000A2E00F0DC8743F60953164A0B2E18BFEC
:10DCA80013466268002503EB5203B3FBF2F39BB201
:10DCB800BCE700BFF369FFCF000C0058FFF4FF1169
:10DCC800001001400044004000480040004C004063
:10DCD800005000400014014000780040007C0040E3
:10DCE80000440258A0F20008CCF20008D4F2000860
:10DCF800CCF2000800093D00B34B1A68920640F1C7
:10DD08006F811A68B14BC2F3C102D340002EC8D04C
:10DD1800012E00F0EF81022E00F0C584032E00F0E2
:10DD2800BF84042E00F02B85052E00F09D86062E5C
:10DD380000F0DC86072E00F01C86082E00F04E86C8
:10DD4800092E00F08E860A2E00F0E3860B2EA8D14D
:10DD580026E003A8FBF73CF9626A049B002AA0D0DE
:10DD6800012A00F0C781022A00F09D84032A00F0EE
:10DD78009784042A00F00385052A00F0FD84062A0A
:10DD880000F07E85072A00F0F485082A00F0268630
:10DD9800092A00F066860A2A00F0BB860B2A80D181
:10DDA8001B0A7EE76846FBF755F8626A019B002A62
:10DDB8003FF477AFD4E7FAF7EDF9636A03B3012BC1
:10DDC80000F0F384022B00F0CE84032B00F0C8840B
:10DDD800042B00F01785052B00F01185062B00F0A9
:10DDE8000686072B00F04886082B00F09B86092B37
:10DDF80000F0E1860A2B00F03B870B2B08BF000AD6
:10DE08006268002500EB5203B3FBF2F39BB20DE707
:10DE1800FAF7A4F9636A03B3012B00F0C984022B53
:10DE280000F0A784032B00F0A184042B00F0E48405
:10DE3800052B00F0DE84062B00F0E685072B00F0AA
:10DE48003686082B00F08786092B00F0B1860A2B4E
:10DE580000F0FA860B2B08BF000A626800EB520339
:10DE6800B3FBF2F39BB2E1E6402D7FF40CAE002E3B
:10DE780000F0DC80012E00F09484022E00F0A784CC
:10DE8800032E00F0C784042E00F0EC84052E00F069
:10DE98007A85062E00F0B485072E00F0FE85082E40
:10DEA80000F04986092E00F08B860A2E00F029879B
:10DEB8000B2E0CBF80234FF40043F2E6424B5B6D00
:10DEC80003F00703052B3FF6DEAD414AD55CECE5D0
:10DED800402E7FF4D8AD002900F0B580012900F06C
:10DEE8006E84022900F08284032900F0AF8404299B
:10DEF80000F03B85052900F06985062900F0AD850D
:10DF0800072900F0EF85082900F03686092900F076
:10DF18005B860A2900F0F9860B290CBF80254FF48F
:10DF2800004592E001250023A3F110014FF6EF729E
:10DF380091423FF6A8AD23F00F02C3F34203134307
:10DF48002268D360A0E5402D7FF49DAD002E00F03F
:10DF5800D380012E00F0D280022E00F06D84032EB3
:10DF680000F0F484042E00F02585052E00F0688565
:10DF7800062E00F0C285072E00F01086082E00F04D
:10DF88004886092E00F059860A2E00F0EC860B2EE2
:10DF98000CBF4FF480704FF48030AFE00A4B5B6DDC
:10DFA80003F00703052B3FF66EAD0A4AD55C7CE506
:10DFB800054B5B6D03F03803282B3FF664AD064A2A
:10DFC800D55C72E5054B6CE6004402580090D0031E
:10DFD800CCF20008CCF20008A0F2000800093D00CD
:10DFE800002E00F0BA83012E00F0FD83022E00F00F
:10DFF8002A84032E00F0B684042E00F0E484052E53
:10E0080000F02885062E00F08785072EDAD0082E26
:10E0180000F0C483092E00F0D7830A2E00F01D8477
:10E02800B44BB54A0B2E18BF13463AE64FF40043DB
:10E0380037E6B24B5B6D03F00703052B3FF623ADC4
:10E04800AF4AD55C31E54FF40045676807EB4703F5
:10E05800AB423FF618ADB5EB073F3FF614AD202EA7
:10E0680000F2F082012E7FF60EAD023E1E2E3FF624
:10E078000AAD01A353F826F0BDE500088FDA0008C1
:10E0880093E500088FDA00088FDA00088FDA0008B5
:10E0980031E500088FDA00088FDA00088FDA000807
:10E0A8008FDA00088FDA00088FDA00088FDA0008A4
:10E0B800C5E400088FDA00088FDA00088FDA000854
:10E0C8008FDA00088FDA00088FDA00088FDA000884
:10E0D8008FDA00088FDA00088FDA00088FDA000874
:10E0E8008FDA00088FDA00088FDA00088FDA000864
:10E0F8004DE400085B08D4E54FF4803062680025E1
:10E1080000EB5203B3FBF2F39BB20DE76846FAF754
:10E11800A1FE636A019D03B3012B00F0CF82022B9D
:10E1280000F0C782032B00F0C182042B00F02F837C
:10E13800052B00F02983062B00F09883072B00F0AD
:10E148002684082B00F04D84092B00F09B840A2BB1
:10E1580000F0FB840B2B00F06582002D3FF494AC9B
:10E1680073E7FAF765FE636A0546002BD4D1002DE4
:10E178003FF48AAC69E7614B1A68950640F1A582BD
:10E188001B685D4DC3F3C103DD4000293FF45DAF5B
:10E19800012900F04D83022900F04683032900F08D
:10E1A8004083042900F04584052900F0838406296A
:10E1B80000F0D484072900F02085082900F04F8555
:10E1C800092900F0F9850A2900F0FD850B297FF45B
:10E1D8003CAF2D0A39E703A8FAF7FAFE636A049DF3
:10E1E800002B99D1002D3FF44FAC2EE7002900F009
:10E1F8006A82012900F0DF82022900F0F2820329F5
:10E2080000F02883042900F0AA83052900F0D883A8
:10E21800062900F02E84072900F06184082900F0FF
:10E22800AF84092900F0EF840A2900F0148543F629
:10E238000955344B0B2918BF1D4606E7F9F78EFF21
:10E24800636A03B3012B00F0CA82022B00F0F78245
:10E25800032B00F07F83042B00F0B083052B00F024
:10E26800EB83062B00F05084072B00F09E84082BCC
:10E2780000F0B984092B00F0E4840A2B00F07085C3
:10E288000B2B08BF000A61684A0802EB4003B3FB86
:10E29800F1F39BB248E6002E00F03A82012E00F01E
:10E2A8009A82022E00F0C682032E00F04D83042EBF
:10E2B80000F07E83052E00F0BA83062E00F021843C
:10E2C800072E00F06F84082E00F08284092E00F0DB
:10E2D800CC840A2E00F06C8547F612230A4A0B2ECE
:10E2E80018BF13466268002503EB5203B3FBF2F331
:10E2F8009BB219E690D003000090D0030044025866
:10E30800CCF2000800093D0000127A00A44B1A68FC
:10E31800910640F1FF811A68A24BC2F3C10223FAA9
:10E3280002F206B3012E00F0B182022E00F037830C
:10E33800032E00F06F83042E00F0C683052E00F034
:10E348000084062E00F06F84072E00F07184082EDA
:10E3580000F00385092E00F03C850A2E00F0368572
:10E368000B2E08BF120A616800254B0803EB420315
:10E37800B3FBF1F39BB2D7E56846FAF76BFD626A27
:10E38800019902B3012A00F00782022A00F01A82DA
:10E39800032A00F03A82042A00F06282052A00F07B
:10E3A800EB82062A00F01683072A00F07483082AF5
:10E3B80000F0A183092A00F001840A2A00F05B8496
:10E3C8000B2A08BF090A62680025530803EB4103BA
:10E3D800B3FBF2F39BB2A7E5F9F7DCFE636A03B37C
:10E3E800012B00F0FA81022B00F02B82032B00F0A6
:10E3F8008382042B00F0DA82052B00F02583062B9C
:10E4080000F06983072B00F0C283082B00F0EE832D
:10E41800092B00F07E840A2B00F08D840B2B08BF9B
:10E42800000A616800254A0802EB4003B3FBF1F3D8
:10E438009BB279E503A8FAF7CBFD626A0499002A32
:10E44800C1D09FE7616A002900F05482012900F0D9
:10E458001F83022900F08B83032900F0BF8304295E
:10E4680000F00084052900F0AA84062900F08E84B3
:10E47800072900F08784082900F0E584092900F0BD
:10E48800DE840A2900F0A8844748484B0B2918BFA6
:10E49800184600217B083A4618184FF0000341F14E
:10E4A8000001F1F715FFA0F54073414A93423FF68A
:10E4B800EAAA23680025D860FFF7E6BA384A116847
:10E4C80011F0200100F0E781136800213548C3F3FB
:10E4D800C103D840636A0BB3012B00F04B83022BB6
:10E4E80000F07F83032B00F00584042B00F05D848B
:10E4F800052B00F02C84062B00F0A984072B00F0D4
:10E50800B484082B00F0AD84092B00F094840A2B06
:10E5180000F08D840B2B01D1000A002109020302AF
:10E5280041EA10617808B6E703A8FAF751FD0498A4
:10E53800636A002102460BB3012B00F03582022BDF
:10E5480000F08682032B00F0C182042B00F02183A7
:10E55800052B00F04D83062B00F09083072B00F06D
:10E568002184082B00F00B84092B00F004840A2B6B
:10E5780000F052840B2B01D1100A002162680902B5
:10E58800030241EA1061500886E76846FAF762FC20
:10E598000198636A00210246002BEFD0CCE700BF48
:10E5A800004402580090D00300093D000000093DD6
:10E5B800FFFC0F00FAF73CFC626A002103460AB32D
:10E5C800012A00F06E82022A00F0B982032A00F0C4
:10E5D8002483042A00F09383052A00F0A683062AE0
:10E5E80000F0DA83072A00F0D583082A00F01C849B
:10E5F800092A00F015840A2A00F02F840B2A01D179
:10E60800030A002162680902180241EA13615308EB
:10E61800C0184FF0000341F10001F1F759FEA0F5D1
:10E62800407342E72D0A002D3FF42EAA0DE5B54BA5
:10E638005B6D03F00703052B3FF625AAB24AD55CAC
:10E64800FFF733BA402E7FF41EAA616A002900F052
:10E658004E81012900F02782022900F084820329D3
:10E6680000F0CE82042900F05783052900F0598371
:10E67800062900F06883072900F06083082900F064
:10E68800B783092900F0AF830A2900F0C0830B295A
:10E698004FF000010CBF4FF400404FF40000F9E6C2
:10E6A8009A4AA2FB03239B08FFF7FBBA974BA3FBED
:10E6B8000535AD08002D3FF4E7A9C6E46D08002D27
:10E6C8003FF4E2A9C1E4924DBFE400295AD00129E0
:10E6D80000F0AC80022900F0DB80032900F06181A2
:10E6E800042900F0A181052900F0EB81062900F03A
:10E6F80016820729E7D008295DD0092971D00A298F
:10E7080000F02D81834D844B0B2918BF1D469CE4D6
:10E71800824BE7E5002E50D0012E00F0AF80022E8C
:10E7280000F03B81032E00F07A81042E00F0C781AF
:10E73800052E00F0FD81062E00F04D82072EE7D051
:10E74800082E48D0092E75D00A2E00F03181744B5E
:10E75800744A0B2E18BF1346C4E56F4BFFF7A1BAD6
:10E768006A4BA3FB00308008FFF74ABB674BA3FB4B
:10E7780000308008FFF771BB6B4AA2FB0323DB085C
:10E78800FFF78FBA644D60E4674BA3FB0535ED08CE
:10E79800002D3FF479A958E4490814E6634BFFF7C4
:10E7A80080BA4FF48043FFF77CBA4008FFF728BBD4
:10E7B8004008FFF752BB5D4D47E45A4B92E54FF4D2
:10E7C800804542E48908FEE5594BFFF76ABA4FF4E1
:10E7D8000053FFF766BA4E4B84E5400821E640082F
:10E7E80051E5534D31E4534BFFF75BBA4FF40055F5
:10E7F8002BE44D4BA3FB0030C008FFF72EBB4A4B60
:10E80800A3FB0030C008FFF7FBBA404BA3FB012372
:10E818009908D8E541F25553FFF743BA464BFFF73D
:10E8280040BA3A4BA3FB0535AD080EE4414D0CE464
:10E838006D080AE43D4B55E54FF480405EE48008DE
:10E8480021E58008EDE53D4BFFF72BBA41F2555520
:10E85800FFF7FBBB384DFFF7F8BB314BFFF721BA89
:10E86800C908B0E54FF48053FFF71BBA0C23B5FB7A
:10E87800F3F5002D3FF408A9FFF7E7BB264B31E578
:10E88800224AA2FB0323DB08FFF70BBA52086AE50A
:10E898002A4DFFF7DABB626A002A00F0C280012A1B
:10E8A80000F07981022A00F0B281032A00F0C381C6
:10E8B800042A00F05E82052A00F05982062A00F038
:10E8C8009E82072A00F09982082A00F09D82092A70
:10E8D80000F097820A2A00F083820B2A184A0E4B0E
:10E8E8000EBF00210321134678083A4690E64FF4FC
:10E8F8000000CFE51348CDE5044BA3FB002398089F
:10E908008FE500BF00440258CCF20008ABAAAAAABF
:10E9180000093D0090D003000090D00300127A0057
:10E9280020A107000020A107CDCCCCCC80841E00FC
:10E9380040420F000048E8012A2C0A000024F40095
:10E94800000090D00000093DCF4BCBE442F6AA204E
:10E95800FFF7D4BBCD4BA3FB0023980893E4CC4D21
:10E96800FFF773BBCB4BFFF79CB94FF48055FFF70C
:10E978006CBB1B09FFF795B90A23B1FBF3F122E53C
:10E98800C54BFFF78EB940F6CC43FFF78AB92D097E
:10E99800002D3FF479A8FFF758BBC04BA2E49208BA
:10E9A800E1E4BC4DFFF751BB4008E7E5C00838E596
:10E9B800BB4B97E44FF40050FFF7A0BBC00862E4DC
:10E9C800B54DFFF742BBB74BFFF76BB940F6CC45E7
:10E9D800FFF73BBB0C23B1FBF3F1F4E45B09FFF752
:10E9E80060B96D09002D3FF44FA8FFF72EBBA74B68
:10E9F800A3FB0030C008FFF703BAAB4BFFF751B9D0
:10EA080040F6AA23FFF74DB9A04BA3FB0030C0087E
:10EA1800FFF723BA9D4BA3FB02239A08A3E4A34B59
:10EA280060E4A34B03215FE79E4DFFF70EBBA14BAC
:10EA380058E4ED08FFF709BB0A23B0FBF3F022E422
:10EA480041F69810FFF75ABB0A23B0FBF3F0E8E44D
:10EA5800800893E5984BFFF724B940F6AA25FFF7FD
:10EA6800F4BA9B09FFF71DB90A22B3FBF2F3FFF7CB
:10EA780018B98D4DFFF7E9BA0009FFF7C1B98F4BF7
:10EA8800FFF70FB9AD09002D3EF4FEAFFFF7DDBA71
:10EA98008B480021FEE4090995E44FF40063FFF771
:10EAA80000B94308AEE54FF480000021F2E4000904
:10EAB800FFF7D3B90A23B5FBF3F5FFF7C6BA814BC5
:10EAC80010E47D4DFFF7C1BAD2084CE406220023BA
:10EAD800F1F7FEFB52E50C23B0FBF3F0A1E4774D10
:10EAE800FFF7B3BA4FF40065FFF7AFBA0C22B3FBD8
:10EAF800F2F3FFF7D6B8490965E441F25450FFF73D
:10EB0800FDBA714BFFF7EEBB0C23B0FBF3F0FFF738
:10EB1800BABBDB09FFF7C5B86C4BFFF7C2B86B4D42
:10EB2800FFF793BA4009FFF76BB9694BFFF7B9B81C
:10EB3800684BFFF7D7BB4FF48063FFF7B2B8830881
:10EB480060E50A23B2FBF3F20DE4ED09002D3EF473
:10EB58009BAFFFF77ABA4009FFF77FB90C23B5FBE3
:10EB6800F3F5FFF772BA4FF40010002192E45A4807
:10EB780000218FE44008D1E44FF48065FFF765BABF
:10EB8800534DFFF762BA4FF22443FFF78AB80009E2
:10EB980047E4C008F2E4514B1146A5E64FF4805013
:10EBA800FFF7ACBA3A4BFFF79DBB0009FFF76BBB09
:10EBB8008009FFF752B98009FFF722B9890902E4F1
:10EBC8004FF40073FFF76DB84FF40075FFF73DBAC7
:10EBD8003A4BFFF787BB2F4BFFF784BB4048002118
:10EBE80058E480089AE44009FFF74DBB400918E44F
:10EBF8000A220023F1F76CFBC0E42D09FFF725BAC0
:10EC08003848002146E44FF22445FFF71EBA364B38
:10EC18006AE64FF40060FFF771BA00230622F1F7A5
:10EC280057FB0346EEE40C23B2FBF3F2FFF79BBB62
:10EC38001209FFF798BB2D4B56E64FF48060FFF79B
:10EC48005DBA8009FFF71FBBC009FFF706B947F691
:10EC58001223FFF726B847F61225FFF7F6B96D0914
:10EC6800FFF7F3B92248002114E4194BFFF73ABB28
:10EC7800C009FFF7C5B8C909FFF7A5BB0C220023D7
:10EC8800F1F726FB7AE400BF54581400ABAAAAAAED
:10EC980020A10700AAC2A200801A06000048E801C5
:10ECA80040420F0000127A001516050054854501F0
:10ECB800000090D000350C0000A8610090D003003F
:10ECC8000080841E0024F4002A2C0A00556151009B
:10ECD80048E801000050C3000040420F000048E827
:10ECE800002A2C0A00551500000024F400AAC2A22C
:10ECF8000020A10706220023F1F7EAFA0EE4C30870
:10ED080080E44FF48073FEF7CCBF4FF48075FFF7B3
:10ED18009CB98009FFF785BB4FF480100021FFF7ED
:10ED2800B9BB53480021FFF7B5BB00230A22F1F70E
:10ED3800CFFA034666E4C009FFF773BB4FF400201F
:10ED48000021FFF7A7BB4B480021FFF7A3BB0A220E
:10ED58000023F1F7BDFAFFF7E1BB5209FFF703BB48
:10ED6800C009FFF790BA4FF40070FFF7C7B9424BDC
:10ED7800BAE5424BB8E590090021FFF7FFBB40090F
:10ED8800FFF7FCBB3E480021FFF784BB3D4800214C
:10ED9800FFF780BB030935E400230C22F1F798FA4A
:10EDA80003462FE40009FFF7E9BBC008FFF7B6BB2D
:10EDB8004FF22443FFF796BAAD09FFF746B9324838
:10EDC8000021FFF767BBED09FFF73FB9D209FFF74D
:10EDD800CABA9209FFF7C7BA2C480021FFF75ABBF5
:10EDE8002B4B002180E54FF400300021FFF752BB88
:10EDF8004FF480200021FFF74DBB264B74E5264BCE
:10EE080072E5264B00216FE5254B00216CE54FF498
:10EE180080300021FFF73EBBD0090021FFF7AEBBD1
:10EE280083090021FFF7EEBB4309FFF7EBBBC009DD
:10EE38000021FFF773BB80090021FFF76FBB19485A
:10EE48000021FFF727BB18480021FFF723BB0C223E
:10EE58000023F1F73DFAFFF761BBC3090021FFF773
:10EE6800D1BB40090021FFF759BB0009FFF756BB8A
:10EE780000CC0C0000AA0A000000A8610000127A69
:10EE88000090D0030015160500801A0600127A00BB
:10EE98000020A1070000093D005561510040420FC4
:10EEA8000080841E0024F4000048E801836ADA0721
:10EEB80010B406D50168C46A4A6822F400322243B5
:10EEC8004A609C0706D50168046B4A6822F48032C0
:10EED80022434A60590706D50168446B4A6822F400
:10EEE800802222434A601A0706D50168846B4A6863
:10EEF80022F4004222434A60DC0606D50168C46B4E
:10EF08008A6822F4805222438A60990606D50168ED
:10EF1800046C8A6822F4005222438A605A060AD591
:10EF28000168446C4A68B4F5801F22F4801242EAF2
:10EF380004024A600BD01B0606D50268C16C5368F0
:10EF480023F400230B4353605DF8044B70474A6871
:10EF5800846C22F4C00222434A60ECE7002370B5B7
:10EF68000446C0F88830F5F789F9054623681A6819
:10EF780011070CD41A68520725D420220023C4F89C
:10EF880080201846C4F8842084F87C3070BDDE697F
:10EF980016F40016EED1F5F771F9431BB3F1007FB3
:10EFA8002368F4D31A682021032022F4D0721A604F
:10EFB8009A6822F001029A60C4F8801084F87C6094
:10EFC800C4F8841070BDDE6916F48006D5D1F5F753
:10EFD80055F9431BB3F1007F2368F4D3E2E700BF80
:10EFE80080B3D0F8803010B5044633B322682423A8
:10EFF8002046C4F88030136823F001031360FEF73D
:10F00800F9FC012817D0A36A8BB9236820465A68EF
:10F0180022F490425A609A6822F02A029A601A688A
:10F0280042F00102BDE810401A60FFF797BF204682
:10F03800FFF73CFFE9E7012010BD80F87C30FDF7C1
:10F0480085FBD3E701207047704700BF704700BFBA
:10F05800704700BF0B460146184600F001B8000093
:10F0680010B5054C13462CB10A4601460220AFF3F1
:10F07800008010BD2046FCE70000000070B50D4D73
:10F088000D4C641BA4100026A64209D10B4D0C4C54
:10F0980000F020F9641BA4100026A64205D170BD1B
:10F0A80055F8043B98470136EEE755F8043B984776
:10F0B8000136F2E7FCF20008FCF20008FCF2000856
:10F0C80020F300080A44914200F1FF3300D1704751
:10F0D80010B511F8014B03F8014F9142F9D110BD59
:10F0E80002440346934200D1704703F8011BF9E735
:10F0F800060B0000010400000105000001080000E3
:10F1080001090000392C00340200000000C1300061
:10F1180085007800000E1403110731C148080F0C50
:10F1280031360F000054004000580040005C004099
:10F13800001C005800000040000400400008004087
:10F14800000C004025002600270034003500470049
:10F15800520053008E00000003020000020C000061
:10F16800060A000001060000088227000F312B0C58
:10F178000E084EF1370710030E09000000020300C5
:10F188000000000001000000000000000000FA4537
:10F1980000007A460000FA4600803B470080BB47E3
:10F1A8000030014000380040003C0040003401407D
:10F1B8000050014000140058000000040000000046
:10F1C800000000200B00FF00940000247C000024B5
:10F1D800880000244C000024B8000024A00000246B
:10F1E800AC00002458000024DC000024C4000024E3
:10F1F800D00000246400002468180024501800245B
:10F208005C180024381800248C1800247418002472
:10F21800801800244418002400010024E800002479
:10F22800F400002470000024000000000102030420
:10F238000102030406070809000201020002010294
:10F2480001000200040008001000200040008000B7
:10F2580000010002000400080010002000400080A7
:10F26800000002580004025800080258000C025816
:10F27800001002580014025800180258001C0258C6
:10F2880000200258002402580028025800000000FC
:10F29800000610160006101601808080808080808D
:10F2A800048080808080808008808080808080804A
:10F2B8001080808080808080208080808080808016
:10F2C800400000000004081020400000020408105C
:10F2D80020400000F8B500BFF8BC08BC9E46704747
:0CF2E800F8B500BFF8BC08BC9E4670479B
:08F2F4001410FF7F010000006F
:10F2FC00BD02000889070008A1160008F11E0008CD
:10F30C001D250008FD360008BD3D00087DC1000824
:04F31C00CDCD00084B
:04F320009902000846
:10F3240000000000100000000000000000000000C9
:10F3340000000000000000000000000010000000B9
:10F3440000000000000000000000000000000000B9
:10F354000000000010000000000000000000000099
:10F36400000000000000000000000000060A050084
:10F374000405000000000000010C05010407010958
:10F38400050000000004060000000000000000006A
:10F394000004080000000000000000000104050053
:10F3A4000605060905000000010505000705000023
:10F3B40000000000060B0500050500000000000029
:10F3C400010E050202050000000000000201050113
:10F3D4000F05020305000000030305000000000000
:10F3E40000000000020B06010406000000000000FB
:10F3F400020C06010507000000000000020A0600D6
:10F4040000000000000000000104080006080000DD
:10F4140000000000010508000708000000000000CB
:10F4240000050800000000000000000000000000CB
:10F4340000000000000000000000000000000000C8
:10F4440000000000010000000000000000000000B7
:10F4540000000000000000000000000000000000A8
:10F464000100000000000000000000000000000097
:10F474000000000000000000000000000100000087
:10F484000000000000000000000000000000000078
:10F494000000000000000000010000000090D00304
:10F4A4000090D003010000001000000000000000E4
:10F4B4000000000000000000000000000000000048
:10F4C4000000000001000000000000000000000037
:10F4D4000000000000000000000000000000000028
:10F4E4000100000000000000000000000000000017
:10F4F4000000000000000000000000000100000007
:10F5040000000000000000000000000000000000F7
:10F5140000000000000000000100000000000000E6
:10F5240000000000000000000000000000000000D7
:10F5340000000000010000000000000000000000C6
:10F5440000000000000000000000000000000000B7
:10F5540001000000000000000000000000000000A6
:10F564000000000000000000000000000100000096
:10F574000000000000000000000000000000000087
:10F584000000000000000000010000000000000076
:10F594000000000000000000000000000000000067
:10F5A4000000000001000000010708000000000046
:10F5B4000000000001060800000000000000000038
:10F5C4000B00FF0034030024280300244C03002410
:10F5D400400300246403002458030024F802002498
:10F5E400EC02002410030024040300243C30002413
:10F5F400700300241C03002418300024303000243D
:10F604002430002494020024880200240108080203
:10F614000B08000108000000010908020A080000A4
:10F6240008000000010C0E03020801050E00000092
:10F63400020C0801060E00000000000001040B008B
:10F644000000000000000000010707010F04000093
:10F6540000000000010607010E0400000000000085
:10F664000003070000000000000000000002070083
:10F674000000000000000000020B07000000000072
:10F6840000000000020A0700000000000000000063
:0CF6940006090700000000000000000054
:04000005080005E109
:00000001FF
